,wave_dir_deg
2010-01-01 00:00:00,286.52393
2010-01-01 03:00:00,288.67395
2010-01-01 06:00:00,290.76672
2010-01-01 09:00:00,294.81274
2010-01-01 12:00:00,301.3291
2010-01-01 15:00:00,307.22778
2010-01-01 18:00:00,310.20447
2010-01-01 21:00:00,311.12158
2010-01-02 00:00:00,310.9884
2010-01-02 03:00:00,310.2588
2010-01-02 06:00:00,309.29077
2010-01-02 09:00:00,307.2212
2010-01-02 12:00:00,302.18213
2010-01-02 15:00:00,291.30225
2010-01-02 18:00:00,278.063
2010-01-02 21:00:00,268.3873
2010-01-03 00:00:00,255.36343
2010-01-03 03:00:00,252.46895
2010-01-03 06:00:00,250.13333
2010-01-03 09:00:00,246.4712
2010-01-03 12:00:00,248.42322
2010-01-03 15:00:00,257.0315
2010-01-03 18:00:00,260.70615
2010-01-03 21:00:00,262.2976
2010-01-04 00:00:00,261.9226
2010-01-04 03:00:00,248.16501
2010-01-04 06:00:00,250.03984
2010-01-04 09:00:00,248.45819
2010-01-04 12:00:00,246.11118
2010-01-04 15:00:00,242.61192
2010-01-04 18:00:00,249.57121
2010-01-04 21:00:00,256.0558
2010-01-05 00:00:00,258.89233
2010-01-05 03:00:00,262.37714
2010-01-05 06:00:00,265.52496
2010-01-05 09:00:00,268.4535
2010-01-05 12:00:00,272.16687
2010-01-05 15:00:00,279.18414
2010-01-05 18:00:00,285.15826
2010-01-05 21:00:00,288.7303
2010-01-06 00:00:00,288.6798
2010-01-06 03:00:00,287.53735
2010-01-06 06:00:00,286.07092
2010-01-06 09:00:00,284.12878
2010-01-06 12:00:00,271.2144
2010-01-06 15:00:00,270.4772
2010-01-06 18:00:00,272.79456
2010-01-06 21:00:00,273.5686
2010-01-07 00:00:00,274.04382
2010-01-07 03:00:00,281.38477
2010-01-07 06:00:00,323.24408
2010-01-07 09:00:00,328.46997
2010-01-07 12:00:00,325.8831
2010-01-07 15:00:00,324.44202
2010-01-07 18:00:00,325.731
2010-01-07 21:00:00,327.3221
2010-01-08 00:00:00,327.21304
2010-01-08 03:00:00,325.9624
2010-01-08 06:00:00,324.58926
2010-01-08 09:00:00,325.9612
2010-01-08 12:00:00,325.05597
2010-01-08 15:00:00,321.8518
2010-01-08 18:00:00,318.90698
2010-01-08 21:00:00,316.16003
2010-01-09 00:00:00,311.32214
2010-01-09 03:00:00,306.7981
2010-01-09 06:00:00,303.67468
2010-01-09 09:00:00,301.1537
2010-01-09 12:00:00,299.16565
2010-01-09 15:00:00,297.71167
2010-01-09 18:00:00,296.64062
2010-01-09 21:00:00,295.32666
2010-01-10 00:00:00,284.9729
2010-01-10 03:00:00,189.06389
2010-01-10 06:00:00,172.87631
2010-01-10 09:00:00,181.78146
2010-01-10 12:00:00,196.88405
2010-01-10 15:00:00,223.69696
2010-01-10 18:00:00,239.97002
2010-01-10 21:00:00,256.2895
2010-01-11 00:00:00,262.92505
2010-01-11 03:00:00,269.7588
2010-01-11 06:00:00,274.35962
2010-01-11 09:00:00,276.43945
2010-01-11 12:00:00,278.11902
2010-01-11 15:00:00,279.82104
2010-01-11 18:00:00,281.09778
2010-01-11 21:00:00,281.3994
2010-01-12 00:00:00,280.93787
2010-01-12 03:00:00,275.35388
2010-01-12 06:00:00,262.73547
2010-01-12 09:00:00,249.6856
2010-01-12 12:00:00,251.04674
2010-01-12 15:00:00,266.2036
2010-01-12 18:00:00,271.65863
2010-01-12 21:00:00,275.7044
2010-01-13 00:00:00,279.21155
2010-01-13 03:00:00,281.91962
2010-01-13 06:00:00,284.3004
2010-01-13 09:00:00,285.4018
2010-01-13 12:00:00,283.6665
2010-01-13 15:00:00,279.32263
2010-01-13 18:00:00,271.52087
2010-01-13 21:00:00,270.01758
2010-01-14 00:00:00,276.33502
2010-01-14 03:00:00,285.3779
2010-01-14 06:00:00,293.87848
2010-01-14 09:00:00,297.30713
2010-01-14 12:00:00,297.18372
2010-01-14 15:00:00,295.94006
2010-01-14 18:00:00,295.21924
2010-01-14 21:00:00,294.59766
2010-01-15 00:00:00,293.61023
2010-01-15 03:00:00,292.77002
2010-01-15 06:00:00,292.24597
2010-01-15 09:00:00,291.75024
2010-01-15 12:00:00,289.40723
2010-01-15 15:00:00,280.14868
2010-01-15 18:00:00,273.53955
2010-01-15 21:00:00,270.38477
2010-01-16 00:00:00,270.1682
2010-01-16 03:00:00,274.72253
2010-01-16 06:00:00,279.39258
2010-01-16 09:00:00,281.02612
2010-01-16 12:00:00,281.3203
2010-01-16 15:00:00,283.09338
2010-01-16 18:00:00,284.88342
2010-01-16 21:00:00,286.06323
2010-01-17 00:00:00,287.14398
2010-01-17 03:00:00,287.84143
2010-01-17 06:00:00,287.93304
2010-01-17 09:00:00,287.6286
2010-01-17 12:00:00,286.922
2010-01-17 15:00:00,286.1706
2010-01-17 18:00:00,285.55573
2010-01-17 21:00:00,284.26135
2010-01-18 00:00:00,281.30927
2010-01-18 03:00:00,283.11108
2010-01-18 06:00:00,284.89502
2010-01-18 09:00:00,284.69824
2010-01-18 12:00:00,285.90698
2010-01-18 15:00:00,285.8943
2010-01-18 18:00:00,285.6195
2010-01-18 21:00:00,285.3446
2010-01-19 00:00:00,284.75037
2010-01-19 03:00:00,283.95142
2010-01-19 06:00:00,284.47754
2010-01-19 09:00:00,285.3932
2010-01-19 12:00:00,286.0016
2010-01-19 15:00:00,287.48755
2010-01-19 18:00:00,288.66882
2010-01-19 21:00:00,289.45447
2010-01-20 00:00:00,289.5481
2010-01-20 03:00:00,289.48462
2010-01-20 06:00:00,289.90906
2010-01-20 09:00:00,291.71326
2010-01-20 12:00:00,293.64203
2010-01-20 15:00:00,294.98657
2010-01-20 18:00:00,295.8728
2010-01-20 21:00:00,296.75427
2010-01-21 00:00:00,297.46893
2010-01-21 03:00:00,297.8144
2010-01-21 06:00:00,297.90155
2010-01-21 09:00:00,297.8656
2010-01-21 12:00:00,297.82233
2010-01-21 15:00:00,297.8778
2010-01-21 18:00:00,297.96155
2010-01-21 21:00:00,298.03204
2010-01-22 00:00:00,298.0841
2010-01-22 03:00:00,298.0506
2010-01-22 06:00:00,297.94525
2010-01-22 09:00:00,297.71906
2010-01-22 12:00:00,297.20715
2010-01-22 15:00:00,296.54694
2010-01-22 18:00:00,295.79175
2010-01-22 21:00:00,294.2497
2010-01-23 00:00:00,291.82086
2010-01-23 03:00:00,287.89124
2010-01-23 06:00:00,284.7055
2010-01-23 09:00:00,284.0251
2010-01-23 12:00:00,288.12823
2010-01-23 15:00:00,301.78784
2010-01-23 18:00:00,308.3777
2010-01-23 21:00:00,310.141
2010-01-24 00:00:00,312.11053
2010-01-24 03:00:00,314.98083
2010-01-24 06:00:00,317.36163
2010-01-24 09:00:00,318.75922
2010-01-24 12:00:00,319.32977
2010-01-24 15:00:00,319.90338
2010-01-24 18:00:00,320.59595
2010-01-24 21:00:00,321.79865
2010-01-25 00:00:00,321.03955
2010-01-25 03:00:00,317.7207
2010-01-25 06:00:00,315.23077
2010-01-25 09:00:00,313.7154
2010-01-25 12:00:00,311.4552
2010-01-25 15:00:00,311.34167
2010-01-25 18:00:00,313.8567
2010-01-25 21:00:00,321.25336
2010-01-26 00:00:00,329.25262
2010-01-26 03:00:00,333.94568
2010-01-26 06:00:00,338.3758
2010-01-26 09:00:00,342.60425
2010-01-26 12:00:00,351.16605
2010-01-26 15:00:00,359.9794
2010-01-26 18:00:00,2.3607082
2010-01-26 21:00:00,6.3425236
2010-01-27 00:00:00,10.009123
2010-01-27 03:00:00,358.32562
2010-01-27 06:00:00,355.3176
2010-01-27 09:00:00,355.00122
2010-01-27 12:00:00,352.15363
2010-01-27 15:00:00,349.94836
2010-01-27 18:00:00,1.1410646
2010-01-27 21:00:00,21.822556
2010-01-28 00:00:00,27.430176
2010-01-28 03:00:00,27.098785
2010-01-28 06:00:00,40.438873
2010-01-28 09:00:00,43.711258
2010-01-28 12:00:00,32.143524
2010-01-28 15:00:00,5.861332
2010-01-28 18:00:00,347.76196
2010-01-28 21:00:00,343.0172
2010-01-29 00:00:00,339.48193
2010-01-29 03:00:00,332.08264
2010-01-29 06:00:00,330.2046
2010-01-29 09:00:00,334.1266
2010-01-29 12:00:00,332.21265
2010-01-29 15:00:00,329.57092
2010-01-29 18:00:00,332.24243
2010-01-29 21:00:00,331.29858
2010-01-30 00:00:00,327.8382
2010-01-30 03:00:00,328.5819
2010-01-30 06:00:00,329.7422
2010-01-30 09:00:00,328.32416
2010-01-30 12:00:00,327.30798
2010-01-30 15:00:00,327.80658
2010-01-30 18:00:00,329.27502
2010-01-30 21:00:00,330.66913
2010-01-31 00:00:00,332.03503
2010-01-31 03:00:00,332.55798
2010-01-31 06:00:00,332.29077
2010-01-31 09:00:00,331.36816
2010-01-31 12:00:00,330.20325
2010-01-31 15:00:00,328.53662
2010-01-31 18:00:00,326.51294
2010-01-31 21:00:00,324.59692
2010-02-01 00:00:00,324.16455
2010-02-01 03:00:00,324.50513
2010-02-01 06:00:00,326.9613
2010-02-01 09:00:00,327.49365
2010-02-01 12:00:00,327.0902
2010-02-01 15:00:00,325.19556
2010-02-01 18:00:00,324.25757
2010-02-01 21:00:00,323.66577
2010-02-02 00:00:00,323.35217
2010-02-02 03:00:00,323.016
2010-02-02 06:00:00,325.79138
2010-02-02 09:00:00,341.38696
2010-02-02 12:00:00,12.525948
2010-02-02 15:00:00,89.83716
2010-02-02 18:00:00,133.7438
2010-02-02 21:00:00,130.66826
2010-02-03 00:00:00,137.94647
2010-02-03 03:00:00,174.43846
2010-02-03 06:00:00,207.50961
2010-02-03 09:00:00,152.61436
2010-02-03 12:00:00,156.48837
2010-02-03 15:00:00,188.91464
2010-02-03 18:00:00,218.58287
2010-02-03 21:00:00,235.94698
2010-02-04 00:00:00,241.53291
2010-02-04 03:00:00,240.96947
2010-02-04 06:00:00,241.042
2010-02-04 09:00:00,248.7594
2010-02-04 12:00:00,250.97508
2010-02-04 15:00:00,249.56664
2010-02-04 18:00:00,257.30405
2010-02-04 21:00:00,263.1057
2010-02-05 00:00:00,269.68817
2010-02-05 03:00:00,279.4781
2010-02-05 06:00:00,287.9073
2010-02-05 09:00:00,293.057
2010-02-05 12:00:00,295.99634
2010-02-05 15:00:00,297.8808
2010-02-05 18:00:00,298.79395
2010-02-05 21:00:00,299.4945
2010-02-06 00:00:00,300.64893
2010-02-06 03:00:00,302.7411
2010-02-06 06:00:00,304.9431
2010-02-06 09:00:00,306.17572
2010-02-06 12:00:00,306.53705
2010-02-06 15:00:00,306.49908
2010-02-06 18:00:00,306.3803
2010-02-06 21:00:00,306.29077
2010-02-07 00:00:00,306.22247
2010-02-07 03:00:00,306.00977
2010-02-07 06:00:00,305.2834
2010-02-07 09:00:00,302.76978
2010-02-07 12:00:00,296.67358
2010-02-07 15:00:00,288.70618
2010-02-07 18:00:00,284.42212
2010-02-07 21:00:00,281.78833
2010-02-08 00:00:00,278.8299
2010-02-08 03:00:00,279.02393
2010-02-08 06:00:00,279.422
2010-02-08 09:00:00,279.35193
2010-02-08 12:00:00,279.13513
2010-02-08 15:00:00,278.53918
2010-02-08 18:00:00,278.88763
2010-02-08 21:00:00,281.13287
2010-02-09 00:00:00,283.47064
2010-02-09 03:00:00,285.93884
2010-02-09 06:00:00,287.7348
2010-02-09 09:00:00,288.56403
2010-02-09 12:00:00,288.7353
2010-02-09 15:00:00,289.6604
2010-02-09 18:00:00,289.93884
2010-02-09 21:00:00,289.58282
2010-02-10 00:00:00,288.7066
2010-02-10 03:00:00,288.00397
2010-02-10 06:00:00,287.4027
2010-02-10 09:00:00,284.26746
2010-02-10 12:00:00,275.66074
2010-02-10 15:00:00,279.2749
2010-02-10 18:00:00,281.41852
2010-02-10 21:00:00,284.34143
2010-02-11 00:00:00,287.28308
2010-02-11 03:00:00,292.27356
2010-02-11 06:00:00,296.88715
2010-02-11 09:00:00,298.75818
2010-02-11 12:00:00,294.37573
2010-02-11 15:00:00,291.7124
2010-02-11 18:00:00,290.3839
2010-02-11 21:00:00,289.71533
2010-02-12 00:00:00,288.96136
2010-02-12 03:00:00,288.21912
2010-02-12 06:00:00,287.35535
2010-02-12 09:00:00,283.0926
2010-02-12 12:00:00,282.8761
2010-02-12 15:00:00,286.91098
2010-02-12 18:00:00,267.67993
2010-02-12 21:00:00,271.71143
2010-02-13 00:00:00,276.30774
2010-02-13 03:00:00,278.13354
2010-02-13 06:00:00,291.82324
2010-02-13 09:00:00,307.33624
2010-02-13 12:00:00,303.48462
2010-02-13 15:00:00,298.4065
2010-02-13 18:00:00,297.49146
2010-02-13 21:00:00,291.71936
2010-02-14 00:00:00,287.23743
2010-02-14 03:00:00,285.21875
2010-02-14 06:00:00,284.30725
2010-02-14 09:00:00,283.8047
2010-02-14 12:00:00,264.62695
2010-02-14 15:00:00,166.47504
2010-02-14 18:00:00,135.42656
2010-02-14 21:00:00,130.2402
2010-02-15 00:00:00,136.26335
2010-02-15 03:00:00,167.80841
2010-02-15 06:00:00,229.0786
2010-02-15 09:00:00,247.14073
2010-02-15 12:00:00,249.09993
2010-02-15 15:00:00,251.035
2010-02-15 18:00:00,252.99408
2010-02-15 21:00:00,253.87506
2010-02-16 00:00:00,254.00902
2010-02-16 03:00:00,254.23294
2010-02-16 06:00:00,254.76108
2010-02-16 09:00:00,254.51654
2010-02-16 12:00:00,253.60266
2010-02-16 15:00:00,254.30714
2010-02-16 18:00:00,256.3966
2010-02-16 21:00:00,258.08807
2010-02-17 00:00:00,258.07413
2010-02-17 03:00:00,258.09796
2010-02-17 06:00:00,261.2508
2010-02-17 09:00:00,267.56442
2010-02-17 12:00:00,274.31454
2010-02-17 15:00:00,279.23587
2010-02-17 18:00:00,281.36066
2010-02-17 21:00:00,281.82227
2010-02-18 00:00:00,281.9807
2010-02-18 03:00:00,282.50793
2010-02-18 06:00:00,285.7268
2010-02-18 09:00:00,294.3916
2010-02-18 12:00:00,296.766
2010-02-18 15:00:00,333.45337
2010-02-18 18:00:00,338.75073
2010-02-18 21:00:00,335.8147
2010-02-19 00:00:00,329.56934
2010-02-19 03:00:00,320.33167
2010-02-19 06:00:00,314.37585
2010-02-19 09:00:00,310.2539
2010-02-19 12:00:00,304.58154
2010-02-19 15:00:00,299.39172
2010-02-19 18:00:00,296.09387
2010-02-19 21:00:00,293.3191
2010-02-20 00:00:00,291.0349
2010-02-20 03:00:00,289.51733
2010-02-20 06:00:00,288.6881
2010-02-20 09:00:00,288.20374
2010-02-20 12:00:00,287.07263
2010-02-20 15:00:00,275.2976
2010-02-20 18:00:00,246.42279
2010-02-20 21:00:00,210.16415
2010-02-21 00:00:00,201.54987
2010-02-21 03:00:00,220.9635
2010-02-21 06:00:00,228.3652
2010-02-21 09:00:00,232.12627
2010-02-21 12:00:00,234.15758
2010-02-21 15:00:00,235.8689
2010-02-21 18:00:00,239.69243
2010-02-21 21:00:00,242.25096
2010-02-22 00:00:00,241.84445
2010-02-22 03:00:00,238.69711
2010-02-22 06:00:00,245.4692
2010-02-22 09:00:00,251.61183
2010-02-22 12:00:00,255.75638
2010-02-22 15:00:00,257.55014
2010-02-22 18:00:00,261.19843
2010-02-22 21:00:00,265.61017
2010-02-23 00:00:00,268.0426
2010-02-23 03:00:00,271.0299
2010-02-23 06:00:00,273.3286
2010-02-23 09:00:00,273.31128
2010-02-23 12:00:00,271.4303
2010-02-23 15:00:00,269.47205
2010-02-23 18:00:00,268.73474
2010-02-23 21:00:00,268.79016
2010-02-24 00:00:00,272.32104
2010-02-24 03:00:00,276.69836
2010-02-24 06:00:00,279.73706
2010-02-24 09:00:00,282.62805
2010-02-24 12:00:00,285.1692
2010-02-24 15:00:00,288.05078
2010-02-24 18:00:00,288.8595
2010-02-24 21:00:00,287.4756
2010-02-25 00:00:00,279.7898
2010-02-25 03:00:00,267.375
2010-02-25 06:00:00,261.60202
2010-02-25 09:00:00,261.1507
2010-02-25 12:00:00,263.6715
2010-02-25 15:00:00,267.39142
2010-02-25 18:00:00,271.83655
2010-02-25 21:00:00,276.59326
2010-02-26 00:00:00,280.10693
2010-02-26 03:00:00,281.56274
2010-02-26 06:00:00,281.5083
2010-02-26 09:00:00,280.83618
2010-02-26 12:00:00,280.29016
2010-02-26 15:00:00,280.05566
2010-02-26 18:00:00,279.76685
2010-02-26 21:00:00,275.46106
2010-02-27 00:00:00,257.10986
2010-02-27 03:00:00,229.93109
2010-02-27 06:00:00,226.13521
2010-02-27 09:00:00,214.89519
2010-02-27 12:00:00,213.73682
2010-02-27 15:00:00,240.66739
2010-02-27 18:00:00,253.1021
2010-02-27 21:00:00,259.596
2010-02-28 00:00:00,267.29718
2010-02-28 03:00:00,273.45142
2010-02-28 06:00:00,276.0973
2010-02-28 09:00:00,275.0957
2010-02-28 12:00:00,267.48584
2010-02-28 15:00:00,251.72726
2010-02-28 18:00:00,252.42532
2010-02-28 21:00:00,261.48688
2010-03-01 00:00:00,265.44446
2010-03-01 03:00:00,264.44055
2010-03-01 06:00:00,264.2433
2010-03-01 09:00:00,265.45874
2010-03-01 12:00:00,267.40674
2010-03-01 15:00:00,269.66418
2010-03-01 18:00:00,271.71692
2010-03-01 21:00:00,273.8755
2010-03-02 00:00:00,273.71704
2010-03-02 03:00:00,265.2973
2010-03-02 06:00:00,216.71123
2010-03-02 09:00:00,200.85417
2010-03-02 12:00:00,182.20628
2010-03-02 15:00:00,212.3157
2010-03-02 18:00:00,233.35294
2010-03-02 21:00:00,241.23865
2010-03-03 00:00:00,244.11694
2010-03-03 03:00:00,245.08614
2010-03-03 06:00:00,244.35175
2010-03-03 09:00:00,242.00967
2010-03-03 12:00:00,242.25832
2010-03-03 15:00:00,245.01306
2010-03-03 18:00:00,247.65652
2010-03-03 21:00:00,250.40912
2010-03-04 00:00:00,252.4796
2010-03-04 03:00:00,254.62654
2010-03-04 06:00:00,256.86
2010-03-04 09:00:00,259.6308
2010-03-04 12:00:00,262.79327
2010-03-04 15:00:00,265.11914
2010-03-04 18:00:00,267.05762
2010-03-04 21:00:00,269.00208
2010-03-05 00:00:00,270.9225
2010-03-05 03:00:00,272.28296
2010-03-05 06:00:00,266.5641
2010-03-05 09:00:00,242.84033
2010-03-05 12:00:00,220.40675
2010-03-05 15:00:00,218.34811
2010-03-05 18:00:00,225.13646
2010-03-05 21:00:00,241.73578
2010-03-06 00:00:00,249.12344
2010-03-06 03:00:00,251.76897
2010-03-06 06:00:00,254.33008
2010-03-06 09:00:00,257.35156
2010-03-06 12:00:00,259.69077
2010-03-06 15:00:00,261.53204
2010-03-06 18:00:00,262.99585
2010-03-06 21:00:00,263.94543
2010-03-07 00:00:00,264.57397
2010-03-07 03:00:00,265.18463
2010-03-07 06:00:00,265.92462
2010-03-07 09:00:00,266.28967
2010-03-07 12:00:00,266.4093
2010-03-07 15:00:00,266.95325
2010-03-07 18:00:00,268.44568
2010-03-07 21:00:00,272.14075
2010-03-08 00:00:00,275.2362
2010-03-08 03:00:00,276.2074
2010-03-08 06:00:00,275.94885
2010-03-08 09:00:00,274.95544
2010-03-08 12:00:00,273.58752
2010-03-08 15:00:00,270.04065
2010-03-08 18:00:00,263.31708
2010-03-08 21:00:00,276.53757
2010-03-09 00:00:00,285.5642
2010-03-09 03:00:00,287.0475
2010-03-09 06:00:00,285.69055
2010-03-09 09:00:00,286.10974
2010-03-09 12:00:00,286.2516
2010-03-09 15:00:00,285.5558
2010-03-09 18:00:00,285.73633
2010-03-09 21:00:00,286.72766
2010-03-10 00:00:00,286.32886
2010-03-10 03:00:00,285.73834
2010-03-10 06:00:00,285.19702
2010-03-10 09:00:00,284.74286
2010-03-10 12:00:00,284.3515
2010-03-10 15:00:00,284.03363
2010-03-10 18:00:00,283.75006
2010-03-10 21:00:00,283.47925
2010-03-11 00:00:00,283.2749
2010-03-11 03:00:00,283.1894
2010-03-11 06:00:00,283.3321
2010-03-11 09:00:00,283.35974
2010-03-11 12:00:00,283.27856
2010-03-11 15:00:00,283.18
2010-03-11 18:00:00,284.6021
2010-03-11 21:00:00,288.13678
2010-03-12 00:00:00,288.71558
2010-03-12 03:00:00,286.95575
2010-03-12 06:00:00,285.4934
2010-03-12 09:00:00,285.37903
2010-03-12 12:00:00,285.42285
2010-03-12 15:00:00,288.9801
2010-03-12 18:00:00,304.1255
2010-03-12 21:00:00,313.75327
2010-03-13 00:00:00,320.14526
2010-03-13 03:00:00,321.64136
2010-03-13 06:00:00,319.94006
2010-03-13 09:00:00,319.4342
2010-03-13 12:00:00,322.39783
2010-03-13 15:00:00,323.96375
2010-03-13 18:00:00,324.04773
2010-03-13 21:00:00,325.33112
2010-03-14 00:00:00,329.0375
2010-03-14 03:00:00,331.32114
2010-03-14 06:00:00,332.1255
2010-03-14 09:00:00,336.72626
2010-03-14 12:00:00,337.1891
2010-03-14 15:00:00,335.19775
2010-03-14 18:00:00,335.80798
2010-03-14 21:00:00,339.36957
2010-03-15 00:00:00,355.83148
2010-03-15 03:00:00,12.353547
2010-03-15 06:00:00,31.863434
2010-03-15 09:00:00,57.571945
2010-03-15 12:00:00,89.08635
2010-03-15 15:00:00,111.39081
2010-03-15 18:00:00,122.405594
2010-03-15 21:00:00,128.08925
2010-03-16 00:00:00,128.6355
2010-03-16 03:00:00,126.87869
2010-03-16 06:00:00,124.25963
2010-03-16 09:00:00,126.26688
2010-03-16 12:00:00,132.00197
2010-03-16 15:00:00,139.16414
2010-03-16 18:00:00,157.11154
2010-03-16 21:00:00,246.81177
2010-03-17 00:00:00,276.24338
2010-03-17 03:00:00,281.43768
2010-03-17 06:00:00,282.6909
2010-03-17 09:00:00,279.48697
2010-03-17 12:00:00,273.09363
2010-03-17 15:00:00,273.72058
2010-03-17 18:00:00,276.87903
2010-03-17 21:00:00,277.44507
2010-03-18 00:00:00,275.82623
2010-03-18 03:00:00,270.5244
2010-03-18 06:00:00,273.74304
2010-03-18 09:00:00,275.93817
2010-03-18 12:00:00,276.2032
2010-03-18 15:00:00,275.09412
2010-03-18 18:00:00,273.52368
2010-03-18 21:00:00,270.9381
2010-03-19 00:00:00,262.79712
2010-03-19 03:00:00,254.19618
2010-03-19 06:00:00,245.57832
2010-03-19 09:00:00,236.57391
2010-03-19 12:00:00,246.62645
2010-03-19 15:00:00,253.73146
2010-03-19 18:00:00,258.2071
2010-03-19 21:00:00,259.50177
2010-03-20 00:00:00,261.00555
2010-03-20 03:00:00,264.38306
2010-03-20 06:00:00,265.01196
2010-03-20 09:00:00,260.22168
2010-03-20 12:00:00,245.79086
2010-03-20 15:00:00,257.6893
2010-03-20 18:00:00,264.4077
2010-03-20 21:00:00,268.06506
2010-03-21 00:00:00,270.56714
2010-03-21 03:00:00,272.46362
2010-03-21 06:00:00,274.1654
2010-03-21 09:00:00,276.09766
2010-03-21 12:00:00,278.2047
2010-03-21 15:00:00,281.64862
2010-03-21 18:00:00,285.7303
2010-03-21 21:00:00,289.9617
2010-03-22 00:00:00,293.65002
2010-03-22 03:00:00,293.98303
2010-03-22 06:00:00,294.70374
2010-03-22 09:00:00,295.0182
2010-03-22 12:00:00,293.79822
2010-03-22 15:00:00,293.4806
2010-03-22 18:00:00,295.45227
2010-03-22 21:00:00,296.2032
2010-03-23 00:00:00,295.8839
2010-03-23 03:00:00,295.93884
2010-03-23 06:00:00,295.90204
2010-03-23 09:00:00,295.5905
2010-03-23 12:00:00,295.22046
2010-03-23 15:00:00,294.85028
2010-03-23 18:00:00,294.30658
2010-03-23 21:00:00,294.4532
2010-03-24 00:00:00,294.83777
2010-03-24 03:00:00,294.48572
2010-03-24 06:00:00,293.79004
2010-03-24 09:00:00,291.66626
2010-03-24 12:00:00,289.9184
2010-03-24 15:00:00,293.03925
2010-03-24 18:00:00,294.26636
2010-03-24 21:00:00,291.39185
2010-03-25 00:00:00,271.76318
2010-03-25 03:00:00,261.78955
2010-03-25 06:00:00,265.40277
2010-03-25 09:00:00,275.9635
2010-03-25 12:00:00,281.22168
2010-03-25 15:00:00,281.42554
2010-03-25 18:00:00,283.38397
2010-03-25 21:00:00,287.73584
2010-03-26 00:00:00,290.45398
2010-03-26 03:00:00,292.54407
2010-03-26 06:00:00,294.45642
2010-03-26 09:00:00,296.69727
2010-03-26 12:00:00,299.10974
2010-03-26 15:00:00,301.45728
2010-03-26 18:00:00,302.948
2010-03-26 21:00:00,304.3042
2010-03-27 00:00:00,305.68854
2010-03-27 03:00:00,307.0196
2010-03-27 06:00:00,308.16425
2010-03-27 09:00:00,309.09143
2010-03-27 12:00:00,309.9444
2010-03-27 15:00:00,310.6339
2010-03-27 18:00:00,311.2954
2010-03-27 21:00:00,312.27924
2010-03-28 00:00:00,312.36176
2010-03-28 03:00:00,311.78058
2010-03-28 06:00:00,311.2765
2010-03-28 09:00:00,310.83142
2010-03-28 12:00:00,310.34863
2010-03-28 15:00:00,310.1223
2010-03-28 18:00:00,309.46295
2010-03-28 21:00:00,307.85413
2010-03-29 00:00:00,303.92578
2010-03-29 03:00:00,295.47803
2010-03-29 06:00:00,275.64966
2010-03-29 09:00:00,258.5093
2010-03-29 12:00:00,266.6493
2010-03-29 15:00:00,267.3313
2010-03-29 18:00:00,273.35938
2010-03-29 21:00:00,282.516
2010-03-30 00:00:00,288.33624
2010-03-30 03:00:00,292.672
2010-03-30 06:00:00,297.79688
2010-03-30 09:00:00,302.93878
2010-03-30 12:00:00,308.4566
2010-03-30 15:00:00,312.40656
2010-03-30 18:00:00,314.2539
2010-03-30 21:00:00,314.65796
2010-03-31 00:00:00,314.27478
2010-03-31 03:00:00,314.02502
2010-03-31 06:00:00,313.31567
2010-03-31 09:00:00,312.63
2010-03-31 12:00:00,312.11816
2010-03-31 15:00:00,311.9734
2010-03-31 18:00:00,312.4934
2010-03-31 21:00:00,312.9956
2010-04-01 00:00:00,312.9491
2010-04-01 03:00:00,314.18365
2010-04-01 06:00:00,317.063
2010-04-01 09:00:00,318.6112
2010-04-01 12:00:00,317.719
2010-04-01 15:00:00,317.52747
2010-04-01 18:00:00,318.09094
2010-04-01 21:00:00,319.66772
2010-04-02 00:00:00,320.48572
2010-04-02 03:00:00,319.79944
2010-04-02 06:00:00,318.86475
2010-04-02 09:00:00,317.53992
2010-04-02 12:00:00,316.46643
2010-04-02 15:00:00,315.9204
2010-04-02 18:00:00,316.26624
2010-04-02 21:00:00,317.38135
2010-04-03 00:00:00,317.96307
2010-04-03 03:00:00,319.02527
2010-04-03 06:00:00,319.76068
2010-04-03 09:00:00,319.6996
2010-04-03 12:00:00,319.2146
2010-04-03 15:00:00,319.36176
2010-04-03 18:00:00,322.2359
2010-04-03 21:00:00,325.11737
2010-04-04 00:00:00,326.72528
2010-04-04 03:00:00,327.70026
2010-04-04 06:00:00,327.50806
2010-04-04 09:00:00,328.36157
2010-04-04 12:00:00,328.3365
2010-04-04 15:00:00,328.43268
2010-04-04 18:00:00,328.93732
2010-04-04 21:00:00,329.4822
2010-04-05 00:00:00,332.5053
2010-04-05 03:00:00,334.24268
2010-04-05 06:00:00,335.6987
2010-04-05 09:00:00,337.17914
2010-04-05 12:00:00,335.65027
2010-04-05 15:00:00,333.67493
2010-04-05 18:00:00,332.2201
2010-04-05 21:00:00,331.01672
2010-04-06 00:00:00,330.0432
2010-04-06 03:00:00,328.94885
2010-04-06 06:00:00,327.10632
2010-04-06 09:00:00,324.39172
2010-04-06 12:00:00,320.65637
2010-04-06 15:00:00,318.40027
2010-04-06 18:00:00,316.9325
2010-04-06 21:00:00,319.04773
2010-04-07 00:00:00,320.41077
2010-04-07 03:00:00,319.22253
2010-04-07 06:00:00,316.97974
2010-04-07 09:00:00,314.9851
2010-04-07 12:00:00,317.42517
2010-04-07 15:00:00,317.24463
2010-04-07 18:00:00,317.76746
2010-04-07 21:00:00,320.35425
2010-04-08 00:00:00,322.39847
2010-04-08 03:00:00,322.46918
2010-04-08 06:00:00,323.47263
2010-04-08 09:00:00,325.9225
2010-04-08 12:00:00,325.07104
2010-04-08 15:00:00,324.13412
2010-04-08 18:00:00,324.2979
2010-04-08 21:00:00,325.96414
2010-04-09 00:00:00,329.40112
2010-04-09 03:00:00,330.0651
2010-04-09 06:00:00,330.8472
2010-04-09 09:00:00,332.63794
2010-04-09 12:00:00,335.15036
2010-04-09 15:00:00,337.74182
2010-04-09 18:00:00,339.8473
2010-04-09 21:00:00,341.5503
2010-04-10 00:00:00,346.5503
2010-04-10 03:00:00,8.829463
2010-04-10 06:00:00,51.14911
2010-04-10 09:00:00,73.617874
2010-04-10 12:00:00,78.595276
2010-04-10 15:00:00,88.283424
2010-04-10 18:00:00,96.566956
2010-04-10 21:00:00,111.71326
2010-04-11 00:00:00,138.46893
2010-04-11 03:00:00,147.57144
2010-04-11 06:00:00,136.08098
2010-04-11 09:00:00,116.313416
2010-04-11 12:00:00,183.51598
2010-04-11 15:00:00,274.09302
2010-04-11 18:00:00,286.25867
2010-04-11 21:00:00,292.86023
2010-04-12 00:00:00,296.47913
2010-04-12 03:00:00,297.6587
2010-04-12 06:00:00,297.9809
2010-04-12 09:00:00,298.19128
2010-04-12 12:00:00,298.47015
2010-04-12 15:00:00,299.51596
2010-04-12 18:00:00,301.66293
2010-04-12 21:00:00,303.82138
2010-04-13 00:00:00,305.237
2010-04-13 03:00:00,305.45642
2010-04-13 06:00:00,306.1358
2010-04-13 09:00:00,307.0656
2010-04-13 12:00:00,307.93048
2010-04-13 15:00:00,302.6549
2010-04-13 18:00:00,287.90527
2010-04-13 21:00:00,258.54053
2010-04-14 00:00:00,248.7513
2010-04-14 03:00:00,248.88872
2010-04-14 06:00:00,244.57372
2010-04-14 09:00:00,221.43512
2010-04-14 12:00:00,173.5247
2010-04-14 15:00:00,158.12547
2010-04-14 18:00:00,166.44775
2010-04-14 21:00:00,179.45459
2010-04-15 00:00:00,187.87982
2010-04-15 03:00:00,200.14062
2010-04-15 06:00:00,205.73663
2010-04-15 09:00:00,206.3598
2010-04-15 12:00:00,206.48322
2010-04-15 15:00:00,202.03706
2010-04-15 18:00:00,199.97824
2010-04-15 21:00:00,203.60622
2010-04-16 00:00:00,201.56363
2010-04-16 03:00:00,200.18492
2010-04-16 06:00:00,206.4555
2010-04-16 09:00:00,210.98279
2010-04-16 12:00:00,214.93266
2010-04-16 15:00:00,218.1009
2010-04-16 18:00:00,220.32799
2010-04-16 21:00:00,222.24606
2010-04-17 00:00:00,224.68755
2010-04-17 03:00:00,227.20111
2010-04-17 06:00:00,229.50327
2010-04-17 09:00:00,231.21361
2010-04-17 12:00:00,228.24353
2010-04-17 15:00:00,227.09145
2010-04-17 18:00:00,228.94943
2010-04-17 21:00:00,232.2226
2010-04-18 00:00:00,234.53487
2010-04-18 03:00:00,236.06339
2010-04-18 06:00:00,237.81985
2010-04-18 09:00:00,239.353
2010-04-18 12:00:00,240.71008
2010-04-18 15:00:00,242.9255
2010-04-18 18:00:00,244.43753
2010-04-18 21:00:00,247.75363
2010-04-19 00:00:00,250.75223
2010-04-19 03:00:00,252.93304
2010-04-19 06:00:00,254.57944
2010-04-19 09:00:00,255.68254
2010-04-19 12:00:00,256.80624
2010-04-19 15:00:00,257.93942
2010-04-19 18:00:00,258.80505
2010-04-19 21:00:00,260.23172
2010-04-20 00:00:00,262.43396
2010-04-20 03:00:00,264.4356
2010-04-20 06:00:00,265.83887
2010-04-20 09:00:00,267.76587
2010-04-20 12:00:00,269.5586
2010-04-20 15:00:00,265.99792
2010-04-20 18:00:00,263.11758
2010-04-20 21:00:00,262.44128
2010-04-21 00:00:00,260.35028
2010-04-21 03:00:00,261.1875
2010-04-21 06:00:00,260.9309
2010-04-21 09:00:00,260.31317
2010-04-21 12:00:00,260.57227
2010-04-21 15:00:00,259.26364
2010-04-21 18:00:00,258.52533
2010-04-21 21:00:00,258.56445
2010-04-22 00:00:00,258.7274
2010-04-22 03:00:00,258.38013
2010-04-22 06:00:00,258.1317
2010-04-22 09:00:00,257.9245
2010-04-22 12:00:00,258.00067
2010-04-22 15:00:00,259.47754
2010-04-22 18:00:00,262.9085
2010-04-22 21:00:00,265.58923
2010-04-23 00:00:00,265.1504
2010-04-23 03:00:00,265.3871
2010-04-23 06:00:00,266.0796
2010-04-23 09:00:00,266.69702
2010-04-23 12:00:00,267.3474
2010-04-23 15:00:00,268.26746
2010-04-23 18:00:00,270.83044
2010-04-23 21:00:00,271.6394
2010-04-24 00:00:00,271.24084
2010-04-24 03:00:00,271.76233
2010-04-24 06:00:00,272.485
2010-04-24 09:00:00,272.8203
2010-04-24 12:00:00,274.98486
2010-04-24 15:00:00,280.19043
2010-04-24 18:00:00,286.0686
2010-04-24 21:00:00,292.854
2010-04-25 00:00:00,301.6538
2010-04-25 03:00:00,303.45142
2010-04-25 06:00:00,303.19775
2010-04-25 09:00:00,296.81616
2010-04-25 12:00:00,293.23022
2010-04-25 15:00:00,297.8291
2010-04-25 18:00:00,303.03418
2010-04-25 21:00:00,305.21704
2010-04-26 00:00:00,304.63306
2010-04-26 03:00:00,301.32605
2010-04-26 06:00:00,297.80396
2010-04-26 09:00:00,295.34766
2010-04-26 12:00:00,293.75183
2010-04-26 15:00:00,292.84406
2010-04-26 18:00:00,292.3999
2010-04-26 21:00:00,292.6361
2010-04-27 00:00:00,294.0947
2010-04-27 03:00:00,295.03934
2010-04-27 06:00:00,294.761
2010-04-27 09:00:00,293.69226
2010-04-27 12:00:00,292.62903
2010-04-27 15:00:00,291.38397
2010-04-27 18:00:00,289.7104
2010-04-27 21:00:00,287.30603
2010-04-28 00:00:00,284.02658
2010-04-28 03:00:00,280.2975
2010-04-28 06:00:00,277.37915
2010-04-28 09:00:00,275.39926
2010-04-28 12:00:00,272.10162
2010-04-28 15:00:00,265.86853
2010-04-28 18:00:00,268.6101
2010-04-28 21:00:00,272.1396
2010-04-29 00:00:00,274.02414
2010-04-29 03:00:00,275.9309
2010-04-29 06:00:00,278.88617
2010-04-29 09:00:00,282.6827
2010-04-29 12:00:00,286.82343
2010-04-29 15:00:00,291.1671
2010-04-29 18:00:00,295.73706
2010-04-29 21:00:00,298.713
2010-04-30 00:00:00,299.17993
2010-04-30 03:00:00,298.7898
2010-04-30 06:00:00,297.70422
2010-04-30 09:00:00,297.36987
2010-04-30 12:00:00,298.04858
2010-04-30 15:00:00,303.84424
2010-04-30 18:00:00,310.2804
2010-04-30 21:00:00,314.30115
2010-05-01 00:00:00,314.44702
2010-05-01 03:00:00,313.7213
2010-05-01 06:00:00,311.62744
2010-05-01 09:00:00,307.1848
2010-05-01 12:00:00,305.73547
2010-05-01 15:00:00,305.70398
2010-05-01 18:00:00,309.17212
2010-05-01 21:00:00,314.1338
2010-05-02 00:00:00,314.73712
2010-05-02 03:00:00,315.87537
2010-05-02 06:00:00,316.33234
2010-05-02 09:00:00,318.7196
2010-05-02 12:00:00,322.06104
2010-05-02 15:00:00,321.4926
2010-05-02 18:00:00,325.93997
2010-05-02 21:00:00,330.39117
2010-05-03 00:00:00,334.11774
2010-05-03 03:00:00,336.32742
2010-05-03 06:00:00,338.91177
2010-05-03 09:00:00,341.36426
2010-05-03 12:00:00,337.49835
2010-05-03 15:00:00,334.32465
2010-05-03 18:00:00,333.60025
2010-05-03 21:00:00,336.52307
2010-05-04 00:00:00,337.0405
2010-05-04 03:00:00,337.26318
2010-05-04 06:00:00,339.55588
2010-05-04 09:00:00,341.10748
2010-05-04 12:00:00,338.89127
2010-05-04 15:00:00,335.4345
2010-05-04 18:00:00,332.99567
2010-05-04 21:00:00,334.98587
2010-05-05 00:00:00,335.50885
2010-05-05 03:00:00,333.29486
2010-05-05 06:00:00,331.4947
2010-05-05 09:00:00,330.3603
2010-05-05 12:00:00,329.30408
2010-05-05 15:00:00,327.91858
2010-05-05 18:00:00,326.64575
2010-05-05 21:00:00,327.51782
2010-05-06 00:00:00,326.3905
2010-05-06 03:00:00,323.35352
2010-05-06 06:00:00,319.10364
2010-05-06 09:00:00,315.71497
2010-05-06 12:00:00,314.50403
2010-05-06 15:00:00,313.9745
2010-05-06 18:00:00,312.3523
2010-05-06 21:00:00,310.1421
2010-05-07 00:00:00,308.03674
2010-05-07 03:00:00,308.25024
2010-05-07 06:00:00,312.06287
2010-05-07 09:00:00,312.94666
2010-05-07 12:00:00,310.1078
2010-05-07 15:00:00,307.14355
2010-05-07 18:00:00,304.98975
2010-05-07 21:00:00,304.10266
2010-05-08 00:00:00,302.01343
2010-05-08 03:00:00,299.64648
2010-05-08 06:00:00,294.6737
2010-05-08 09:00:00,272.6162
2010-05-08 12:00:00,242.14983
2010-05-08 15:00:00,222.87527
2010-05-08 18:00:00,224.90431
2010-05-08 21:00:00,242.03972
2010-05-09 00:00:00,252.0662
2010-05-09 03:00:00,254.05042
2010-05-09 06:00:00,258.27606
2010-05-09 09:00:00,263.86322
2010-05-09 12:00:00,267.86035
2010-05-09 15:00:00,271.20374
2010-05-09 18:00:00,274.81836
2010-05-09 21:00:00,277.8766
2010-05-10 00:00:00,279.98877
2010-05-10 03:00:00,282.33356
2010-05-10 06:00:00,285.99664
2010-05-10 09:00:00,289.94214
2010-05-10 12:00:00,292.7893
2010-05-10 15:00:00,294.87683
2010-05-10 18:00:00,297.29187
2010-05-10 21:00:00,298.4568
2010-05-11 00:00:00,299.34412
2010-05-11 03:00:00,300.17212
2010-05-11 06:00:00,300.86108
2010-05-11 09:00:00,301.16968
2010-05-11 12:00:00,300.44263
2010-05-11 15:00:00,299.62915
2010-05-11 18:00:00,300.35193
2010-05-11 21:00:00,302.6031
2010-05-12 00:00:00,304.20117
2010-05-12 03:00:00,305.66443
2010-05-12 06:00:00,306.60632
2010-05-12 09:00:00,307.24347
2010-05-12 12:00:00,307.57117
2010-05-12 15:00:00,307.76282
2010-05-12 18:00:00,307.7193
2010-05-12 21:00:00,308.86218
2010-05-13 00:00:00,309.56305
2010-05-13 03:00:00,310.5551
2010-05-13 06:00:00,312.79767
2010-05-13 09:00:00,314.0736
2010-05-13 12:00:00,315.9928
2010-05-13 15:00:00,318.101
2010-05-13 18:00:00,323.4082
2010-05-13 21:00:00,331.62592
2010-05-14 00:00:00,333.7118
2010-05-14 03:00:00,333.68076
2010-05-14 06:00:00,333.7603
2010-05-14 09:00:00,330.95398
2010-05-14 12:00:00,325.23572
2010-05-14 15:00:00,318.22778
2010-05-14 18:00:00,318.73462
2010-05-14 21:00:00,319.98035
2010-05-15 00:00:00,320.4215
2010-05-15 03:00:00,323.55518
2010-05-15 06:00:00,325.98303
2010-05-15 09:00:00,328.12732
2010-05-15 12:00:00,327.56018
2010-05-15 15:00:00,328.27356
2010-05-15 18:00:00,329.1208
2010-05-15 21:00:00,332.40042
2010-05-16 00:00:00,335.39938
2010-05-16 03:00:00,335.70844
2010-05-16 06:00:00,336.5697
2010-05-16 09:00:00,335.48224
2010-05-16 12:00:00,333.7505
2010-05-16 15:00:00,332.04816
2010-05-16 18:00:00,331.96808
2010-05-16 21:00:00,333.64362
2010-05-17 00:00:00,335.36267
2010-05-17 03:00:00,336.13986
2010-05-17 06:00:00,336.30646
2010-05-17 09:00:00,335.48654
2010-05-17 12:00:00,332.56042
2010-05-17 15:00:00,330.97772
2010-05-17 18:00:00,330.42786
2010-05-17 21:00:00,331.4931
2010-05-18 00:00:00,330.79742
2010-05-18 03:00:00,325.69318
2010-05-18 06:00:00,320.37683
2010-05-18 09:00:00,316.36536
2010-05-18 12:00:00,313.23633
2010-05-18 15:00:00,311.51123
2010-05-18 18:00:00,314.097
2010-05-18 21:00:00,318.14087
2010-05-19 00:00:00,318.42273
2010-05-19 03:00:00,315.99414
2010-05-19 06:00:00,313.77185
2010-05-19 09:00:00,311.34778
2010-05-19 12:00:00,309.45447
2010-05-19 15:00:00,308.4474
2010-05-19 18:00:00,308.9037
2010-05-19 21:00:00,310.1991
2010-05-20 00:00:00,309.32556
2010-05-20 03:00:00,308.12085
2010-05-20 06:00:00,305.85498
2010-05-20 09:00:00,304.00433
2010-05-20 12:00:00,302.12585
2010-05-20 15:00:00,299.8767
2010-05-20 18:00:00,297.77295
2010-05-20 21:00:00,297.1078
2010-05-21 00:00:00,296.52243
2010-05-21 03:00:00,296.05475
2010-05-21 06:00:00,294.89374
2010-05-21 09:00:00,292.85962
2010-05-21 12:00:00,291.86453
2010-05-21 15:00:00,291.65405
2010-05-21 18:00:00,291.5456
2010-05-21 21:00:00,291.94202
2010-05-22 00:00:00,292.49277
2010-05-22 03:00:00,292.69623
2010-05-22 06:00:00,292.58887
2010-05-22 09:00:00,291.36862
2010-05-22 12:00:00,289.5642
2010-05-22 15:00:00,288.70523
2010-05-22 18:00:00,287.80228
2010-05-22 21:00:00,287.72336
2010-05-23 00:00:00,287.14203
2010-05-23 03:00:00,287.17215
2010-05-23 06:00:00,286.54895
2010-05-23 09:00:00,280.27356
2010-05-23 12:00:00,278.10266
2010-05-23 15:00:00,279.99243
2010-05-23 18:00:00,281.55835
2010-05-23 21:00:00,281.15137
2010-05-24 00:00:00,278.8069
2010-05-24 03:00:00,277.32544
2010-05-24 06:00:00,274.87354
2010-05-24 09:00:00,269.10376
2010-05-24 12:00:00,259.1513
2010-05-24 15:00:00,250.85567
2010-05-24 18:00:00,250.97974
2010-05-24 21:00:00,255.11244
2010-05-25 00:00:00,257.32166
2010-05-25 03:00:00,261.80585
2010-05-25 06:00:00,266.3369
2010-05-25 09:00:00,269.76074
2010-05-25 12:00:00,272.78467
2010-05-25 15:00:00,275.2235
2010-05-25 18:00:00,277.5697
2010-05-25 21:00:00,279.88196
2010-05-26 00:00:00,282.06287
2010-05-26 03:00:00,284.24475
2010-05-26 06:00:00,286.27893
2010-05-26 09:00:00,288.18225
2010-05-26 12:00:00,290.34607
2010-05-26 15:00:00,293.32166
2010-05-26 18:00:00,295.59326
2010-05-26 21:00:00,299.11548
2010-05-27 00:00:00,302.562
2010-05-27 03:00:00,304.2032
2010-05-27 06:00:00,304.6079
2010-05-27 09:00:00,304.4878
2010-05-27 12:00:00,304.08807
2010-05-27 15:00:00,303.7326
2010-05-27 18:00:00,304.30304
2010-05-27 21:00:00,305.8598
2010-05-28 00:00:00,305.6718
2010-05-28 03:00:00,306.79016
2010-05-28 06:00:00,308.74554
2010-05-28 09:00:00,310.0506
2010-05-28 12:00:00,309.27936
2010-05-28 15:00:00,309.67188
2010-05-28 18:00:00,311.84198
2010-05-28 21:00:00,316.19183
2010-05-29 00:00:00,317.0703
2010-05-29 03:00:00,316.11084
2010-05-29 06:00:00,317.47095
2010-05-29 09:00:00,318.35278
2010-05-29 12:00:00,314.97754
2010-05-29 15:00:00,313.76648
2010-05-29 18:00:00,315.40613
2010-05-29 21:00:00,319.8866
2010-05-30 00:00:00,324.53967
2010-05-30 03:00:00,328.33875
2010-05-30 06:00:00,327.6283
2010-05-30 09:00:00,321.67407
2010-05-30 12:00:00,315.75427
2010-05-30 15:00:00,311.67346
2010-05-30 18:00:00,312.9276
2010-05-30 21:00:00,314.36932
2010-05-31 00:00:00,312.97076
2010-05-31 03:00:00,311.41064
2010-05-31 06:00:00,310.7904
2010-05-31 09:00:00,308.92688
2010-05-31 12:00:00,308.31055
2010-05-31 15:00:00,306.55798
2010-05-31 18:00:00,308.59167
2010-05-31 21:00:00,308.21362
2010-06-01 00:00:00,307.57043
2010-06-01 03:00:00,306.31104
2010-06-01 06:00:00,305.84656
2010-06-01 09:00:00,303.4707
2010-06-01 12:00:00,302.8452
2010-06-01 15:00:00,302.59973
2010-06-01 18:00:00,302.57227
2010-06-01 21:00:00,302.95016
2010-06-02 00:00:00,303.03815
2010-06-02 03:00:00,302.5345
2010-06-02 06:00:00,301.9889
2010-06-02 09:00:00,301.70392
2010-06-02 12:00:00,301.24402
2010-06-02 15:00:00,300.96613
2010-06-02 18:00:00,300.58228
2010-06-02 21:00:00,300.3714
2010-06-03 00:00:00,300.23676
2010-06-03 03:00:00,300.062
2010-06-03 06:00:00,299.9395
2010-06-03 09:00:00,300.27393
2010-06-03 12:00:00,300.143
2010-06-03 15:00:00,300.26624
2010-06-03 18:00:00,304.51727
2010-06-03 21:00:00,307.12567
2010-06-04 00:00:00,307.6355
2010-06-04 03:00:00,309.219
2010-06-04 06:00:00,310.03223
2010-06-04 09:00:00,310.22742
2010-06-04 12:00:00,309.4015
2010-06-04 15:00:00,307.82617
2010-06-04 18:00:00,306.50085
2010-06-04 21:00:00,305.75586
2010-06-05 00:00:00,305.4013
2010-06-05 03:00:00,304.4762
2010-06-05 06:00:00,302.6742
2010-06-05 09:00:00,300.38
2010-06-05 12:00:00,300.63403
2010-06-05 15:00:00,302.5952
2010-06-05 18:00:00,307.25958
2010-06-05 21:00:00,311.31726
2010-06-06 00:00:00,313.81165
2010-06-06 03:00:00,315.14087
2010-06-06 06:00:00,316.52124
2010-06-06 09:00:00,317.47498
2010-06-06 12:00:00,315.42786
2010-06-06 15:00:00,315.17114
2010-06-06 18:00:00,317.31573
2010-06-06 21:00:00,320.11
2010-06-07 00:00:00,319.91553
2010-06-07 03:00:00,320.125
2010-06-07 06:00:00,319.71472
2010-06-07 09:00:00,317.67285
2010-06-07 12:00:00,316.4431
2010-06-07 15:00:00,315.9148
2010-06-07 18:00:00,312.95386
2010-06-07 21:00:00,309.9541
2010-06-08 00:00:00,307.78394
2010-06-08 03:00:00,305.70764
2010-06-08 06:00:00,302.48645
2010-06-08 09:00:00,301.60968
2010-06-08 12:00:00,301.80573
2010-06-08 15:00:00,303.03436
2010-06-08 18:00:00,304.48834
2010-06-08 21:00:00,305.16034
2010-06-09 00:00:00,303.21838
2010-06-09 03:00:00,295.41443
2010-06-09 06:00:00,288.62527
2010-06-09 09:00:00,292.7294
2010-06-09 12:00:00,298.90692
2010-06-09 15:00:00,302.03137
2010-06-09 18:00:00,302.8996
2010-06-09 21:00:00,302.4718
2010-06-10 00:00:00,301.46863
2010-06-10 03:00:00,300.9499
2010-06-10 06:00:00,301.50018
2010-06-10 09:00:00,302.81152
2010-06-10 12:00:00,304.18146
2010-06-10 15:00:00,304.60266
2010-06-10 18:00:00,305.86377
2010-06-10 21:00:00,308.1278
2010-06-11 00:00:00,309.4223
2010-06-11 03:00:00,309.87823
2010-06-11 06:00:00,310.5271
2010-06-11 09:00:00,311.4707
2010-06-11 12:00:00,312.01257
2010-06-11 15:00:00,312.6577
2010-06-11 18:00:00,313.23492
2010-06-11 21:00:00,314.52386
2010-06-12 00:00:00,316.7527
2010-06-12 03:00:00,319.8396
2010-06-12 06:00:00,319.53284
2010-06-12 09:00:00,320.34863
2010-06-12 12:00:00,320.8659
2010-06-12 15:00:00,320.14288
2010-06-12 18:00:00,319.87244
2010-06-12 21:00:00,319.65637
2010-06-13 00:00:00,321.43115
2010-06-13 03:00:00,322.8404
2010-06-13 06:00:00,322.69366
2010-06-13 09:00:00,322.391
2010-06-13 12:00:00,322.8996
2010-06-13 15:00:00,324.07104
2010-06-13 18:00:00,325.3361
2010-06-13 21:00:00,327.96692
2010-06-14 00:00:00,328.4859
2010-06-14 03:00:00,328.38394
2010-06-14 06:00:00,327.7131
2010-06-14 09:00:00,327.42874
2010-06-14 12:00:00,327.55096
2010-06-14 15:00:00,328.4567
2010-06-14 18:00:00,329.43066
2010-06-14 21:00:00,330.74033
2010-06-15 00:00:00,331.98398
2010-06-15 03:00:00,331.67596
2010-06-15 06:00:00,330.74176
2010-06-15 09:00:00,331.5183
2010-06-15 12:00:00,332.27625
2010-06-15 15:00:00,332.39954
2010-06-15 18:00:00,333.05255
2010-06-15 21:00:00,335.54764
2010-06-16 00:00:00,336.10553
2010-06-16 03:00:00,335.01904
2010-06-16 06:00:00,333.09717
2010-06-16 09:00:00,332.09525
2010-06-16 12:00:00,331.37152
2010-06-16 15:00:00,331.33698
2010-06-16 18:00:00,332.3244
2010-06-16 21:00:00,332.71927
2010-06-17 00:00:00,332.82358
2010-06-17 03:00:00,333.556
2010-06-17 06:00:00,333.1278
2010-06-17 09:00:00,331.72464
2010-06-17 12:00:00,331.61798
2010-06-17 15:00:00,330.77246
2010-06-17 18:00:00,330.094
2010-06-17 21:00:00,330.27808
2010-06-18 00:00:00,329.85852
2010-06-18 03:00:00,329.54932
2010-06-18 06:00:00,328.9751
2010-06-18 09:00:00,328.51807
2010-06-18 12:00:00,326.06946
2010-06-18 15:00:00,324.23413
2010-06-18 18:00:00,323.21997
2010-06-18 21:00:00,324.37976
2010-06-19 00:00:00,322.9298
2010-06-19 03:00:00,322.92047
2010-06-19 06:00:00,327.00238
2010-06-19 09:00:00,327.69666
2010-06-19 12:00:00,325.85974
2010-06-19 15:00:00,324.2907
2010-06-19 18:00:00,325.6432
2010-06-19 21:00:00,327.94318
2010-06-20 00:00:00,329.5923
2010-06-20 03:00:00,330.97247
2010-06-20 06:00:00,329.28583
2010-06-20 09:00:00,326.95404
2010-06-20 12:00:00,323.38513
2010-06-20 15:00:00,320.90625
2010-06-20 18:00:00,320.69714
2010-06-20 21:00:00,321.20343
2010-06-21 00:00:00,319.3573
2010-06-21 03:00:00,317.52832
2010-06-21 06:00:00,314.81506
2010-06-21 09:00:00,312.41272
2010-06-21 12:00:00,310.864
2010-06-21 15:00:00,310.30188
2010-06-21 18:00:00,310.44598
2010-06-21 21:00:00,311.58704
2010-06-22 00:00:00,312.55328
2010-06-22 03:00:00,313.44543
2010-06-22 06:00:00,314.15314
2010-06-22 09:00:00,313.656
2010-06-22 12:00:00,314.12598
2010-06-22 15:00:00,315.78564
2010-06-22 18:00:00,317.44006
2010-06-22 21:00:00,318.43542
2010-06-23 00:00:00,318.74597
2010-06-23 03:00:00,319.46362
2010-06-23 06:00:00,318.06458
2010-06-23 09:00:00,316.57825
2010-06-23 12:00:00,315.7749
2010-06-23 15:00:00,315.23718
2010-06-23 18:00:00,314.49054
2010-06-23 21:00:00,314.00098
2010-06-24 00:00:00,313.94604
2010-06-24 03:00:00,313.2307
2010-06-24 06:00:00,311.32263
2010-06-24 09:00:00,310.0852
2010-06-24 12:00:00,308.18164
2010-06-24 15:00:00,306.6659
2010-06-24 18:00:00,305.87915
2010-06-24 21:00:00,305.2851
2010-06-25 00:00:00,304.92633
2010-06-25 03:00:00,304.8341
2010-06-25 06:00:00,305.13593
2010-06-25 09:00:00,305.40204
2010-06-25 12:00:00,305.68683
2010-06-25 15:00:00,306.0923
2010-06-25 18:00:00,307.1104
2010-06-25 21:00:00,308.69873
2010-06-26 00:00:00,309.68164
2010-06-26 03:00:00,310.49554
2010-06-26 06:00:00,311.40906
2010-06-26 09:00:00,312.11908
2010-06-26 12:00:00,312.56555
2010-06-26 15:00:00,312.65118
2010-06-26 18:00:00,313.3007
2010-06-26 21:00:00,316.8126
2010-06-27 00:00:00,317.41724
2010-06-27 03:00:00,317.66348
2010-06-27 06:00:00,317.9969
2010-06-27 09:00:00,318.6391
2010-06-27 12:00:00,318.41248
2010-06-27 15:00:00,318.0795
2010-06-27 18:00:00,318.17776
2010-06-27 21:00:00,318.8877
2010-06-28 00:00:00,318.84595
2010-06-28 03:00:00,318.26093
2010-06-28 06:00:00,318.50165
2010-06-28 09:00:00,318.17535
2010-06-28 12:00:00,317.9455
2010-06-28 15:00:00,318.4781
2010-06-28 18:00:00,318.86212
2010-06-28 21:00:00,319.13342
2010-06-29 00:00:00,319.1313
2010-06-29 03:00:00,318.48804
2010-06-29 06:00:00,318.06384
2010-06-29 09:00:00,317.47156
2010-06-29 12:00:00,317.086
2010-06-29 15:00:00,317.6329
2010-06-29 18:00:00,319.8439
2010-06-29 21:00:00,323.41806
2010-06-30 00:00:00,324.85846
2010-06-30 03:00:00,324.96948
2010-06-30 06:00:00,323.51312
2010-06-30 09:00:00,322.1668
2010-06-30 12:00:00,321.0329
2010-06-30 15:00:00,320.61487
2010-06-30 18:00:00,320.64935
2010-06-30 21:00:00,321.08972
2010-07-01 00:00:00,322.27612
2010-07-01 03:00:00,322.97812
2010-07-01 06:00:00,322.82074
2010-07-01 09:00:00,323.66235
2010-07-01 12:00:00,323.64
2010-07-01 15:00:00,324.2127
2010-07-01 18:00:00,325.21838
2010-07-01 21:00:00,327.6916
2010-07-02 00:00:00,327.8446
2010-07-02 03:00:00,329.20044
2010-07-02 06:00:00,329.6941
2010-07-02 09:00:00,323.60498
2010-07-02 12:00:00,318.0122
2010-07-02 15:00:00,313.73987
2010-07-02 18:00:00,313.3153
2010-07-02 21:00:00,313.61755
2010-07-03 00:00:00,312.68005
2010-07-03 03:00:00,313.53485
2010-07-03 06:00:00,316.78992
2010-07-03 09:00:00,318.33667
2010-07-03 12:00:00,319.46832
2010-07-03 15:00:00,320.08752
2010-07-03 18:00:00,322.21674
2010-07-03 21:00:00,323.1739
2010-07-04 00:00:00,323.1148
2010-07-04 03:00:00,323.14166
2010-07-04 06:00:00,323.71475
2010-07-04 09:00:00,324.29398
2010-07-04 12:00:00,324.9392
2010-07-04 15:00:00,325.79218
2010-07-04 18:00:00,327.83026
2010-07-04 21:00:00,330.46198
2010-07-05 00:00:00,329.18582
2010-07-05 03:00:00,328.20618
2010-07-05 06:00:00,327.7953
2010-07-05 09:00:00,327.7744
2010-07-05 12:00:00,327.8078
2010-07-05 15:00:00,327.3852
2010-07-05 18:00:00,327.2066
2010-07-05 21:00:00,327.40503
2010-07-06 00:00:00,327.864
2010-07-06 03:00:00,327.89893
2010-07-06 06:00:00,327.53693
2010-07-06 09:00:00,327.5324
2010-07-06 12:00:00,327.8152
2010-07-06 15:00:00,327.69196
2010-07-06 18:00:00,327.75745
2010-07-06 21:00:00,328.0406
2010-07-07 00:00:00,328.7401
2010-07-07 03:00:00,328.68433
2010-07-07 06:00:00,328.94513
2010-07-07 09:00:00,328.693
2010-07-07 12:00:00,328.9933
2010-07-07 15:00:00,327.19202
2010-07-07 18:00:00,327.3877
2010-07-07 21:00:00,327.79736
2010-07-08 00:00:00,327.72742
2010-07-08 03:00:00,327.12433
2010-07-08 06:00:00,326.29016
2010-07-08 09:00:00,325.26654
2010-07-08 12:00:00,323.95032
2010-07-08 15:00:00,322.83984
2010-07-08 18:00:00,322.22827
2010-07-08 21:00:00,322.6507
2010-07-09 00:00:00,322.5749
2010-07-09 03:00:00,324.1576
2010-07-09 06:00:00,326.00348
2010-07-09 09:00:00,326.2859
2010-07-09 12:00:00,325.6272
2010-07-09 15:00:00,325.7057
2010-07-09 18:00:00,326.48267
2010-07-09 21:00:00,327.76855
2010-07-10 00:00:00,327.97064
2010-07-10 03:00:00,327.54285
2010-07-10 06:00:00,328.35938
2010-07-10 09:00:00,327.87512
2010-07-10 12:00:00,325.97742
2010-07-10 15:00:00,325.44666
2010-07-10 18:00:00,326.73987
2010-07-10 21:00:00,328.71722
2010-07-11 00:00:00,329.0432
2010-07-11 03:00:00,329.729
2010-07-11 06:00:00,329.71106
2010-07-11 09:00:00,329.32556
2010-07-11 12:00:00,326.69055
2010-07-11 15:00:00,324.2649
2010-07-11 18:00:00,324.8581
2010-07-11 21:00:00,327.5545
2010-07-12 00:00:00,328.71143
2010-07-12 03:00:00,331.14185
2010-07-12 06:00:00,332.3186
2010-07-12 09:00:00,331.99268
2010-07-12 12:00:00,326.81396
2010-07-12 15:00:00,321.9585
2010-07-12 18:00:00,320.56738
2010-07-12 21:00:00,321.9154
2010-07-13 00:00:00,322.2743
2010-07-13 03:00:00,321.39673
2010-07-13 06:00:00,320.04883
2010-07-13 09:00:00,316.61316
2010-07-13 12:00:00,313.12268
2010-07-13 15:00:00,310.54993
2010-07-13 18:00:00,309.63153
2010-07-13 21:00:00,310.9624
2010-07-14 00:00:00,310.70642
2010-07-14 03:00:00,310.8911
2010-07-14 06:00:00,309.41064
2010-07-14 09:00:00,309.10034
2010-07-14 12:00:00,312.36694
2010-07-14 15:00:00,317.47363
2010-07-14 18:00:00,321.4154
2010-07-14 21:00:00,324.38287
2010-07-15 00:00:00,324.82068
2010-07-15 03:00:00,325.36926
2010-07-15 06:00:00,324.97968
2010-07-15 09:00:00,323.9937
2010-07-15 12:00:00,322.83142
2010-07-15 15:00:00,322.39917
2010-07-15 18:00:00,322.94812
2010-07-15 21:00:00,323.886
2010-07-16 00:00:00,324.2179
2010-07-16 03:00:00,324.3341
2010-07-16 06:00:00,324.13318
2010-07-16 09:00:00,324.1952
2010-07-16 12:00:00,323.62415
2010-07-16 15:00:00,322.11267
2010-07-16 18:00:00,322.83984
2010-07-16 21:00:00,325.90906
2010-07-17 00:00:00,325.9626
2010-07-17 03:00:00,328.1878
2010-07-17 06:00:00,328.69452
2010-07-17 09:00:00,327.79694
2010-07-17 12:00:00,325.26215
2010-07-17 15:00:00,324.53802
2010-07-17 18:00:00,324.72485
2010-07-17 21:00:00,325.8056
2010-07-18 00:00:00,325.28586
2010-07-18 03:00:00,324.92786
2010-07-18 06:00:00,324.66467
2010-07-18 09:00:00,324.27618
2010-07-18 12:00:00,324.2837
2010-07-18 15:00:00,324.19293
2010-07-18 18:00:00,324.93304
2010-07-18 21:00:00,325.6189
2010-07-19 00:00:00,326.17395
2010-07-19 03:00:00,327.5746
2010-07-19 06:00:00,328.8617
2010-07-19 09:00:00,329.15344
2010-07-19 12:00:00,328.66516
2010-07-19 15:00:00,327.03394
2010-07-19 18:00:00,326.08716
2010-07-19 21:00:00,327.852
2010-07-20 00:00:00,327.4048
2010-07-20 03:00:00,325.08655
2010-07-20 06:00:00,324.3015
2010-07-20 09:00:00,324.5642
2010-07-20 12:00:00,321.78894
2010-07-20 15:00:00,320.02502
2010-07-20 18:00:00,320.5421
2010-07-20 21:00:00,320.2494
2010-07-21 00:00:00,317.57117
2010-07-21 03:00:00,314.79224
2010-07-21 06:00:00,312.82715
2010-07-21 09:00:00,311.7434
2010-07-21 12:00:00,310.75415
2010-07-21 15:00:00,310.87115
2010-07-21 18:00:00,313.3833
2010-07-21 21:00:00,319.45575
2010-07-22 00:00:00,321.8274
2010-07-22 03:00:00,324.22754
2010-07-22 06:00:00,327.02075
2010-07-22 09:00:00,327.55896
2010-07-22 12:00:00,324.70135
2010-07-22 15:00:00,323.55585
2010-07-22 18:00:00,326.00784
2010-07-22 21:00:00,328.90112
2010-07-23 00:00:00,329.49515
2010-07-23 03:00:00,329.70312
2010-07-23 06:00:00,328.6988
2010-07-23 09:00:00,327.94763
2010-07-23 12:00:00,327.28796
2010-07-23 15:00:00,327.2611
2010-07-23 18:00:00,327.63574
2010-07-23 21:00:00,329.31458
2010-07-24 00:00:00,330.7815
2010-07-24 03:00:00,330.93884
2010-07-24 06:00:00,330.5802
2010-07-24 09:00:00,329.7288
2010-07-24 12:00:00,329.24316
2010-07-24 15:00:00,329.08173
2010-07-24 18:00:00,329.1609
2010-07-24 21:00:00,329.7531
2010-07-25 00:00:00,330.32645
2010-07-25 03:00:00,330.26178
2010-07-25 06:00:00,329.80133
2010-07-25 09:00:00,329.30096
2010-07-25 12:00:00,328.76227
2010-07-25 15:00:00,328.2475
2010-07-25 18:00:00,328.00354
2010-07-25 21:00:00,328.047
2010-07-26 00:00:00,327.9814
2010-07-26 03:00:00,327.7093
2010-07-26 06:00:00,327.31482
2010-07-26 09:00:00,326.59503
2010-07-26 12:00:00,326.10437
2010-07-26 15:00:00,325.596
2010-07-26 18:00:00,325.52527
2010-07-26 21:00:00,325.76062
2010-07-27 00:00:00,325.86792
2010-07-27 03:00:00,325.78992
2010-07-27 06:00:00,325.90588
2010-07-27 09:00:00,327.81885
2010-07-27 12:00:00,331.06714
2010-07-27 15:00:00,328.04517
2010-07-27 18:00:00,323.86182
2010-07-27 21:00:00,322.4585
2010-07-28 00:00:00,321.469
2010-07-28 03:00:00,319.23486
2010-07-28 06:00:00,317.1443
2010-07-28 09:00:00,314.66687
2010-07-28 12:00:00,312.0797
2010-07-28 15:00:00,307.96155
2010-07-28 18:00:00,306.74805
2010-07-28 21:00:00,307.77185
2010-07-29 00:00:00,308.22717
2010-07-29 03:00:00,308.19287
2010-07-29 06:00:00,308.61926
2010-07-29 09:00:00,309.09973
2010-07-29 12:00:00,310.307
2010-07-29 15:00:00,311.71582
2010-07-29 18:00:00,314.75513
2010-07-29 21:00:00,319.43283
2010-07-30 00:00:00,323.17096
2010-07-30 03:00:00,326.48102
2010-07-30 06:00:00,327.72894
2010-07-30 09:00:00,327.8366
2010-07-30 12:00:00,327.44885
2010-07-30 15:00:00,326.66663
2010-07-30 18:00:00,326.18518
2010-07-30 21:00:00,326.49463
2010-07-31 00:00:00,326.9563
2010-07-31 03:00:00,326.95166
2010-07-31 06:00:00,326.15503
2010-07-31 09:00:00,325.19543
2010-07-31 12:00:00,324.90808
2010-07-31 15:00:00,324.5625
2010-07-31 18:00:00,324.92377
2010-07-31 21:00:00,326.776
2010-08-01 00:00:00,327.50366
2010-08-01 03:00:00,328.3053
2010-08-01 06:00:00,329.1266
2010-08-01 09:00:00,329.661
2010-08-01 12:00:00,329.8947
2010-08-01 15:00:00,329.86554
2010-08-01 18:00:00,330.66132
2010-08-01 21:00:00,332.2236
2010-08-02 00:00:00,333.87628
2010-08-02 03:00:00,334.73602
2010-08-02 06:00:00,334.5238
2010-08-02 09:00:00,334.64862
2010-08-02 12:00:00,332.27448
2010-08-02 15:00:00,330.0581
2010-08-02 18:00:00,330.1742
2010-08-02 21:00:00,330.75427
2010-08-03 00:00:00,329.97565
2010-08-03 03:00:00,327.84802
2010-08-03 06:00:00,325.53064
2010-08-03 09:00:00,323.9862
2010-08-03 12:00:00,323.52063
2010-08-03 15:00:00,323.30792
2010-08-03 18:00:00,323.60526
2010-08-03 21:00:00,324.99326
2010-08-04 00:00:00,326.34833
2010-08-04 03:00:00,327.07965
2010-08-04 06:00:00,327.14203
2010-08-04 09:00:00,327.2704
2010-08-04 12:00:00,327.61285
2010-08-04 15:00:00,327.53326
2010-08-04 18:00:00,327.71515
2010-08-04 21:00:00,329.86395
2010-08-05 00:00:00,332.13107
2010-08-05 03:00:00,332.70343
2010-08-05 06:00:00,331.95044
2010-08-05 09:00:00,331.63696
2010-08-05 12:00:00,330.69897
2010-08-05 15:00:00,329.48663
2010-08-05 18:00:00,328.9226
2010-08-05 21:00:00,329.5534
2010-08-06 00:00:00,329.21072
2010-08-06 03:00:00,328.03888
2010-08-06 06:00:00,326.60004
2010-08-06 09:00:00,325.28473
2010-08-06 12:00:00,324.68835
2010-08-06 15:00:00,324.49475
2010-08-06 18:00:00,324.63605
2010-08-06 21:00:00,324.84393
2010-08-07 00:00:00,324.85693
2010-08-07 03:00:00,324.9729
2010-08-07 06:00:00,325.29602
2010-08-07 09:00:00,325.71454
2010-08-07 12:00:00,326.28876
2010-08-07 15:00:00,327.09863
2010-08-07 18:00:00,328.12683
2010-08-07 21:00:00,328.81104
2010-08-08 00:00:00,329.66193
2010-08-08 03:00:00,329.5652
2010-08-08 06:00:00,329.792
2010-08-08 09:00:00,329.87164
2010-08-08 12:00:00,330.07214
2010-08-08 15:00:00,330.1421
2010-08-08 18:00:00,330.41272
2010-08-08 21:00:00,330.61072
2010-08-09 00:00:00,330.88403
2010-08-09 03:00:00,331.22675
2010-08-09 06:00:00,331.8913
2010-08-09 09:00:00,332.61053
2010-08-09 12:00:00,332.7862
2010-08-09 15:00:00,332.3852
2010-08-09 18:00:00,332.09497
2010-08-09 21:00:00,331.95422
2010-08-10 00:00:00,332.0808
2010-08-10 03:00:00,332.05774
2010-08-10 06:00:00,331.78125
2010-08-10 09:00:00,331.4944
2010-08-10 12:00:00,330.73584
2010-08-10 15:00:00,329.9231
2010-08-10 18:00:00,329.65527
2010-08-10 21:00:00,329.23706
2010-08-11 00:00:00,328.3153
2010-08-11 03:00:00,326.98608
2010-08-11 06:00:00,327.25696
2010-08-11 09:00:00,325.63635
2010-08-11 12:00:00,323.8651
2010-08-11 15:00:00,323.4619
2010-08-11 18:00:00,326.59186
2010-08-11 21:00:00,332.25494
2010-08-12 00:00:00,336.7645
2010-08-12 03:00:00,337.7625
2010-08-12 06:00:00,337.68042
2010-08-12 09:00:00,337.00952
2010-08-12 12:00:00,332.48895
2010-08-12 15:00:00,329.0619
2010-08-12 18:00:00,329.72485
2010-08-12 21:00:00,331.4027
2010-08-13 00:00:00,330.12012
2010-08-13 03:00:00,328.51257
2010-08-13 06:00:00,328.19812
2010-08-13 09:00:00,326.71344
2010-08-13 12:00:00,325.0318
2010-08-13 15:00:00,324.55588
2010-08-13 18:00:00,326.98703
2010-08-13 21:00:00,330.06488
2010-08-14 00:00:00,330.26443
2010-08-14 03:00:00,329.76294
2010-08-14 06:00:00,328.65582
2010-08-14 09:00:00,327.7529
2010-08-14 12:00:00,327.60028
2010-08-14 15:00:00,327.82166
2010-08-14 18:00:00,328.27368
2010-08-14 21:00:00,329.0569
2010-08-15 00:00:00,329.72687
2010-08-15 03:00:00,330.0842
2010-08-15 06:00:00,330.14276
2010-08-15 09:00:00,330.22913
2010-08-15 12:00:00,330.20193
2010-08-15 15:00:00,330.19333
2010-08-15 18:00:00,330.64117
2010-08-15 21:00:00,330.78784
2010-08-16 00:00:00,330.47382
2010-08-16 03:00:00,329.57898
2010-08-16 06:00:00,328.61176
2010-08-16 09:00:00,327.8172
2010-08-16 12:00:00,327.5442
2010-08-16 15:00:00,326.01093
2010-08-16 18:00:00,325.17908
2010-08-16 21:00:00,325.302
2010-08-17 00:00:00,324.81763
2010-08-17 03:00:00,323.98785
2010-08-17 06:00:00,323.48743
2010-08-17 09:00:00,322.97742
2010-08-17 12:00:00,322.8465
2010-08-17 15:00:00,322.12067
2010-08-17 18:00:00,322.54108
2010-08-17 21:00:00,324.36896
2010-08-18 00:00:00,324.7089
2010-08-18 03:00:00,325.95096
2010-08-18 06:00:00,327.8459
2010-08-18 09:00:00,329.45868
2010-08-18 12:00:00,331.67065
2010-08-18 15:00:00,329.00293
2010-08-18 18:00:00,328.29382
2010-08-18 21:00:00,331.32776
2010-08-19 00:00:00,333.25146
2010-08-19 03:00:00,336.39807
2010-08-19 06:00:00,337.1106
2010-08-19 09:00:00,335.51685
2010-08-19 12:00:00,328.47144
2010-08-19 15:00:00,323.75977
2010-08-19 18:00:00,321.29895
2010-08-19 21:00:00,322.55676
2010-08-20 00:00:00,322.43872
2010-08-20 03:00:00,322.0011
2010-08-20 06:00:00,324.46472
2010-08-20 09:00:00,324.40625
2010-08-20 12:00:00,320.8855
2010-08-20 15:00:00,319.02515
2010-08-20 18:00:00,319.06433
2010-08-20 21:00:00,318.11945
2010-08-21 00:00:00,316.83087
2010-08-21 03:00:00,315.5421
2010-08-21 06:00:00,313.29102
2010-08-21 09:00:00,310.96948
2010-08-21 12:00:00,308.7661
2010-08-21 15:00:00,306.75037
2010-08-21 18:00:00,305.94818
2010-08-21 21:00:00,306.89136
2010-08-22 00:00:00,306.9917
2010-08-22 03:00:00,306.6801
2010-08-22 06:00:00,308.9046
2010-08-22 09:00:00,309.72815
2010-08-22 12:00:00,309.568
2010-08-22 15:00:00,311.02478
2010-08-22 18:00:00,311.48743
2010-08-22 21:00:00,315.76575
2010-08-23 00:00:00,313.36255
2010-08-23 03:00:00,311.69653
2010-08-23 06:00:00,309.65015
2010-08-23 09:00:00,306.29175
2010-08-23 12:00:00,303.78198
2010-08-23 15:00:00,301.34424
2010-08-23 18:00:00,299.58496
2010-08-23 21:00:00,299.13257
2010-08-24 00:00:00,299.6277
2010-08-24 03:00:00,300.47046
2010-08-24 06:00:00,304.61987
2010-08-24 09:00:00,307.36084
2010-08-24 12:00:00,307.85352
2010-08-24 15:00:00,306.87256
2010-08-24 18:00:00,307.52026
2010-08-24 21:00:00,309.7046
2010-08-25 00:00:00,311.28174
2010-08-25 03:00:00,311.2351
2010-08-25 06:00:00,311.45093
2010-08-25 09:00:00,311.0172
2010-08-25 12:00:00,308.93005
2010-08-25 15:00:00,306.65686
2010-08-25 18:00:00,304.35278
2010-08-25 21:00:00,302.22986
2010-08-26 00:00:00,300.54407
2010-08-26 03:00:00,300.0481
2010-08-26 06:00:00,299.84387
2010-08-26 09:00:00,299.56665
2010-08-26 12:00:00,299.4536
2010-08-26 15:00:00,299.8944
2010-08-26 18:00:00,302.5276
2010-08-26 21:00:00,306.88464
2010-08-27 00:00:00,307.19067
2010-08-27 03:00:00,305.39624
2010-08-27 06:00:00,307.5398
2010-08-27 09:00:00,303.50122
2010-08-27 12:00:00,302.17432
2010-08-27 15:00:00,304.1615
2010-08-27 18:00:00,306.20447
2010-08-27 21:00:00,307.92834
2010-08-28 00:00:00,308.2503
2010-08-28 03:00:00,309.37805
2010-08-28 06:00:00,310.58942
2010-08-28 09:00:00,311.63306
2010-08-28 12:00:00,313.02637
2010-08-28 15:00:00,314.83484
2010-08-28 18:00:00,317.56396
2010-08-28 21:00:00,320.62854
2010-08-29 00:00:00,321.32043
2010-08-29 03:00:00,320.6527
2010-08-29 06:00:00,317.8131
2010-08-29 09:00:00,313.0829
2010-08-29 12:00:00,307.6145
2010-08-29 15:00:00,300.96875
2010-08-29 18:00:00,296.10938
2010-08-29 21:00:00,292.9879
2010-08-30 00:00:00,290.14087
2010-08-30 03:00:00,287.70435
2010-08-30 06:00:00,285.9167
2010-08-30 09:00:00,284.54297
2010-08-30 12:00:00,283.27484
2010-08-30 15:00:00,282.4054
2010-08-30 18:00:00,281.72028
2010-08-30 21:00:00,281.19238
2010-08-31 00:00:00,280.9004
2010-08-31 03:00:00,280.90405
2010-08-31 06:00:00,281.2533
2010-08-31 09:00:00,281.51392
2010-08-31 12:00:00,281.80975
2010-08-31 15:00:00,283.14862
2010-08-31 18:00:00,283.9948
2010-08-31 21:00:00,285.40674
2010-09-01 00:00:00,286.04523
2010-09-01 03:00:00,286.43677
2010-09-01 06:00:00,290.3557
2010-09-01 09:00:00,288.7671
2010-09-01 12:00:00,287.85583
2010-09-01 15:00:00,287.74365
2010-09-01 18:00:00,286.41028
2010-09-01 21:00:00,287.07697
2010-09-02 00:00:00,287.21582
2010-09-02 03:00:00,286.85577
2010-09-02 06:00:00,286.72333
2010-09-02 09:00:00,290.27002
2010-09-02 12:00:00,292.03943
2010-09-02 15:00:00,294.7821
2010-09-02 18:00:00,296.248
2010-09-02 21:00:00,297.57715
2010-09-03 00:00:00,299.00128
2010-09-03 03:00:00,298.5869
2010-09-03 06:00:00,296.54724
2010-09-03 09:00:00,294.9663
2010-09-03 12:00:00,294.0725
2010-09-03 15:00:00,293.6142
2010-09-03 18:00:00,294.39136
2010-09-03 21:00:00,296.90546
2010-09-04 00:00:00,298.7337
2010-09-04 03:00:00,299.08643
2010-09-04 06:00:00,298.92468
2010-09-04 09:00:00,298.62524
2010-09-04 12:00:00,298.7213
2010-09-04 15:00:00,302.19885
2010-09-04 18:00:00,303.42212
2010-09-04 21:00:00,304.13104
2010-09-05 00:00:00,308.08026
2010-09-05 03:00:00,310.46472
2010-09-05 06:00:00,310.41895
2010-09-05 09:00:00,309.14478
2010-09-05 12:00:00,308.1964
2010-09-05 15:00:00,309.6106
2010-09-05 18:00:00,310.39893
2010-09-05 21:00:00,311.3308
2010-09-06 00:00:00,310.61963
2010-09-06 03:00:00,309.21216
2010-09-06 06:00:00,306.73035
2010-09-06 09:00:00,303.62244
2010-09-06 12:00:00,301.71936
2010-09-06 15:00:00,300.8838
2010-09-06 18:00:00,299.7456
2010-09-06 21:00:00,299.8482
2010-09-07 00:00:00,300.02917
2010-09-07 03:00:00,300.30103
2010-09-07 06:00:00,300.54083
2010-09-07 09:00:00,300.49573
2010-09-07 12:00:00,299.9287
2010-09-07 15:00:00,298.47717
2010-09-07 18:00:00,298.46228
2010-09-07 21:00:00,302.61325
2010-09-08 00:00:00,306.67566
2010-09-08 03:00:00,309.06287
2010-09-08 06:00:00,309.28333
2010-09-08 09:00:00,308.5686
2010-09-08 12:00:00,307.58435
2010-09-08 15:00:00,306.56128
2010-09-08 18:00:00,306.23798
2010-09-08 21:00:00,308.31195
2010-09-09 00:00:00,309.87366
2010-09-09 03:00:00,309.45923
2010-09-09 06:00:00,308.8181
2010-09-09 09:00:00,308.25293
2010-09-09 12:00:00,309.22656
2010-09-09 15:00:00,311.78955
2010-09-09 18:00:00,316.01746
2010-09-09 21:00:00,318.86505
2010-09-10 00:00:00,319.51648
2010-09-10 03:00:00,319.59753
2010-09-10 06:00:00,318.62634
2010-09-10 09:00:00,316.79083
2010-09-10 12:00:00,315.3695
2010-09-10 15:00:00,314.20288
2010-09-10 18:00:00,313.32263
2010-09-10 21:00:00,313.84235
2010-09-11 00:00:00,314.28418
2010-09-11 03:00:00,314.50134
2010-09-11 06:00:00,314.9779
2010-09-11 09:00:00,315.17517
2010-09-11 12:00:00,315.1176
2010-09-11 15:00:00,314.891
2010-09-11 18:00:00,315.82037
2010-09-11 21:00:00,316.5498
2010-09-12 00:00:00,316.9035
2010-09-12 03:00:00,317.4662
2010-09-12 06:00:00,317.22382
2010-09-12 09:00:00,317.56384
2010-09-12 12:00:00,319.33362
2010-09-12 15:00:00,322.31653
2010-09-12 18:00:00,325.53726
2010-09-12 21:00:00,327.94324
2010-09-13 00:00:00,329.6493
2010-09-13 03:00:00,330.8412
2010-09-13 06:00:00,331.54822
2010-09-13 09:00:00,332.0822
2010-09-13 12:00:00,332.5213
2010-09-13 15:00:00,332.3382
2010-09-13 18:00:00,332.6145
2010-09-13 21:00:00,332.825
2010-09-14 00:00:00,332.86633
2010-09-14 03:00:00,332.54517
2010-09-14 06:00:00,332.01587
2010-09-14 09:00:00,331.12073
2010-09-14 12:00:00,329.98663
2010-09-14 15:00:00,329.03625
2010-09-14 18:00:00,328.45508
2010-09-14 21:00:00,327.9392
2010-09-15 00:00:00,327.48096
2010-09-15 03:00:00,326.79858
2010-09-15 06:00:00,324.49646
2010-09-15 09:00:00,323.3324
2010-09-15 12:00:00,328.61023
2010-09-15 15:00:00,328.97815
2010-09-15 18:00:00,325.7898
2010-09-15 21:00:00,324.2085
2010-09-16 00:00:00,324.82666
2010-09-16 03:00:00,326.2459
2010-09-16 06:00:00,327.86444
2010-09-16 09:00:00,327.79712
2010-09-16 12:00:00,328.1758
2010-09-16 15:00:00,327.82916
2010-09-16 18:00:00,327.45013
2010-09-16 21:00:00,328.60406
2010-09-17 00:00:00,329.74963
2010-09-17 03:00:00,328.89026
2010-09-17 06:00:00,329.06262
2010-09-17 09:00:00,328.83887
2010-09-17 12:00:00,326.50024
2010-09-17 15:00:00,324.22797
2010-09-17 18:00:00,324.37238
2010-09-17 21:00:00,325.77203
2010-09-18 00:00:00,326.11182
2010-09-18 03:00:00,326.4096
2010-09-18 06:00:00,326.69263
2010-09-18 09:00:00,327.08948
2010-09-18 12:00:00,327.47803
2010-09-18 15:00:00,327.7345
2010-09-18 18:00:00,327.9342
2010-09-18 21:00:00,328.19537
2010-09-19 00:00:00,328.75348
2010-09-19 03:00:00,328.71112
2010-09-19 06:00:00,328.58044
2010-09-19 09:00:00,327.8672
2010-09-19 12:00:00,327.02368
2010-09-19 15:00:00,326.0592
2010-09-19 18:00:00,325.09363
2010-09-19 21:00:00,324.3562
2010-09-20 00:00:00,323.1255
2010-09-20 03:00:00,321.14954
2010-09-20 06:00:00,319.11108
2010-09-20 09:00:00,317.099
2010-09-20 12:00:00,314.27234
2010-09-20 15:00:00,313.1543
2010-09-20 18:00:00,311.6974
2010-09-20 21:00:00,310.97656
2010-09-21 00:00:00,309.93396
2010-09-21 03:00:00,309.08887
2010-09-21 06:00:00,307.5946
2010-09-21 09:00:00,307.19983
2010-09-21 12:00:00,306.6361
2010-09-21 15:00:00,306.3883
2010-09-21 18:00:00,307.6366
2010-09-21 21:00:00,308.25928
2010-09-22 00:00:00,308.1563
2010-09-22 03:00:00,307.85333
2010-09-22 06:00:00,307.13336
2010-09-22 09:00:00,306.4782
2010-09-22 12:00:00,305.81268
2010-09-22 15:00:00,305.0551
2010-09-22 18:00:00,304.38562
2010-09-22 21:00:00,303.6501
2010-09-23 00:00:00,302.9178
2010-09-23 03:00:00,302.19653
2010-09-23 06:00:00,301.44757
2010-09-23 09:00:00,300.33856
2010-09-23 12:00:00,298.82062
2010-09-23 15:00:00,297.1582
2010-09-23 18:00:00,295.70374
2010-09-23 21:00:00,294.2588
2010-09-24 00:00:00,292.82642
2010-09-24 03:00:00,291.86578
2010-09-24 06:00:00,291.41467
2010-09-24 09:00:00,291.43652
2010-09-24 12:00:00,292.19543
2010-09-24 15:00:00,293.7602
2010-09-24 18:00:00,298.79016
2010-09-24 21:00:00,303.6029
2010-09-25 00:00:00,307.95154
2010-09-25 03:00:00,311.41663
2010-09-25 06:00:00,311.16663
2010-09-25 09:00:00,311.1303
2010-09-25 12:00:00,312.01025
2010-09-25 15:00:00,311.85992
2010-09-25 18:00:00,313.3026
2010-09-25 21:00:00,315.99304
2010-09-26 00:00:00,315.57227
2010-09-26 03:00:00,314.31494
2010-09-26 06:00:00,315.27783
2010-09-26 09:00:00,316.97742
2010-09-26 12:00:00,316.75146
2010-09-26 15:00:00,315.26318
2010-09-26 18:00:00,313.59418
2010-09-26 21:00:00,313.4671
2010-09-27 00:00:00,312.63086
2010-09-27 03:00:00,312.049
2010-09-27 06:00:00,312.34454
2010-09-27 09:00:00,314.33185
2010-09-27 12:00:00,313.4801
2010-09-27 15:00:00,312.73474
2010-09-27 18:00:00,313.82263
2010-09-27 21:00:00,315.9649
2010-09-28 00:00:00,317.09192
2010-09-28 03:00:00,318.67468
2010-09-28 06:00:00,320.91443
2010-09-28 09:00:00,318.6875
2010-09-28 12:00:00,313.14636
2010-09-28 15:00:00,309.9735
2010-09-28 18:00:00,308.63074
2010-09-28 21:00:00,307.80652
2010-09-29 00:00:00,307.19696
2010-09-29 03:00:00,306.95612
2010-09-29 06:00:00,307.37933
2010-09-29 09:00:00,308.48822
2010-09-29 12:00:00,307.903
2010-09-29 15:00:00,309.14148
2010-09-29 18:00:00,311.5503
2010-09-29 21:00:00,314.1554
2010-09-30 00:00:00,315.37036
2010-09-30 03:00:00,316.31342
2010-09-30 06:00:00,318.87036
2010-09-30 09:00:00,318.7035
2010-09-30 12:00:00,318.32257
2010-09-30 15:00:00,319.30914
2010-09-30 18:00:00,321.50827
2010-09-30 21:00:00,324.70776
2010-10-01 00:00:00,325.47253
2010-10-01 03:00:00,325.26843
2010-10-01 06:00:00,324.3319
2010-10-01 09:00:00,321.5797
2010-10-01 12:00:00,318.94897
2010-10-01 15:00:00,317.60162
2010-10-01 18:00:00,317.36407
2010-10-01 21:00:00,317.68542
2010-10-02 00:00:00,317.37634
2010-10-02 03:00:00,316.70728
2010-10-02 06:00:00,315.97876
2010-10-02 09:00:00,315.1123
2010-10-02 12:00:00,314.0686
2010-10-02 15:00:00,312.86304
2010-10-02 18:00:00,311.58618
2010-10-02 21:00:00,309.79102
2010-10-03 00:00:00,305.43994
2010-10-03 03:00:00,297.15625
2010-10-03 06:00:00,287.30908
2010-10-03 09:00:00,279.41528
2010-10-03 12:00:00,264.94855
2010-10-03 15:00:00,259.49698
2010-10-03 18:00:00,272.0418
2010-10-03 21:00:00,281.65326
2010-10-04 00:00:00,290.74023
2010-10-04 03:00:00,299.5423
2010-10-04 06:00:00,305.15808
2010-10-04 09:00:00,308.07837
2010-10-04 12:00:00,308.78503
2010-10-04 15:00:00,309.1654
2010-10-04 18:00:00,309.4928
2010-10-04 21:00:00,309.6521
2010-10-05 00:00:00,309.4796
2010-10-05 03:00:00,309.1416
2010-10-05 06:00:00,308.99622
2010-10-05 09:00:00,308.99316
2010-10-05 12:00:00,309.10193
2010-10-05 15:00:00,309.24615
2010-10-05 18:00:00,310.08783
2010-10-05 21:00:00,312.5182
2010-10-06 00:00:00,315.92786
2010-10-06 03:00:00,318.55066
2010-10-06 06:00:00,319.4685
2010-10-06 09:00:00,319.4151
2010-10-06 12:00:00,318.9638
2010-10-06 15:00:00,318.4411
2010-10-06 18:00:00,318.0133
2010-10-06 21:00:00,317.63867
2010-10-07 00:00:00,317.3172
2010-10-07 03:00:00,316.9566
2010-10-07 06:00:00,316.53534
2010-10-07 09:00:00,316.0327
2010-10-07 12:00:00,314.88354
2010-10-07 15:00:00,311.70825
2010-10-07 18:00:00,306.26538
2010-10-07 21:00:00,299.1548
2010-10-08 00:00:00,283.97803
2010-10-08 03:00:00,269.4502
2010-10-08 06:00:00,244.98553
2010-10-08 09:00:00,224.16144
2010-10-08 12:00:00,222.08553
2010-10-08 15:00:00,227.2781
2010-10-08 18:00:00,244.74333
2010-10-08 21:00:00,263.08722
2010-10-09 00:00:00,272.8744
2010-10-09 03:00:00,281.26868
2010-10-09 06:00:00,284.7796
2010-10-09 09:00:00,287.1067
2010-10-09 12:00:00,289.6181
2010-10-09 15:00:00,292.01343
2010-10-09 18:00:00,293.55487
2010-10-09 21:00:00,294.49243
2010-10-10 00:00:00,294.133
2010-10-10 03:00:00,293.82214
2010-10-10 06:00:00,293.85242
2010-10-10 09:00:00,293.9182
2010-10-10 12:00:00,293.823
2010-10-10 15:00:00,293.61127
2010-10-10 18:00:00,293.4773
2010-10-10 21:00:00,293.6264
2010-10-11 00:00:00,294.08667
2010-10-11 03:00:00,294.89874
2010-10-11 06:00:00,298.4671
2010-10-11 09:00:00,300.3683
2010-10-11 12:00:00,301.54053
2010-10-11 15:00:00,302.23474
2010-10-11 18:00:00,300.82068
2010-10-11 21:00:00,299.49268
2010-10-12 00:00:00,298.68835
2010-10-12 03:00:00,298.79236
2010-10-12 06:00:00,299.68378
2010-10-12 09:00:00,301.19525
2010-10-12 12:00:00,303.0869
2010-10-12 15:00:00,304.49316
2010-10-12 18:00:00,305.2002
2010-10-12 21:00:00,306.21973
2010-10-13 00:00:00,302.82703
2010-10-13 03:00:00,298.28455
2010-10-13 06:00:00,293.1079
2010-10-13 09:00:00,288.266
2010-10-13 12:00:00,284.42627
2010-10-13 15:00:00,281.70416
2010-10-13 18:00:00,280.25208
2010-10-13 21:00:00,279.6499
2010-10-14 00:00:00,279.4926
2010-10-14 03:00:00,279.47217
2010-10-14 06:00:00,279.47412
2010-10-14 09:00:00,279.43176
2010-10-14 12:00:00,279.38556
2010-10-14 15:00:00,279.37952
2010-10-14 18:00:00,279.60938
2010-10-14 21:00:00,279.83282
2010-10-15 00:00:00,280.79742
2010-10-15 03:00:00,282.4826
2010-10-15 06:00:00,283.56354
2010-10-15 09:00:00,284.69812
2010-10-15 12:00:00,285.71594
2010-10-15 15:00:00,287.4494
2010-10-15 18:00:00,289.8103
2010-10-15 21:00:00,291.99286
2010-10-16 00:00:00,294.34155
2010-10-16 03:00:00,296.0808
2010-10-16 06:00:00,296.57178
2010-10-16 09:00:00,296.53186
2010-10-16 12:00:00,296.22278
2010-10-16 15:00:00,295.89954
2010-10-16 18:00:00,295.76636
2010-10-16 21:00:00,295.62695
2010-10-17 00:00:00,295.57947
2010-10-17 03:00:00,296.36755
2010-10-17 06:00:00,295.60242
2010-10-17 09:00:00,295.0476
2010-10-17 12:00:00,296.21204
2010-10-17 15:00:00,302.06384
2010-10-17 18:00:00,312.22705
2010-10-17 21:00:00,316.33887
2010-10-18 00:00:00,318.12634
2010-10-18 03:00:00,320.51996
2010-10-18 06:00:00,323.42255
2010-10-18 09:00:00,323.98627
2010-10-18 12:00:00,321.4563
2010-10-18 15:00:00,318.68866
2010-10-18 18:00:00,318.82068
2010-10-18 21:00:00,319.86035
2010-10-19 00:00:00,320.35498
2010-10-19 03:00:00,320.2893
2010-10-19 06:00:00,319.88702
2010-10-19 09:00:00,319.8404
2010-10-19 12:00:00,319.33887
2010-10-19 15:00:00,318.74023
2010-10-19 18:00:00,319.27444
2010-10-19 21:00:00,321.41034
2010-10-20 00:00:00,322.7561
2010-10-20 03:00:00,323.84534
2010-10-20 06:00:00,324.53616
2010-10-20 09:00:00,325.17697
2010-10-20 12:00:00,325.7255
2010-10-20 15:00:00,326.2443
2010-10-20 18:00:00,326.7498
2010-10-20 21:00:00,327.27747
2010-10-21 00:00:00,327.68967
2010-10-21 03:00:00,327.83282
2010-10-21 06:00:00,327.61163
2010-10-21 09:00:00,326.9156
2010-10-21 12:00:00,325.80542
2010-10-21 15:00:00,323.4485
2010-10-21 18:00:00,321.71875
2010-10-21 21:00:00,320.27698
2010-10-22 00:00:00,319.76587
2010-10-22 03:00:00,318.90503
2010-10-22 06:00:00,319.20874
2010-10-22 09:00:00,316.37866
2010-10-22 12:00:00,313.0724
2010-10-22 15:00:00,310.76062
2010-10-22 18:00:00,310.6034
2010-10-22 21:00:00,312.1859
2010-10-23 00:00:00,314.8617
2010-10-23 03:00:00,320.4336
2010-10-23 06:00:00,323.52612
2010-10-23 09:00:00,319.41528
2010-10-23 12:00:00,320.48047
2010-10-23 15:00:00,322.78955
2010-10-23 18:00:00,325.8838
2010-10-23 21:00:00,330.88223
2010-10-24 00:00:00,335.6239
2010-10-24 03:00:00,336.2497
2010-10-24 06:00:00,337.011
2010-10-24 09:00:00,337.7212
2010-10-24 12:00:00,334.42822
2010-10-24 15:00:00,329.79248
2010-10-24 18:00:00,329.7815
2010-10-24 21:00:00,333.43774
2010-10-25 00:00:00,332.07837
2010-10-25 03:00:00,329.94543
2010-10-25 06:00:00,331.32178
2010-10-25 09:00:00,328.61035
2010-10-25 12:00:00,324.56238
2010-10-25 15:00:00,324.02686
2010-10-25 18:00:00,323.5492
2010-10-25 21:00:00,324.48242
2010-10-26 00:00:00,324.78723
2010-10-26 03:00:00,322.11804
2010-10-26 06:00:00,320.23444
2010-10-26 09:00:00,318.07028
2010-10-26 12:00:00,315.6106
2010-10-26 15:00:00,313.1054
2010-10-26 18:00:00,311.26135
2010-10-26 21:00:00,309.18567
2010-10-27 00:00:00,307.1338
2010-10-27 03:00:00,305.15387
2010-10-27 06:00:00,303.5735
2010-10-27 09:00:00,302.25177
2010-10-27 12:00:00,301.22272
2010-10-27 15:00:00,300.39886
2010-10-27 18:00:00,300.4204
2010-10-27 21:00:00,300.41583
2010-10-28 00:00:00,299.66772
2010-10-28 03:00:00,298.91412
2010-10-28 06:00:00,298.08588
2010-10-28 09:00:00,297.19727
2010-10-28 12:00:00,296.08026
2010-10-28 15:00:00,294.99963
2010-10-28 18:00:00,293.40906
2010-10-28 21:00:00,293.7688
2010-10-29 00:00:00,293.93384
2010-10-29 03:00:00,289.35718
2010-10-29 06:00:00,282.95215
2010-10-29 09:00:00,270.04736
2010-10-29 12:00:00,262.6162
2010-10-29 15:00:00,277.4662
2010-10-29 18:00:00,284.3944
2010-10-29 21:00:00,289.78052
2010-10-30 00:00:00,293.39868
2010-10-30 03:00:00,294.83118
2010-10-30 06:00:00,293.53845
2010-10-30 09:00:00,286.76562
2010-10-30 12:00:00,281.8313
2010-10-30 15:00:00,277.93958
2010-10-30 18:00:00,280.8927
2010-10-30 21:00:00,283.54224
2010-10-31 00:00:00,287.0478
2010-10-31 03:00:00,293.45752
2010-10-31 06:00:00,300.80786
2010-10-31 09:00:00,306.46094
2010-10-31 12:00:00,308.28156
2010-10-31 15:00:00,310.05035
2010-10-31 18:00:00,311.82904
2010-10-31 21:00:00,314.0829
2010-11-01 00:00:00,315.08246
2010-11-01 03:00:00,315.70447
2010-11-01 06:00:00,318.3673
2010-11-01 09:00:00,320.09576
2010-11-01 12:00:00,321.0241
2010-11-01 15:00:00,322.7846
2010-11-01 18:00:00,324.73468
2010-11-01 21:00:00,325.4599
2010-11-02 00:00:00,324.86188
2010-11-02 03:00:00,325.5557
2010-11-02 06:00:00,327.1648
2010-11-02 09:00:00,327.49475
2010-11-02 12:00:00,327.05835
2010-11-02 15:00:00,326.6317
2010-11-02 18:00:00,327.26074
2010-11-02 21:00:00,326.67267
2010-11-03 00:00:00,325.5827
2010-11-03 03:00:00,322.47662
2010-11-03 06:00:00,320.31628
2010-11-03 09:00:00,318.57553
2010-11-03 12:00:00,317.22333
2010-11-03 15:00:00,316.22052
2010-11-03 18:00:00,315.57538
2010-11-03 21:00:00,315.0163
2010-11-04 00:00:00,314.50342
2010-11-04 03:00:00,314.13525
2010-11-04 06:00:00,313.90692
2010-11-04 09:00:00,313.79758
2010-11-04 12:00:00,313.7216
2010-11-04 15:00:00,313.64398
2010-11-04 18:00:00,313.7287
2010-11-04 21:00:00,313.8222
2010-11-05 00:00:00,313.9638
2010-11-05 03:00:00,313.97034
2010-11-05 06:00:00,314.0492
2010-11-05 09:00:00,314.2674
2010-11-05 12:00:00,313.8919
2010-11-05 15:00:00,313.1986
2010-11-05 18:00:00,312.52905
2010-11-05 21:00:00,311.90833
2010-11-06 00:00:00,311.2931
2010-11-06 03:00:00,310.6985
2010-11-06 06:00:00,310.18933
2010-11-06 09:00:00,309.64905
2010-11-06 12:00:00,308.95374
2010-11-06 15:00:00,308.42188
2010-11-06 18:00:00,307.5952
2010-11-06 21:00:00,307.51678
2010-11-07 00:00:00,311.2591
2010-11-07 03:00:00,316.43997
2010-11-07 06:00:00,325.14865
2010-11-07 09:00:00,328.25598
2010-11-07 12:00:00,324.99646
2010-11-07 15:00:00,323.37732
2010-11-07 18:00:00,327.3076
2010-11-07 21:00:00,331.95465
2010-11-08 00:00:00,333.40723
2010-11-08 03:00:00,331.30835
2010-11-08 06:00:00,327.81067
2010-11-08 09:00:00,320.96143
2010-11-08 12:00:00,312.4441
2010-11-08 15:00:00,305.6416
2010-11-08 18:00:00,306.17273
2010-11-08 21:00:00,306.461
2010-11-09 00:00:00,310.56543
2010-11-09 03:00:00,314.4873
2010-11-09 06:00:00,316.79584
2010-11-09 09:00:00,319.33362
2010-11-09 12:00:00,322.22974
2010-11-09 15:00:00,323.79877
2010-11-09 18:00:00,324.53247
2010-11-09 21:00:00,324.77527
2010-11-10 00:00:00,324.75146
2010-11-10 03:00:00,324.44934
2010-11-10 06:00:00,324.18213
2010-11-10 09:00:00,323.91583
2010-11-10 12:00:00,323.68848
2010-11-10 15:00:00,323.64734
2010-11-10 18:00:00,323.74786
2010-11-10 21:00:00,323.85468
2010-11-11 00:00:00,323.7959
2010-11-11 03:00:00,323.7162
2010-11-11 06:00:00,323.60284
2010-11-11 09:00:00,323.3935
2010-11-11 12:00:00,323.06165
2010-11-11 15:00:00,322.536
2010-11-11 18:00:00,321.94067
2010-11-11 21:00:00,321.11835
2010-11-12 00:00:00,320.14374
2010-11-12 03:00:00,319.1604
2010-11-12 06:00:00,318.58228
2010-11-12 09:00:00,318.71857
2010-11-12 12:00:00,319.48486
2010-11-12 15:00:00,320.81067
2010-11-12 18:00:00,322.8608
2010-11-12 21:00:00,324.88968
2010-11-13 00:00:00,326.17435
2010-11-13 03:00:00,326.43323
2010-11-13 06:00:00,325.82336
2010-11-13 09:00:00,324.33667
2010-11-13 12:00:00,321.51306
2010-11-13 15:00:00,316.0691
2010-11-13 18:00:00,310.06274
2010-11-13 21:00:00,303.23755
2010-11-14 00:00:00,294.0974
2010-11-14 03:00:00,278.8269
2010-11-14 06:00:00,280.7752
2010-11-14 09:00:00,289.6411
2010-11-14 12:00:00,294.0431
2010-11-14 15:00:00,300.1963
2010-11-14 18:00:00,306.83868
2010-11-14 21:00:00,311.9779
2010-11-15 00:00:00,310.67505
2010-11-15 03:00:00,310.30505
2010-11-15 06:00:00,310.61902
2010-11-15 09:00:00,311.50885
2010-11-15 12:00:00,313.36823
2010-11-15 15:00:00,315.87878
2010-11-15 18:00:00,317.75323
2010-11-15 21:00:00,318.7981
2010-11-16 00:00:00,319.19733
2010-11-16 03:00:00,319.29797
2010-11-16 06:00:00,319.31628
2010-11-16 09:00:00,319.18408
2010-11-16 12:00:00,319.01587
2010-11-16 15:00:00,318.6975
2010-11-16 18:00:00,318.3534
2010-11-16 21:00:00,317.57385
2010-11-17 00:00:00,309.58618
2010-11-17 03:00:00,287.36768
2010-11-17 06:00:00,266.3188
2010-11-17 09:00:00,264.25922
2010-11-17 12:00:00,296.07874
2010-11-17 15:00:00,307.44653
2010-11-17 18:00:00,311.42395
2010-11-17 21:00:00,312.61792
2010-11-18 00:00:00,311.76843
2010-11-18 03:00:00,313.77148
2010-11-18 06:00:00,316.07318
2010-11-18 09:00:00,318.735
2010-11-18 12:00:00,320.96924
2010-11-18 15:00:00,322.41388
2010-11-18 18:00:00,323.26288
2010-11-18 21:00:00,323.77655
2010-11-19 00:00:00,324.1407
2010-11-19 03:00:00,324.38434
2010-11-19 06:00:00,324.46515
2010-11-19 09:00:00,324.39197
2010-11-19 12:00:00,323.9867
2010-11-19 15:00:00,321.65015
2010-11-19 18:00:00,318.35974
2010-11-19 21:00:00,315.12817
2010-11-20 00:00:00,306.76807
2010-11-20 03:00:00,295.16846
2010-11-20 06:00:00,284.01666
2010-11-20 09:00:00,306.8604
2010-11-20 12:00:00,314.28992
2010-11-20 15:00:00,317.08655
2010-11-20 18:00:00,318.94788
2010-11-20 21:00:00,320.8145
2010-11-21 00:00:00,321.80554
2010-11-21 03:00:00,322.56445
2010-11-21 06:00:00,323.6889
2010-11-21 09:00:00,324.48615
2010-11-21 12:00:00,324.8214
2010-11-21 15:00:00,324.7506
2010-11-21 18:00:00,323.90833
2010-11-21 21:00:00,322.41614
2010-11-22 00:00:00,321.96655
2010-11-22 03:00:00,321.87048
2010-11-22 06:00:00,321.79236
2010-11-22 09:00:00,321.61926
2010-11-22 12:00:00,321.2998
2010-11-22 15:00:00,321.255
2010-11-22 18:00:00,321.2699
2010-11-22 21:00:00,321.23755
2010-11-23 00:00:00,320.94775
2010-11-23 03:00:00,315.99268
2010-11-23 06:00:00,280.25818
2010-11-23 09:00:00,264.46204
2010-11-23 12:00:00,266.75842
2010-11-23 15:00:00,265.67212
2010-11-23 18:00:00,264.68835
2010-11-23 21:00:00,264.33862
2010-11-24 00:00:00,265.08472
2010-11-24 03:00:00,267.71436
2010-11-24 06:00:00,270.42505
2010-11-24 09:00:00,273.78552
2010-11-24 12:00:00,277.386
2010-11-24 15:00:00,281.42642
2010-11-24 18:00:00,289.28302
2010-11-24 21:00:00,294.88403
2010-11-25 00:00:00,296.06305
2010-11-25 03:00:00,295.65125
2010-11-25 06:00:00,295.7929
2010-11-25 09:00:00,296.0641
2010-11-25 12:00:00,296.667
2010-11-25 15:00:00,297.32062
2010-11-25 18:00:00,298.4383
2010-11-25 21:00:00,299.62323
2010-11-26 00:00:00,302.42987
2010-11-26 03:00:00,305.0337
2010-11-26 06:00:00,307.66034
2010-11-26 09:00:00,310.4109
2010-11-26 12:00:00,312.58765
2010-11-26 15:00:00,314.48248
2010-11-26 18:00:00,322.5746
2010-11-26 21:00:00,334.03052
2010-11-27 00:00:00,1.3399725
2010-11-27 03:00:00,16.498627
2010-11-27 06:00:00,16.214249
2010-11-27 09:00:00,8.714534
2010-11-27 12:00:00,0.5204162
2010-11-27 15:00:00,348.21887
2010-11-27 18:00:00,342.89575
2010-11-27 21:00:00,339.70047
2010-11-28 00:00:00,336.66772
2010-11-28 03:00:00,329.32507
2010-11-28 06:00:00,320.625
2010-11-28 09:00:00,311.3673
2010-11-28 12:00:00,304.79602
2010-11-28 15:00:00,302.80273
2010-11-28 18:00:00,304.37976
2010-11-28 21:00:00,306.9348
2010-11-29 00:00:00,309.36914
2010-11-29 03:00:00,310.1797
2010-11-29 06:00:00,310.146
2010-11-29 09:00:00,309.55396
2010-11-29 12:00:00,306.8601
2010-11-29 15:00:00,293.74512
2010-11-29 18:00:00,268.80927
2010-11-29 21:00:00,252.64354
2010-11-30 00:00:00,246.7182
2010-11-30 03:00:00,244.71169
2010-11-30 06:00:00,252.02354
2010-11-30 09:00:00,256.64325
2010-11-30 12:00:00,261.37256
2010-11-30 15:00:00,269.05542
2010-11-30 18:00:00,272.52368
2010-11-30 21:00:00,273.0371
2010-12-01 00:00:00,273.33044
2010-12-01 03:00:00,271.29535
2010-12-01 06:00:00,275.33167
2010-12-01 09:00:00,279.03003
2010-12-01 12:00:00,277.6831
2010-12-01 15:00:00,278.3523
2010-12-01 18:00:00,280.0868
2010-12-01 21:00:00,280.1267
2010-12-02 00:00:00,279.6311
2010-12-02 03:00:00,280.39417
2010-12-02 06:00:00,283.53387
2010-12-02 09:00:00,296.28137
2010-12-02 12:00:00,297.00793
2010-12-02 15:00:00,298.42834
2010-12-02 18:00:00,298.48645
2010-12-02 21:00:00,298.86816
2010-12-03 00:00:00,299.00598
2010-12-03 03:00:00,309.2943
2010-12-03 06:00:00,318.41486
2010-12-03 09:00:00,321.29358
2010-12-03 12:00:00,322.38867
2010-12-03 15:00:00,320.3352
2010-12-03 18:00:00,319.0664
2010-12-03 21:00:00,321.90186
2010-12-04 00:00:00,326.30505
2010-12-04 03:00:00,330.26868
2010-12-04 06:00:00,342.44485
2010-12-04 09:00:00,68.22511
2010-12-04 12:00:00,129.22696
2010-12-04 15:00:00,137.3942
2010-12-04 18:00:00,145.04907
2010-12-04 21:00:00,149.59583
2010-12-05 00:00:00,157.85657
2010-12-05 03:00:00,179.1117
2010-12-05 06:00:00,201.35977
2010-12-05 09:00:00,211.69751
2010-12-05 12:00:00,220.67058
2010-12-05 15:00:00,224.77153
2010-12-05 18:00:00,228.0174
2010-12-05 21:00:00,227.42311
2010-12-06 00:00:00,228.62518
2010-12-06 03:00:00,229.92296
2010-12-06 06:00:00,231.97908
2010-12-06 09:00:00,234.79411
2010-12-06 12:00:00,237.25934
2010-12-06 15:00:00,237.50923
2010-12-06 18:00:00,236.69313
2010-12-06 21:00:00,238.13397
2010-12-07 00:00:00,236.81636
2010-12-07 03:00:00,235.56393
2010-12-07 06:00:00,236.28917
2010-12-07 09:00:00,235.01611
2010-12-07 12:00:00,235.1577
2010-12-07 15:00:00,229.08719
2010-12-07 18:00:00,227.79575
2010-12-07 21:00:00,237.31398
2010-12-08 00:00:00,245.54204
2010-12-08 03:00:00,248.80669
2010-12-08 06:00:00,250.13663
2010-12-08 09:00:00,251.72993
2010-12-08 12:00:00,256.44644
2010-12-08 15:00:00,264.83386
2010-12-08 18:00:00,274.34436
2010-12-08 21:00:00,281.5249
2010-12-09 00:00:00,286.58093
2010-12-09 03:00:00,289.17188
2010-12-09 06:00:00,293.07886
2010-12-09 09:00:00,291.125
2010-12-09 12:00:00,291.71362
2010-12-09 15:00:00,300.43848
2010-12-09 18:00:00,304.8943
2010-12-09 21:00:00,305.33813
2010-12-10 00:00:00,304.3308
2010-12-10 03:00:00,298.30066
2010-12-10 06:00:00,280.59454
2010-12-10 09:00:00,167.75113
2010-12-10 12:00:00,143.21239
2010-12-10 15:00:00,141.72113
2010-12-10 18:00:00,131.69595
2010-12-10 21:00:00,129.03273
2010-12-11 00:00:00,135.89178
2010-12-11 03:00:00,147.4618
2010-12-11 06:00:00,159.78032
2010-12-11 09:00:00,168.27184
2010-12-11 12:00:00,168.04881
2010-12-11 15:00:00,180.12569
2010-12-11 18:00:00,202.10216
2010-12-11 21:00:00,215.72997
2010-12-12 00:00:00,225.34132
2010-12-12 03:00:00,234.444
2010-12-12 06:00:00,240.94614
2010-12-12 09:00:00,245.14091
2010-12-12 12:00:00,247.55977
2010-12-12 15:00:00,250.57828
2010-12-12 18:00:00,252.73517
2010-12-12 21:00:00,254.16031
2010-12-13 00:00:00,255.91472
2010-12-13 03:00:00,258.49274
2010-12-13 06:00:00,261.1433
2010-12-13 09:00:00,263.92578
2010-12-13 12:00:00,266.7303
2010-12-13 15:00:00,269.87567
2010-12-13 18:00:00,272.98535
2010-12-13 21:00:00,275.87262
2010-12-14 00:00:00,276.7058
2010-12-14 03:00:00,278.0938
2010-12-14 06:00:00,280.00098
2010-12-14 09:00:00,282.4887
2010-12-14 12:00:00,287.0647
2010-12-14 15:00:00,292.8756
2010-12-14 18:00:00,295.3694
2010-12-14 21:00:00,297.59485
2010-12-15 00:00:00,297.99023
2010-12-15 03:00:00,299.6443
2010-12-15 06:00:00,303.56348
2010-12-15 09:00:00,309.07886
2010-12-15 12:00:00,317.27832
2010-12-15 15:00:00,315.29932
2010-12-15 18:00:00,313.1521
2010-12-15 21:00:00,324.07935
2010-12-16 00:00:00,348.37613
2010-12-16 03:00:00,18.369339
2010-12-16 06:00:00,36.468964
2010-12-16 09:00:00,38.207993
2010-12-16 12:00:00,38.58748
2010-12-16 15:00:00,25.494812
2010-12-16 18:00:00,47.91797
2010-12-16 21:00:00,63.359573
2010-12-17 00:00:00,80.219025
2010-12-17 03:00:00,91.14397
2010-12-17 06:00:00,97.09442
2010-12-17 09:00:00,98.89755
2010-12-17 12:00:00,107.40137
2010-12-17 15:00:00,118.59427
2010-12-17 18:00:00,123.00807
2010-12-17 21:00:00,129.79941
2010-12-18 00:00:00,118.83853
2010-12-18 03:00:00,152.03853
2010-12-18 06:00:00,203.44632
2010-12-18 09:00:00,215.76971
2010-12-18 12:00:00,225.98808
2010-12-18 15:00:00,227.76762
2010-12-18 18:00:00,229.01646
2010-12-18 21:00:00,230.32866
2010-12-19 00:00:00,234.89069
2010-12-19 03:00:00,278.75296
2010-12-19 06:00:00,302.17334
2010-12-19 09:00:00,299.87134
2010-12-19 12:00:00,295.71167
2010-12-19 15:00:00,294.48242
2010-12-19 18:00:00,294.77637
2010-12-19 21:00:00,295.16455
2010-12-20 00:00:00,295.14868
2010-12-20 03:00:00,296.2622
2010-12-20 06:00:00,298.16602
2010-12-20 09:00:00,299.34448
2010-12-20 12:00:00,256.60938
2010-12-20 15:00:00,231.06343
2010-12-20 18:00:00,228.33955
2010-12-20 21:00:00,230.11586
2010-12-21 00:00:00,228.45836
2010-12-21 03:00:00,235.74341
2010-12-21 06:00:00,239.92278
2010-12-21 09:00:00,241.47246
2010-12-21 12:00:00,241.85359
2010-12-21 15:00:00,242.57088
2010-12-21 18:00:00,239.60358
2010-12-21 21:00:00,238.64775
2010-12-22 00:00:00,241.23514
2010-12-22 03:00:00,241.60197
2010-12-22 06:00:00,244.50278
2010-12-22 09:00:00,245.1715
2010-12-22 12:00:00,246.03133
2010-12-22 15:00:00,248.4382
2010-12-22 18:00:00,257.94873
2010-12-22 21:00:00,275.36536
2010-12-23 00:00:00,298.763
2010-12-23 03:00:00,309.96466
2010-12-23 06:00:00,315.09628
2010-12-23 09:00:00,316.0216
2010-12-23 12:00:00,313.17432
2010-12-23 15:00:00,308.77478
2010-12-23 18:00:00,308.20215
2010-12-23 21:00:00,306.9026
2010-12-24 00:00:00,303.01062
2010-12-24 03:00:00,299.349
2010-12-24 06:00:00,297.0708
2010-12-24 09:00:00,295.98523
2010-12-24 12:00:00,295.52527
2010-12-24 15:00:00,295.505
2010-12-24 18:00:00,294.6471
2010-12-24 21:00:00,288.85278
2010-12-25 00:00:00,256.79657
2010-12-25 03:00:00,237.29846
2010-12-25 06:00:00,252.88293
2010-12-25 09:00:00,262.0719
2010-12-25 12:00:00,267.44653
2010-12-25 15:00:00,270.8343
2010-12-25 18:00:00,272.77423
2010-12-25 21:00:00,274.15723
2010-12-26 00:00:00,276.34116
2010-12-26 03:00:00,276.61993
2010-12-26 06:00:00,276.61084
2010-12-26 09:00:00,276.9318
2010-12-26 12:00:00,277.1183
2010-12-26 15:00:00,277.1333
2010-12-26 18:00:00,277.03186
2010-12-26 21:00:00,276.82306
2010-12-27 00:00:00,276.31372
2010-12-27 03:00:00,275.94824
2010-12-27 06:00:00,275.5011
2010-12-27 09:00:00,273.32422
2010-12-27 12:00:00,268.6145
2010-12-27 15:00:00,267.26245
2010-12-27 18:00:00,268.35352
2010-12-27 21:00:00,268.41504
2010-12-28 00:00:00,267.67358
2010-12-28 03:00:00,269.8673
2010-12-28 06:00:00,270.00134
2010-12-28 09:00:00,264.37585
2010-12-28 12:00:00,245.43298
2010-12-28 15:00:00,235.88408
2010-12-28 18:00:00,224.04034
2010-12-28 21:00:00,215.30264
2010-12-29 00:00:00,226.51582
2010-12-29 03:00:00,233.81488
2010-12-29 06:00:00,242.5682
2010-12-29 09:00:00,244.9936
2010-12-29 12:00:00,239.0831
2010-12-29 15:00:00,241.1657
2010-12-29 18:00:00,244.44185
2010-12-29 21:00:00,236.86023
2010-12-30 00:00:00,234.24428
2010-12-30 03:00:00,239.23009
2010-12-30 06:00:00,243.41512
2010-12-30 09:00:00,243.79897
2010-12-30 12:00:00,246.11171
2010-12-30 15:00:00,249.40495
2010-12-30 18:00:00,252.52618
2010-12-30 21:00:00,254.99545
2010-12-31 00:00:00,256.29858
2010-12-31 03:00:00,257.28162
2010-12-31 06:00:00,261.42203
2010-12-31 09:00:00,265.41565
2010-12-31 12:00:00,267.77722
2010-12-31 15:00:00,270.32935
2010-12-31 18:00:00,273.5879
2010-12-31 21:00:00,276.60803
2011-01-01 00:00:00,278.8689
2011-01-01 03:00:00,280.93054
2011-01-01 06:00:00,282.29572
2011-01-01 09:00:00,282.90015
2011-01-01 12:00:00,282.70062
2011-01-01 15:00:00,282.25177
2011-01-01 18:00:00,282.15417
2011-01-01 21:00:00,282.07855
2011-01-02 00:00:00,281.6089
2011-01-02 03:00:00,281.36615
2011-01-02 06:00:00,281.31256
2011-01-02 09:00:00,281.18005
2011-01-02 12:00:00,281.09387
2011-01-02 15:00:00,280.98438
2011-01-02 18:00:00,280.89856
2011-01-02 21:00:00,280.81915
2011-01-03 00:00:00,280.72705
2011-01-03 03:00:00,280.70465
2011-01-03 06:00:00,280.73596
2011-01-03 09:00:00,280.7835
2011-01-03 12:00:00,280.83032
2011-01-03 15:00:00,280.79834
2011-01-03 18:00:00,280.71918
2011-01-03 21:00:00,280.5562
2011-01-04 00:00:00,280.07953
2011-01-04 03:00:00,279.44543
2011-01-04 06:00:00,278.93335
2011-01-04 09:00:00,277.8872
2011-01-04 12:00:00,276.01013
2011-01-04 15:00:00,273.0786
2011-01-04 18:00:00,269.59387
2011-01-04 21:00:00,263.2744
2011-01-05 00:00:00,260.16846
2011-01-05 03:00:00,264.69656
2011-01-05 06:00:00,268.0642
2011-01-05 09:00:00,266.61127
2011-01-05 12:00:00,260.43774
2011-01-05 15:00:00,253.68877
2011-01-05 18:00:00,255.17996
2011-01-05 21:00:00,256.6506
2011-01-06 00:00:00,253.70395
2011-01-06 03:00:00,250.90678
2011-01-06 06:00:00,249.46129
2011-01-06 09:00:00,247.28172
2011-01-06 12:00:00,246.75237
2011-01-06 15:00:00,248.28484
2011-01-06 18:00:00,252.44313
2011-01-06 21:00:00,255.70218
2011-01-07 00:00:00,260.28906
2011-01-07 03:00:00,267.36792
2011-01-07 06:00:00,273.81262
2011-01-07 09:00:00,277.77417
2011-01-07 12:00:00,276.95435
2011-01-07 15:00:00,278.24243
2011-01-07 18:00:00,279.30054
2011-01-07 21:00:00,279.74963
2011-01-08 00:00:00,278.89978
2011-01-08 03:00:00,277.03906
2011-01-08 06:00:00,275.17993
2011-01-08 09:00:00,274.8108
2011-01-08 12:00:00,276.55786
2011-01-08 15:00:00,277.70386
2011-01-08 18:00:00,279.2041
2011-01-08 21:00:00,279.7079
2011-01-09 00:00:00,279.77356
2011-01-09 03:00:00,282.8811
2011-01-09 06:00:00,286.92462
2011-01-09 09:00:00,290.07068
2011-01-09 12:00:00,291.48572
2011-01-09 15:00:00,292.52722
2011-01-09 18:00:00,293.69373
2011-01-09 21:00:00,294.48486
2011-01-10 00:00:00,295.16113
2011-01-10 03:00:00,296.11914
2011-01-10 06:00:00,297.5111
2011-01-10 09:00:00,298.99304
2011-01-10 12:00:00,298.6814
2011-01-10 15:00:00,297.61572
2011-01-10 18:00:00,295.71216
2011-01-10 21:00:00,293.7937
2011-01-11 00:00:00,291.4547
2011-01-11 03:00:00,291.14172
2011-01-11 06:00:00,295.29077
2011-01-11 09:00:00,298.59644
2011-01-11 12:00:00,299.52515
2011-01-11 15:00:00,300.09766
2011-01-11 18:00:00,301.11084
2011-01-11 21:00:00,303.17255
2011-01-12 00:00:00,305.05273
2011-01-12 03:00:00,305.7677
2011-01-12 06:00:00,306.40613
2011-01-12 09:00:00,306.5478
2011-01-12 12:00:00,305.60956
2011-01-12 15:00:00,304.78595
2011-01-12 18:00:00,304.89075
2011-01-12 21:00:00,304.96716
2011-01-13 00:00:00,303.8711
2011-01-13 03:00:00,301.891
2011-01-13 06:00:00,299.37878
2011-01-13 09:00:00,297.1491
2011-01-13 12:00:00,295.28662
2011-01-13 15:00:00,293.7998
2011-01-13 18:00:00,292.6494
2011-01-13 21:00:00,291.76385
2011-01-14 00:00:00,291.01575
2011-01-14 03:00:00,290.41675
2011-01-14 06:00:00,289.98816
2011-01-14 09:00:00,289.72253
2011-01-14 12:00:00,289.57056
2011-01-14 15:00:00,289.42273
2011-01-14 18:00:00,289.4618
2011-01-14 21:00:00,289.60266
2011-01-15 00:00:00,289.84436
2011-01-15 03:00:00,290.43256
2011-01-15 06:00:00,291.08954
2011-01-15 09:00:00,291.9099
2011-01-15 12:00:00,292.7032
2011-01-15 15:00:00,293.19727
2011-01-15 18:00:00,293.39545
2011-01-15 21:00:00,293.39386
2011-01-16 00:00:00,293.34644
2011-01-16 03:00:00,293.45612
2011-01-16 06:00:00,293.83655
2011-01-16 09:00:00,294.5569
2011-01-16 12:00:00,295.04718
2011-01-16 15:00:00,295.19775
2011-01-16 18:00:00,295.28143
2011-01-16 21:00:00,295.88617
2011-01-17 00:00:00,296.3371
2011-01-17 03:00:00,296.35205
2011-01-17 06:00:00,296.06354
2011-01-17 09:00:00,295.60986
2011-01-17 12:00:00,295.21942
2011-01-17 15:00:00,294.8203
2011-01-17 18:00:00,294.5409
2011-01-17 21:00:00,294.42322
2011-01-18 00:00:00,294.51575
2011-01-18 03:00:00,294.93896
2011-01-18 06:00:00,295.3625
2011-01-18 09:00:00,295.836
2011-01-18 12:00:00,296.3645
2011-01-18 15:00:00,296.8775
2011-01-18 18:00:00,297.39233
2011-01-18 21:00:00,297.86823
2011-01-19 00:00:00,298.46222
2011-01-19 03:00:00,299.20605
2011-01-19 06:00:00,300.09265
2011-01-19 09:00:00,301.3719
2011-01-19 12:00:00,302.8921
2011-01-19 15:00:00,304.33704
2011-01-19 18:00:00,306.06305
2011-01-19 21:00:00,308.3678
2011-01-20 00:00:00,310.1565
2011-01-20 03:00:00,311.65796
2011-01-20 06:00:00,312.68872
2011-01-20 09:00:00,315.1549
2011-01-20 12:00:00,316.14148
2011-01-20 15:00:00,313.00946
2011-01-20 18:00:00,310.54834
2011-01-20 21:00:00,309.18976
2011-01-21 00:00:00,308.88434
2011-01-21 03:00:00,308.7738
2011-01-21 06:00:00,309.88464
2011-01-21 09:00:00,312.01614
2011-01-21 12:00:00,311.6801
2011-01-21 15:00:00,310.489
2011-01-21 18:00:00,310.0166
2011-01-21 21:00:00,325.3141
2011-01-22 00:00:00,28.814209
2011-01-22 03:00:00,54.422043
2011-01-22 06:00:00,62.65152
2011-01-22 09:00:00,73.18072
2011-01-22 12:00:00,77.2991
2011-01-22 15:00:00,91.37674
2011-01-22 18:00:00,87.57228
2011-01-22 21:00:00,87.08058
2011-01-23 00:00:00,87.510025
2011-01-23 03:00:00,79.04753
2011-01-23 06:00:00,74.189384
2011-01-23 09:00:00,72.4559
2011-01-23 12:00:00,69.39464
2011-01-23 15:00:00,68.0719
2011-01-23 18:00:00,74.20387
2011-01-23 21:00:00,77.47734
2011-01-24 00:00:00,75.86043
2011-01-24 03:00:00,80.22096
2011-01-24 06:00:00,90.86101
2011-01-24 09:00:00,97.9088
2011-01-24 12:00:00,100.73566
2011-01-24 15:00:00,111.12662
2011-01-24 18:00:00,110.50203
2011-01-24 21:00:00,109.53186
2011-01-25 00:00:00,109.392685
2011-01-25 03:00:00,109.48454
2011-01-25 06:00:00,107.604324
2011-01-25 09:00:00,105.712006
2011-01-25 12:00:00,106.03134
2011-01-25 15:00:00,118.336136
2011-01-25 18:00:00,119.43559
2011-01-25 21:00:00,114.71011
2011-01-26 00:00:00,104.25162
2011-01-26 03:00:00,95.758575
2011-01-26 06:00:00,92.2825
2011-01-26 09:00:00,86.047
2011-01-26 12:00:00,84.467545
2011-01-26 15:00:00,88.93837
2011-01-26 18:00:00,68.05788
2011-01-26 21:00:00,12.291683
2011-01-27 00:00:00,317.66605
2011-01-27 03:00:00,276.92346
2011-01-27 06:00:00,260.95428
2011-01-27 09:00:00,264.74585
2011-01-27 12:00:00,276.62744
2011-01-27 15:00:00,280.13403
2011-01-27 18:00:00,286.43823
2011-01-27 21:00:00,287.26196
2011-01-28 00:00:00,288.68933
2011-01-28 03:00:00,291.2442
2011-01-28 06:00:00,293.0473
2011-01-28 09:00:00,293.3728
2011-01-28 12:00:00,293.6632
2011-01-28 15:00:00,292.7895
2011-01-28 18:00:00,294.09406
2011-01-28 21:00:00,295.13855
2011-01-29 00:00:00,296.69897
2011-01-29 03:00:00,298.11115
2011-01-29 06:00:00,300.21252
2011-01-29 09:00:00,301.6726
2011-01-29 12:00:00,302.5257
2011-01-29 15:00:00,302.9145
2011-01-29 18:00:00,304.93826
2011-01-29 21:00:00,307.20343
2011-01-30 00:00:00,307.10193
2011-01-30 03:00:00,306.90033
2011-01-30 06:00:00,307.35944
2011-01-30 09:00:00,308.20404
2011-01-30 12:00:00,310.4223
2011-01-30 15:00:00,313.32373
2011-01-30 18:00:00,318.3406
2011-01-30 21:00:00,324.74365
2011-01-31 00:00:00,326.40692
2011-01-31 03:00:00,328.22266
2011-01-31 06:00:00,330.03937
2011-01-31 09:00:00,330.633
2011-01-31 12:00:00,331.48944
2011-01-31 15:00:00,329.88116
2011-01-31 18:00:00,327.83313
2011-01-31 21:00:00,325.9546
2011-02-01 00:00:00,325.36713
2011-02-01 03:00:00,321.688
2011-02-01 06:00:00,319.74243
2011-02-01 09:00:00,318.98688
2011-02-01 12:00:00,318.45056
2011-02-01 15:00:00,316.98584
2011-02-01 18:00:00,317.69592
2011-02-01 21:00:00,318.59644
2011-02-02 00:00:00,316.93005
2011-02-02 03:00:00,314.65863
2011-02-02 06:00:00,313.94476
2011-02-02 09:00:00,314.97192
2011-02-02 12:00:00,315.8236
2011-02-02 15:00:00,314.33447
2011-02-02 18:00:00,313.54865
2011-02-02 21:00:00,313.42065
2011-02-03 00:00:00,312.68024
2011-02-03 03:00:00,313.0707
2011-02-03 06:00:00,314.04993
2011-02-03 09:00:00,314.96027
2011-02-03 12:00:00,315.3092
2011-02-03 15:00:00,315.53906
2011-02-03 18:00:00,314.5091
2011-02-03 21:00:00,313.60712
2011-02-04 00:00:00,313.0464
2011-02-04 03:00:00,312.48456
2011-02-04 06:00:00,311.8697
2011-02-04 09:00:00,311.3438
2011-02-04 12:00:00,310.9348
2011-02-04 15:00:00,310.7976
2011-02-04 18:00:00,311.0571
2011-02-04 21:00:00,311.5347
2011-02-05 00:00:00,312.03418
2011-02-05 03:00:00,312.43854
2011-02-05 06:00:00,312.64996
2011-02-05 09:00:00,312.64954
2011-02-05 12:00:00,312.41467
2011-02-05 15:00:00,312.06842
2011-02-05 18:00:00,311.53906
2011-02-05 21:00:00,310.9848
2011-02-06 00:00:00,310.5733
2011-02-06 03:00:00,310.1256
2011-02-06 06:00:00,309.61774
2011-02-06 09:00:00,309.14038
2011-02-06 12:00:00,308.79852
2011-02-06 15:00:00,308.70282
2011-02-06 18:00:00,309.00146
2011-02-06 21:00:00,309.62506
2011-02-07 00:00:00,310.43466
2011-02-07 03:00:00,310.9937
2011-02-07 06:00:00,311.1463
2011-02-07 09:00:00,310.94086
2011-02-07 12:00:00,310.2541
2011-02-07 15:00:00,309.34454
2011-02-07 18:00:00,308.44952
2011-02-07 21:00:00,307.4068
2011-02-08 00:00:00,306.19208
2011-02-08 03:00:00,304.83667
2011-02-08 06:00:00,303.10376
2011-02-08 09:00:00,300.64062
2011-02-08 12:00:00,295.43066
2011-02-08 15:00:00,289.41455
2011-02-08 18:00:00,285.0315
2011-02-08 21:00:00,280.19702
2011-02-09 00:00:00,273.3203
2011-02-09 03:00:00,272.14233
2011-02-09 06:00:00,271.1985
2011-02-09 09:00:00,265.27734
2011-02-09 12:00:00,267.76697
2011-02-09 15:00:00,276.1034
2011-02-09 18:00:00,284.33246
2011-02-09 21:00:00,289.63568
2011-02-10 00:00:00,292.40002
2011-02-10 03:00:00,293.64716
2011-02-10 06:00:00,294.3534
2011-02-10 09:00:00,295.06653
2011-02-10 12:00:00,295.84222
2011-02-10 15:00:00,296.69562
2011-02-10 18:00:00,297.55743
2011-02-10 21:00:00,298.4157
2011-02-11 00:00:00,299.13483
2011-02-11 03:00:00,299.83154
2011-02-11 06:00:00,300.3015
2011-02-11 09:00:00,299.42993
2011-02-11 12:00:00,295.33667
2011-02-11 15:00:00,288.7898
2011-02-11 18:00:00,292.60278
2011-02-11 21:00:00,297.01147
2011-02-12 00:00:00,298.6441
2011-02-12 03:00:00,299.3993
2011-02-12 06:00:00,299.8429
2011-02-12 09:00:00,300.29108
2011-02-12 12:00:00,300.66528
2011-02-12 15:00:00,301.04126
2011-02-12 18:00:00,301.36877
2011-02-12 21:00:00,301.6991
2011-02-13 00:00:00,301.9704
2011-02-13 03:00:00,302.14075
2011-02-13 06:00:00,302.10138
2011-02-13 09:00:00,300.29333
2011-02-13 12:00:00,295.50854
2011-02-13 15:00:00,295.47238
2011-02-13 18:00:00,301.5829
2011-02-13 21:00:00,304.38318
2011-02-14 00:00:00,304.8863
2011-02-14 03:00:00,304.79175
2011-02-14 06:00:00,305.22815
2011-02-14 09:00:00,305.9989
2011-02-14 12:00:00,306.26874
2011-02-14 15:00:00,304.2447
2011-02-14 18:00:00,301.93945
2011-02-14 21:00:00,299.02148
2011-02-15 00:00:00,293.60596
2011-02-15 03:00:00,292.30493
2011-02-15 06:00:00,297.30475
2011-02-15 09:00:00,299.84625
2011-02-15 12:00:00,301.56964
2011-02-15 15:00:00,302.52563
2011-02-15 18:00:00,303.67212
2011-02-15 21:00:00,304.2428
2011-02-16 00:00:00,304.06262
2011-02-16 03:00:00,302.14746
2011-02-16 06:00:00,296.64722
2011-02-16 09:00:00,290.1208
2011-02-16 12:00:00,293.38446
2011-02-16 15:00:00,294.6643
2011-02-16 18:00:00,295.36768
2011-02-16 21:00:00,298.8604
2011-02-17 00:00:00,301.6117
2011-02-17 03:00:00,303.69525
2011-02-17 06:00:00,305.03717
2011-02-17 09:00:00,305.62988
2011-02-17 12:00:00,305.43835
2011-02-17 15:00:00,305.3318
2011-02-17 18:00:00,305.45203
2011-02-17 21:00:00,305.66028
2011-02-18 00:00:00,305.69763
2011-02-18 03:00:00,305.6147
2011-02-18 06:00:00,305.41418
2011-02-18 09:00:00,305.08105
2011-02-18 12:00:00,303.74768
2011-02-18 15:00:00,299.08594
2011-02-18 18:00:00,296.27393
2011-02-18 21:00:00,294.2854
2011-02-19 00:00:00,288.77344
2011-02-19 03:00:00,285.625
2011-02-19 06:00:00,283.57983
2011-02-19 09:00:00,280.55212
2011-02-19 12:00:00,276.74817
2011-02-19 15:00:00,275.04944
2011-02-19 18:00:00,279.64703
2011-02-19 21:00:00,283.813
2011-02-20 00:00:00,286.45422
2011-02-20 03:00:00,288.10516
2011-02-20 06:00:00,289.21307
2011-02-20 09:00:00,289.90723
2011-02-20 12:00:00,290.51996
2011-02-20 15:00:00,291.0838
2011-02-20 18:00:00,291.43018
2011-02-20 21:00:00,292.1029
2011-02-21 00:00:00,292.69684
2011-02-21 03:00:00,293.03546
2011-02-21 06:00:00,293.40405
2011-02-21 09:00:00,293.8413
2011-02-21 12:00:00,294.25836
2011-02-21 15:00:00,294.57092
2011-02-21 18:00:00,294.62592
2011-02-21 21:00:00,294.75812
2011-02-22 00:00:00,295.24133
2011-02-22 03:00:00,295.53925
2011-02-22 06:00:00,296.81665
2011-02-22 09:00:00,298.03204
2011-02-22 12:00:00,298.93872
2011-02-22 15:00:00,300.5716
2011-02-22 18:00:00,303.17255
2011-02-22 21:00:00,307.21118
2011-02-23 00:00:00,307.52124
2011-02-23 03:00:00,306.69434
2011-02-23 06:00:00,308.0553
2011-02-23 09:00:00,305.46167
2011-02-23 12:00:00,303.66577
2011-02-23 15:00:00,302.66638
2011-02-23 18:00:00,300.40796
2011-02-23 21:00:00,299.22034
2011-02-24 00:00:00,298.7271
2011-02-24 03:00:00,298.11957
2011-02-24 06:00:00,297.03156
2011-02-24 09:00:00,295.23608
2011-02-24 12:00:00,292.86005
2011-02-24 15:00:00,291.08423
2011-02-24 18:00:00,290.51923
2011-02-24 21:00:00,289.93896
2011-02-25 00:00:00,289.5536
2011-02-25 03:00:00,289.42194
2011-02-25 06:00:00,290.04303
2011-02-25 09:00:00,290.10303
2011-02-25 12:00:00,289.8521
2011-02-25 15:00:00,290.11755
2011-02-25 18:00:00,290.82117
2011-02-25 21:00:00,293.6838
2011-02-26 00:00:00,295.03693
2011-02-26 03:00:00,297.1333
2011-02-26 06:00:00,298.2981
2011-02-26 09:00:00,298.08783
2011-02-26 12:00:00,298.00897
2011-02-26 15:00:00,298.74756
2011-02-26 18:00:00,298.05627
2011-02-26 21:00:00,299.8543
2011-02-27 00:00:00,302.23535
2011-02-27 03:00:00,306.0326
2011-02-27 06:00:00,307.79712
2011-02-27 09:00:00,308.07983
2011-02-27 12:00:00,308.3662
2011-02-27 15:00:00,310.4627
2011-02-27 18:00:00,314.1806
2011-02-27 21:00:00,317.68918
2011-02-28 00:00:00,319.1253
2011-02-28 03:00:00,318.31354
2011-02-28 06:00:00,318.25177
2011-02-28 09:00:00,319.3728
2011-02-28 12:00:00,323.1328
2011-02-28 15:00:00,327.8314
2011-02-28 18:00:00,329.1604
2011-02-28 21:00:00,330.58722
2011-03-01 00:00:00,330.06726
2011-03-01 03:00:00,327.96936
2011-03-01 06:00:00,326.6957
2011-03-01 09:00:00,326.74274
2011-03-01 12:00:00,326.01633
2011-03-01 15:00:00,326.5409
2011-03-01 18:00:00,330.82916
2011-03-01 21:00:00,332.2824
2011-03-02 00:00:00,330.67273
2011-03-02 03:00:00,329.62756
2011-03-02 06:00:00,327.4873
2011-03-02 09:00:00,325.28333
2011-03-02 12:00:00,321.30426
2011-03-02 15:00:00,318.88422
2011-03-02 18:00:00,319.10205
2011-03-02 21:00:00,317.55072
2011-03-03 00:00:00,318.20425
2011-03-03 03:00:00,317.6095
2011-03-03 06:00:00,317.54016
2011-03-03 09:00:00,318.02362
2011-03-03 12:00:00,318.03168
2011-03-03 15:00:00,317.9631
2011-03-03 18:00:00,320.849
2011-03-03 21:00:00,323.5782
2011-03-04 00:00:00,323.45807
2011-03-04 03:00:00,322.2355
2011-03-04 06:00:00,321.77823
2011-03-04 09:00:00,322.44037
2011-03-04 12:00:00,323.77725
2011-03-04 15:00:00,324.72922
2011-03-04 18:00:00,325.03638
2011-03-04 21:00:00,324.93777
2011-03-05 00:00:00,324.55743
2011-03-05 03:00:00,323.59488
2011-03-05 06:00:00,320.46118
2011-03-05 09:00:00,308.75684
2011-03-05 12:00:00,287.75378
2011-03-05 15:00:00,275.04724
2011-03-05 18:00:00,254.10187
2011-03-05 21:00:00,227.65756
2011-03-06 00:00:00,222.76785
2011-03-06 03:00:00,231.47089
2011-03-06 06:00:00,240.82988
2011-03-06 09:00:00,244.72256
2011-03-06 12:00:00,224.55827
2011-03-06 15:00:00,213.18303
2011-03-06 18:00:00,213.29723
2011-03-06 21:00:00,212.91415
2011-03-07 00:00:00,193.86525
2011-03-07 03:00:00,162.81635
2011-03-07 06:00:00,157.50517
2011-03-07 09:00:00,162.83919
2011-03-07 12:00:00,173.65634
2011-03-07 15:00:00,185.53958
2011-03-07 18:00:00,182.19539
2011-03-07 21:00:00,183.10046
2011-03-08 00:00:00,189.46913
2011-03-08 03:00:00,196.96921
2011-03-08 06:00:00,204.21109
2011-03-08 09:00:00,216.98322
2011-03-08 12:00:00,229.74898
2011-03-08 15:00:00,239.46587
2011-03-08 18:00:00,248.66924
2011-03-08 21:00:00,276.2279
2011-03-09 00:00:00,291.77405
2011-03-09 03:00:00,299.64868
2011-03-09 06:00:00,299.47546
2011-03-09 09:00:00,300.17212
2011-03-09 12:00:00,290.8996
2011-03-09 15:00:00,286.2976
2011-03-09 18:00:00,288.71582
2011-03-09 21:00:00,294.9441
2011-03-10 00:00:00,303.4248
2011-03-10 03:00:00,312.67065
2011-03-10 06:00:00,321.0697
2011-03-10 09:00:00,328.83643
2011-03-10 12:00:00,332.7033
2011-03-10 15:00:00,333.0
2011-03-10 18:00:00,333.20715
2011-03-10 21:00:00,333.21124
2011-03-11 00:00:00,332.9958
2011-03-11 03:00:00,332.77545
2011-03-11 06:00:00,332.92773
2011-03-11 09:00:00,333.62775
2011-03-11 12:00:00,333.8333
2011-03-11 15:00:00,331.95648
2011-03-11 18:00:00,329.95007
2011-03-11 21:00:00,328.735
2011-03-12 00:00:00,327.67493
2011-03-12 03:00:00,326.6103
2011-03-12 06:00:00,325.51593
2011-03-12 09:00:00,324.55676
2011-03-12 12:00:00,323.84082
2011-03-12 15:00:00,322.99292
2011-03-12 18:00:00,321.96228
2011-03-12 21:00:00,321.60342
2011-03-13 00:00:00,320.738
2011-03-13 03:00:00,319.1591
2011-03-13 06:00:00,316.83014
2011-03-13 09:00:00,315.61157
2011-03-13 12:00:00,315.516
2011-03-13 15:00:00,314.94556
2011-03-13 18:00:00,314.71167
2011-03-13 21:00:00,314.62628
2011-03-14 00:00:00,314.33978
2011-03-14 03:00:00,314.97107
2011-03-14 06:00:00,315.76758
2011-03-14 09:00:00,316.0742
2011-03-14 12:00:00,316.1932
2011-03-14 15:00:00,316.13306
2011-03-14 18:00:00,316.9813
2011-03-14 21:00:00,317.50873
2011-03-15 00:00:00,316.5888
2011-03-15 03:00:00,315.57275
2011-03-15 06:00:00,315.02075
2011-03-15 09:00:00,314.05176
2011-03-15 12:00:00,311.69592
2011-03-15 15:00:00,309.98303
2011-03-15 18:00:00,308.48438
2011-03-15 21:00:00,306.7486
2011-03-16 00:00:00,305.52496
2011-03-16 03:00:00,306.68958
2011-03-16 06:00:00,311.5113
2011-03-16 09:00:00,316.00293
2011-03-16 12:00:00,316.3756
2011-03-16 15:00:00,316.46814
2011-03-16 18:00:00,316.4934
2011-03-16 21:00:00,316.71362
2011-03-17 00:00:00,314.93634
2011-03-17 03:00:00,316.80145
2011-03-17 06:00:00,322.45282
2011-03-17 09:00:00,325.88477
2011-03-17 12:00:00,324.15424
2011-03-17 15:00:00,324.5359
2011-03-17 18:00:00,326.04352
2011-03-17 21:00:00,326.84436
2011-03-18 00:00:00,327.14978
2011-03-18 03:00:00,325.26593
2011-03-18 06:00:00,323.35284
2011-03-18 09:00:00,321.39185
2011-03-18 12:00:00,319.54816
2011-03-18 15:00:00,318.7527
2011-03-18 18:00:00,319.2779
2011-03-18 21:00:00,319.7052
2011-03-19 00:00:00,319.6023
2011-03-19 03:00:00,319.87872
2011-03-19 06:00:00,319.97595
2011-03-19 09:00:00,319.91815
2011-03-19 12:00:00,319.47778
2011-03-19 15:00:00,319.00128
2011-03-19 18:00:00,318.49506
2011-03-19 21:00:00,317.7749
2011-03-20 00:00:00,317.1889
2011-03-20 03:00:00,316.33685
2011-03-20 06:00:00,315.58618
2011-03-20 09:00:00,315.0968
2011-03-20 12:00:00,314.4187
2011-03-20 15:00:00,314.0481
2011-03-20 18:00:00,314.01514
2011-03-20 21:00:00,313.9297
2011-03-21 00:00:00,313.71228
2011-03-21 03:00:00,313.3241
2011-03-21 06:00:00,312.38452
2011-03-21 09:00:00,311.84497
2011-03-21 12:00:00,310.87537
2011-03-21 15:00:00,309.9359
2011-03-21 18:00:00,309.49414
2011-03-21 21:00:00,309.34387
2011-03-22 00:00:00,309.19543
2011-03-22 03:00:00,308.84973
2011-03-22 06:00:00,308.48694
2011-03-22 09:00:00,314.01782
2011-03-22 12:00:00,308.776
2011-03-22 15:00:00,304.19812
2011-03-22 18:00:00,302.19226
2011-03-22 21:00:00,302.40662
2011-03-23 00:00:00,304.0647
2011-03-23 03:00:00,300.54456
2011-03-23 06:00:00,310.2741
2011-03-23 09:00:00,36.31372
2011-03-23 12:00:00,22.859667
2011-03-23 15:00:00,332.33838
2011-03-23 18:00:00,313.03906
2011-03-23 21:00:00,307.31274
2011-03-24 00:00:00,305.29688
2011-03-24 03:00:00,304.67316
2011-03-24 06:00:00,303.82898
2011-03-24 09:00:00,306.00415
2011-03-24 12:00:00,304.6433
2011-03-24 15:00:00,300.62592
2011-03-24 18:00:00,300.34216
2011-03-24 21:00:00,301.6753
2011-03-25 00:00:00,302.80676
2011-03-25 03:00:00,302.96533
2011-03-25 06:00:00,301.68433
2011-03-25 09:00:00,298.3883
2011-03-25 12:00:00,290.08716
2011-03-25 15:00:00,278.84424
2011-03-25 18:00:00,271.1692
2011-03-25 21:00:00,270.86206
2011-03-26 00:00:00,272.48865
2011-03-26 03:00:00,272.79736
2011-03-26 06:00:00,272.47498
2011-03-26 09:00:00,272.97778
2011-03-26 12:00:00,273.39075
2011-03-26 15:00:00,271.97534
2011-03-26 18:00:00,273.06665
2011-03-26 21:00:00,276.70026
2011-03-27 00:00:00,279.88403
2011-03-27 03:00:00,282.8546
2011-03-27 06:00:00,286.97833
2011-03-27 09:00:00,290.11877
2011-03-27 12:00:00,291.55475
2011-03-27 15:00:00,292.08002
2011-03-27 18:00:00,291.7068
2011-03-27 21:00:00,291.222
2011-03-28 00:00:00,290.45978
2011-03-28 03:00:00,289.9472
2011-03-28 06:00:00,289.58783
2011-03-28 09:00:00,289.2202
2011-03-28 12:00:00,288.6493
2011-03-28 15:00:00,287.53198
2011-03-28 18:00:00,286.91052
2011-03-28 21:00:00,286.0088
2011-03-29 00:00:00,286.1731
2011-03-29 03:00:00,287.4779
2011-03-29 06:00:00,288.7527
2011-03-29 09:00:00,289.93347
2011-03-29 12:00:00,291.1291
2011-03-29 15:00:00,291.45764
2011-03-29 18:00:00,293.5656
2011-03-29 21:00:00,295.70667
2011-03-30 00:00:00,294.61243
2011-03-30 03:00:00,293.49365
2011-03-30 06:00:00,292.5973
2011-03-30 09:00:00,292.1095
2011-03-30 12:00:00,292.46277
2011-03-30 15:00:00,294.60376
2011-03-30 18:00:00,297.64075
2011-03-30 21:00:00,299.25586
2011-03-31 00:00:00,298.80872
2011-03-31 03:00:00,297.64618
2011-03-31 06:00:00,297.90002
2011-03-31 09:00:00,298.0174
2011-03-31 12:00:00,296.9342
2011-03-31 15:00:00,296.7586
2011-03-31 18:00:00,296.84924
2011-03-31 21:00:00,296.8225
2011-04-01 00:00:00,296.68768
2011-04-01 03:00:00,296.43854
2011-04-01 06:00:00,294.32797
2011-04-01 09:00:00,283.235
2011-04-01 12:00:00,270.2522
2011-04-01 15:00:00,246.67479
2011-04-01 18:00:00,257.1975
2011-04-01 21:00:00,273.95215
2011-04-02 00:00:00,282.65137
2011-04-02 03:00:00,285.34473
2011-04-02 06:00:00,286.27667
2011-04-02 09:00:00,287.29742
2011-04-02 12:00:00,287.32343
2011-04-02 15:00:00,290.13617
2011-04-02 18:00:00,290.95526
2011-04-02 21:00:00,293.39716
2011-04-03 00:00:00,296.67096
2011-04-03 03:00:00,302.87573
2011-04-03 06:00:00,306.84314
2011-04-03 09:00:00,309.0108
2011-04-03 12:00:00,308.91443
2011-04-03 15:00:00,308.19324
2011-04-03 18:00:00,309.9455
2011-04-03 21:00:00,315.46606
2011-04-04 00:00:00,315.62695
2011-04-04 03:00:00,317.16492
2011-04-04 06:00:00,316.38367
2011-04-04 09:00:00,314.00977
2011-04-04 12:00:00,311.47852
2011-04-04 15:00:00,312.3208
2011-04-04 18:00:00,315.6281
2011-04-04 21:00:00,316.90393
2011-04-05 00:00:00,317.98737
2011-04-05 03:00:00,320.58142
2011-04-05 06:00:00,321.13925
2011-04-05 09:00:00,320.94595
2011-04-05 12:00:00,320.20392
2011-04-05 15:00:00,320.15637
2011-04-05 18:00:00,320.9878
2011-04-05 21:00:00,321.2661
2011-04-06 00:00:00,320.11926
2011-04-06 03:00:00,319.50317
2011-04-06 06:00:00,110.94281
2011-04-06 09:00:00,131.06328
2011-04-06 12:00:00,137.74242
2011-04-06 15:00:00,157.97585
2011-04-06 18:00:00,265.8048
2011-04-06 21:00:00,292.8452
2011-04-07 00:00:00,295.83643
2011-04-07 03:00:00,295.8694
2011-04-07 06:00:00,294.77054
2011-04-07 09:00:00,294.3836
2011-04-07 12:00:00,291.71832
2011-04-07 15:00:00,286.0086
2011-04-07 18:00:00,283.44055
2011-04-07 21:00:00,283.91522
2011-04-08 00:00:00,282.28183
2011-04-08 03:00:00,275.85455
2011-04-08 06:00:00,268.1897
2011-04-08 09:00:00,268.2782
2011-04-08 12:00:00,282.21106
2011-04-08 15:00:00,287.76593
2011-04-08 18:00:00,292.75293
2011-04-08 21:00:00,296.5338
2011-04-09 00:00:00,298.60278
2011-04-09 03:00:00,298.2135
2011-04-09 06:00:00,294.90857
2011-04-09 09:00:00,289.9829
2011-04-09 12:00:00,284.38855
2011-04-09 15:00:00,280.7827
2011-04-09 18:00:00,281.42468
2011-04-09 21:00:00,286.4619
2011-04-10 00:00:00,293.14844
2011-04-10 03:00:00,297.8689
2011-04-10 06:00:00,302.937
2011-04-10 09:00:00,311.22046
2011-04-10 12:00:00,315.00623
2011-04-10 15:00:00,316.68066
2011-04-10 18:00:00,319.0708
2011-04-10 21:00:00,321.54248
2011-04-11 00:00:00,320.74292
2011-04-11 03:00:00,320.65564
2011-04-11 06:00:00,320.5852
2011-04-11 09:00:00,320.55
2011-04-11 12:00:00,321.29034
2011-04-11 15:00:00,322.3424
2011-04-11 18:00:00,325.05835
2011-04-11 21:00:00,327.41467
2011-04-12 00:00:00,324.93976
2011-04-12 03:00:00,321.0509
2011-04-12 06:00:00,317.92554
2011-04-12 09:00:00,315.90448
2011-04-12 12:00:00,314.65698
2011-04-12 15:00:00,313.6692
2011-04-12 18:00:00,312.84717
2011-04-12 21:00:00,313.06516
2011-04-13 00:00:00,313.8136
2011-04-13 03:00:00,314.5245
2011-04-13 06:00:00,315.05518
2011-04-13 09:00:00,315.6339
2011-04-13 12:00:00,316.43787
2011-04-13 15:00:00,317.42712
2011-04-13 18:00:00,318.70868
2011-04-13 21:00:00,321.8741
2011-04-14 00:00:00,323.34543
2011-04-14 03:00:00,322.5716
2011-04-14 06:00:00,321.20746
2011-04-14 09:00:00,319.65637
2011-04-14 12:00:00,318.1187
2011-04-14 15:00:00,316.61005
2011-04-14 18:00:00,315.731
2011-04-14 21:00:00,316.31497
2011-04-15 00:00:00,316.71112
2011-04-15 03:00:00,316.58026
2011-04-15 06:00:00,316.36206
2011-04-15 09:00:00,316.0797
2011-04-15 12:00:00,316.02966
2011-04-15 15:00:00,315.96844
2011-04-15 18:00:00,316.04926
2011-04-15 21:00:00,316.33398
2011-04-16 00:00:00,316.68945
2011-04-16 03:00:00,316.80573
2011-04-16 06:00:00,317.02368
2011-04-16 09:00:00,317.4911
2011-04-16 12:00:00,318.09473
2011-04-16 15:00:00,317.72046
2011-04-16 18:00:00,315.5714
2011-04-16 21:00:00,313.46948
2011-04-17 00:00:00,312.7306
2011-04-17 03:00:00,312.75903
2011-04-17 06:00:00,312.8275
2011-04-17 09:00:00,309.13232
2011-04-17 12:00:00,306.96686
2011-04-17 15:00:00,302.01038
2011-04-17 18:00:00,304.01636
2011-04-17 21:00:00,307.9077
2011-04-18 00:00:00,309.9541
2011-04-18 03:00:00,310.99097
2011-04-18 06:00:00,311.36853
2011-04-18 09:00:00,306.7157
2011-04-18 12:00:00,307.1505
2011-04-18 15:00:00,299.58188
2011-04-18 18:00:00,281.0014
2011-04-18 21:00:00,275.59216
2011-04-19 00:00:00,295.5166
2011-04-19 03:00:00,295.9248
2011-04-19 06:00:00,284.10547
2011-04-19 09:00:00,272.39142
2011-04-19 12:00:00,263.92645
2011-04-19 15:00:00,252.11134
2011-04-19 18:00:00,248.15033
2011-04-19 21:00:00,257.372
2011-04-20 00:00:00,277.18622
2011-04-20 03:00:00,291.5642
2011-04-20 06:00:00,298.74466
2011-04-20 09:00:00,303.25824
2011-04-20 12:00:00,307.11353
2011-04-20 15:00:00,310.3543
2011-04-20 18:00:00,312.61725
2011-04-20 21:00:00,313.80054
2011-04-21 00:00:00,314.22894
2011-04-21 03:00:00,314.0146
2011-04-21 06:00:00,313.33533
2011-04-21 09:00:00,311.28265
2011-04-21 12:00:00,304.94467
2011-04-21 15:00:00,293.26077
2011-04-21 18:00:00,291.42584
2011-04-21 21:00:00,289.4555
2011-04-22 00:00:00,286.81448
2011-04-22 03:00:00,288.43063
2011-04-22 06:00:00,292.0268
2011-04-22 09:00:00,294.8128
2011-04-22 12:00:00,296.03955
2011-04-22 15:00:00,296.07056
2011-04-22 18:00:00,295.37097
2011-04-22 21:00:00,295.44342
2011-04-23 00:00:00,296.65826
2011-04-23 03:00:00,298.6207
2011-04-23 06:00:00,303.53268
2011-04-23 09:00:00,308.68472
2011-04-23 12:00:00,315.1581
2011-04-23 15:00:00,317.1964
2011-04-23 18:00:00,318.44238
2011-04-23 21:00:00,320.1803
2011-04-24 00:00:00,319.7129
2011-04-24 03:00:00,318.48108
2011-04-24 06:00:00,318.50305
2011-04-24 09:00:00,319.2658
2011-04-24 12:00:00,319.41077
2011-04-24 15:00:00,319.31488
2011-04-24 18:00:00,319.63934
2011-04-24 21:00:00,320.50168
2011-04-25 00:00:00,320.59772
2011-04-25 03:00:00,320.2933
2011-04-25 06:00:00,320.03958
2011-04-25 09:00:00,319.7838
2011-04-25 12:00:00,319.3531
2011-04-25 15:00:00,318.63696
2011-04-25 18:00:00,317.88776
2011-04-25 21:00:00,317.24918
2011-04-26 00:00:00,317.07153
2011-04-26 03:00:00,317.01404
2011-04-26 06:00:00,317.22202
2011-04-26 09:00:00,317.67087
2011-04-26 12:00:00,318.24966
2011-04-26 15:00:00,318.79025
2011-04-26 18:00:00,319.22375
2011-04-26 21:00:00,319.6201
2011-04-27 00:00:00,320.08017
2011-04-27 03:00:00,320.6215
2011-04-27 06:00:00,321.17316
2011-04-27 09:00:00,321.633
2011-04-27 12:00:00,321.76797
2011-04-27 15:00:00,321.65164
2011-04-27 18:00:00,321.5612
2011-04-27 21:00:00,321.3754
2011-04-28 00:00:00,321.1573
2011-04-28 03:00:00,320.82916
2011-04-28 06:00:00,320.42963
2011-04-28 09:00:00,320.00616
2011-04-28 12:00:00,319.09778
2011-04-28 15:00:00,318.5171
2011-04-28 18:00:00,318.22894
2011-04-28 21:00:00,317.87402
2011-04-29 00:00:00,317.5016
2011-04-29 03:00:00,316.0385
2011-04-29 06:00:00,314.0664
2011-04-29 09:00:00,316.11133
2011-04-29 12:00:00,313.27368
2011-04-29 15:00:00,310.61652
2011-04-29 18:00:00,307.17236
2011-04-29 21:00:00,306.30862
2011-04-30 00:00:00,305.43097
2011-04-30 03:00:00,304.19318
2011-04-30 06:00:00,302.3418
2011-04-30 09:00:00,300.39865
2011-04-30 12:00:00,299.3691
2011-04-30 15:00:00,296.41446
2011-04-30 18:00:00,296.20404
2011-04-30 21:00:00,300.86252
2011-05-01 00:00:00,304.99597
2011-05-01 03:00:00,307.8706
2011-05-01 06:00:00,309.72427
2011-05-01 09:00:00,310.2665
2011-05-01 12:00:00,308.53653
2011-05-01 15:00:00,305.42038
2011-05-01 18:00:00,303.00885
2011-05-01 21:00:00,302.60788
2011-05-02 00:00:00,303.7303
2011-05-02 03:00:00,304.85275
2011-05-02 06:00:00,305.97485
2011-05-02 09:00:00,307.03284
2011-05-02 12:00:00,307.727
2011-05-02 15:00:00,308.24835
2011-05-02 18:00:00,308.3975
2011-05-02 21:00:00,310.2674
2011-05-03 00:00:00,311.3602
2011-05-03 03:00:00,311.4276
2011-05-03 06:00:00,312.07123
2011-05-03 09:00:00,312.30225
2011-05-03 12:00:00,311.36517
2011-05-03 15:00:00,310.38684
2011-05-03 18:00:00,309.8463
2011-05-03 21:00:00,310.64252
2011-05-04 00:00:00,311.08154
2011-05-04 03:00:00,311.74377
2011-05-04 06:00:00,310.8423
2011-05-04 09:00:00,308.71594
2011-05-04 12:00:00,306.2588
2011-05-04 15:00:00,306.32812
2011-05-04 18:00:00,308.60193
2011-05-04 21:00:00,309.8363
2011-05-05 00:00:00,309.68036
2011-05-05 03:00:00,309.39636
2011-05-05 06:00:00,308.722
2011-05-05 09:00:00,307.8203
2011-05-05 12:00:00,307.1114
2011-05-05 15:00:00,306.49158
2011-05-05 18:00:00,306.2599
2011-05-05 21:00:00,305.7815
2011-05-06 00:00:00,304.9536
2011-05-06 03:00:00,304.16412
2011-05-06 06:00:00,303.37628
2011-05-06 09:00:00,302.58154
2011-05-06 12:00:00,301.26794
2011-05-06 15:00:00,296.93042
2011-05-06 18:00:00,287.07947
2011-05-06 21:00:00,277.12085
2011-05-07 00:00:00,269.04224
2011-05-07 03:00:00,275.4613
2011-05-07 06:00:00,280.93005
2011-05-07 09:00:00,284.26562
2011-05-07 12:00:00,286.05103
2011-05-07 15:00:00,287.13293
2011-05-07 18:00:00,288.0094
2011-05-07 21:00:00,289.11743
2011-05-08 00:00:00,290.37646
2011-05-08 03:00:00,292.23206
2011-05-08 06:00:00,294.563
2011-05-08 09:00:00,297.03174
2011-05-08 12:00:00,299.51605
2011-05-08 15:00:00,302.02045
2011-05-08 18:00:00,304.6855
2011-05-08 21:00:00,306.93225
2011-05-09 00:00:00,308.3297
2011-05-09 03:00:00,310.63403
2011-05-09 06:00:00,311.94556
2011-05-09 09:00:00,312.18335
2011-05-09 12:00:00,310.67493
2011-05-09 15:00:00,310.32404
2011-05-09 18:00:00,312.28546
2011-05-09 21:00:00,313.5473
2011-05-10 00:00:00,314.08704
2011-05-10 03:00:00,314.2178
2011-05-10 06:00:00,314.165
2011-05-10 09:00:00,314.26764
2011-05-10 12:00:00,314.4106
2011-05-10 15:00:00,314.66577
2011-05-10 18:00:00,315.0763
2011-05-10 21:00:00,315.83667
2011-05-11 00:00:00,316.8149
2011-05-11 03:00:00,317.5567
2011-05-11 06:00:00,318.18036
2011-05-11 09:00:00,318.55786
2011-05-11 12:00:00,318.83783
2011-05-11 15:00:00,319.1104
2011-05-11 18:00:00,319.50043
2011-05-11 21:00:00,320.35742
2011-05-12 00:00:00,321.4641
2011-05-12 03:00:00,322.2608
2011-05-12 06:00:00,323.01062
2011-05-12 09:00:00,323.81177
2011-05-12 12:00:00,324.82056
2011-05-12 15:00:00,325.8999
2011-05-12 18:00:00,326.75488
2011-05-12 21:00:00,327.91626
2011-05-13 00:00:00,328.7563
2011-05-13 03:00:00,329.29712
2011-05-13 06:00:00,329.81494
2011-05-13 09:00:00,330.2912
2011-05-13 12:00:00,330.8158
2011-05-13 15:00:00,331.21777
2011-05-13 18:00:00,331.1565
2011-05-13 21:00:00,330.963
2011-05-14 00:00:00,330.4989
2011-05-14 03:00:00,329.93835
2011-05-14 06:00:00,329.62988
2011-05-14 09:00:00,329.8083
2011-05-14 12:00:00,330.16125
2011-05-14 15:00:00,330.87085
2011-05-14 18:00:00,332.02698
2011-05-14 21:00:00,332.99463
2011-05-15 00:00:00,334.41968
2011-05-15 03:00:00,334.2246
2011-05-15 06:00:00,333.85968
2011-05-15 09:00:00,334.8308
2011-05-15 12:00:00,335.5874
2011-05-15 15:00:00,336.48557
2011-05-15 18:00:00,337.00745
2011-05-15 21:00:00,337.9973
2011-05-16 00:00:00,0.05835236
2011-05-16 03:00:00,75.012436
2011-05-16 06:00:00,95.040405
2011-05-16 09:00:00,90.15755
2011-05-16 12:00:00,104.91165
2011-05-16 15:00:00,109.87419
2011-05-16 18:00:00,112.40741
2011-05-16 21:00:00,125.24811
2011-05-17 00:00:00,138.2381
2011-05-17 03:00:00,160.3833
2011-05-17 06:00:00,177.87024
2011-05-17 09:00:00,185.62494
2011-05-17 12:00:00,187.89423
2011-05-17 15:00:00,181.97136
2011-05-17 18:00:00,193.27107
2011-05-17 21:00:00,240.51529
2011-05-18 00:00:00,290.01416
2011-05-18 03:00:00,309.93726
2011-05-18 06:00:00,326.14844
2011-05-18 09:00:00,333.02905
2011-05-18 12:00:00,331.89624
2011-05-18 15:00:00,324.10327
2011-05-18 18:00:00,321.22656
2011-05-18 21:00:00,320.0677
2011-05-19 00:00:00,321.5047
2011-05-19 03:00:00,322.939
2011-05-19 06:00:00,324.11923
2011-05-19 09:00:00,325.23218
2011-05-19 12:00:00,326.33722
2011-05-19 15:00:00,326.77353
2011-05-19 18:00:00,327.01443
2011-05-19 21:00:00,327.3693
2011-05-20 00:00:00,327.41074
2011-05-20 03:00:00,327.10214
2011-05-20 06:00:00,326.75638
2011-05-20 09:00:00,326.47903
2011-05-20 12:00:00,326.36328
2011-05-20 15:00:00,326.29065
2011-05-20 18:00:00,326.17712
2011-05-20 21:00:00,326.91833
2011-05-21 00:00:00,327.33807
2011-05-21 03:00:00,326.98877
2011-05-21 06:00:00,326.9712
2011-05-21 09:00:00,326.3165
2011-05-21 12:00:00,325.9225
2011-05-21 15:00:00,326.19073
2011-05-21 18:00:00,327.25378
2011-05-21 21:00:00,330.298
2011-05-22 00:00:00,333.04697
2011-05-22 03:00:00,333.8635
2011-05-22 06:00:00,334.20514
2011-05-22 09:00:00,333.34915
2011-05-22 12:00:00,332.3784
2011-05-22 15:00:00,331.20874
2011-05-22 18:00:00,330.55847
2011-05-22 21:00:00,330.587
2011-05-23 00:00:00,329.8001
2011-05-23 03:00:00,328.4734
2011-05-23 06:00:00,327.61
2011-05-23 09:00:00,327.4036
2011-05-23 12:00:00,327.36002
2011-05-23 15:00:00,327.27905
2011-05-23 18:00:00,327.1433
2011-05-23 21:00:00,327.2589
2011-05-24 00:00:00,326.92426
2011-05-24 03:00:00,326.24805
2011-05-24 06:00:00,325.9573
2011-05-24 09:00:00,325.90045
2011-05-24 12:00:00,326.1527
2011-05-24 15:00:00,326.71954
2011-05-24 18:00:00,327.24792
2011-05-24 21:00:00,327.8075
2011-05-25 00:00:00,328.58484
2011-05-25 03:00:00,329.14685
2011-05-25 06:00:00,329.98657
2011-05-25 09:00:00,329.6576
2011-05-25 12:00:00,330.24402
2011-05-25 15:00:00,329.75806
2011-05-25 18:00:00,329.0454
2011-05-25 21:00:00,328.43866
2011-05-26 00:00:00,328.04077
2011-05-26 03:00:00,327.2107
2011-05-26 06:00:00,325.57617
2011-05-26 09:00:00,324.59436
2011-05-26 12:00:00,324.21625
2011-05-26 15:00:00,324.40723
2011-05-26 18:00:00,323.74335
2011-05-26 21:00:00,323.71347
2011-05-27 00:00:00,324.1436
2011-05-27 03:00:00,324.71448
2011-05-27 06:00:00,325.36926
2011-05-27 09:00:00,326.15283
2011-05-27 12:00:00,327.16763
2011-05-27 15:00:00,328.4146
2011-05-27 18:00:00,330.17004
2011-05-27 21:00:00,332.39105
2011-05-28 00:00:00,333.7547
2011-05-28 03:00:00,334.30206
2011-05-28 06:00:00,334.79144
2011-05-28 09:00:00,334.9624
2011-05-28 12:00:00,334.56628
2011-05-28 15:00:00,332.86536
2011-05-28 18:00:00,331.1772
2011-05-28 21:00:00,328.13156
2011-05-29 00:00:00,324.1139
2011-05-29 03:00:00,317.75757
2011-05-29 06:00:00,303.27112
2011-05-29 09:00:00,277.57202
2011-05-29 12:00:00,264.21484
2011-05-29 15:00:00,247.62605
2011-05-29 18:00:00,245.07054
2011-05-29 21:00:00,253.48491
2011-05-30 00:00:00,255.81677
2011-05-30 03:00:00,258.82227
2011-05-30 06:00:00,266.63397
2011-05-30 09:00:00,276.47144
2011-05-30 12:00:00,287.09973
2011-05-30 15:00:00,295.81696
2011-05-30 18:00:00,306.62195
2011-05-30 21:00:00,320.197
2011-05-31 00:00:00,325.76025
2011-05-31 03:00:00,329.04657
2011-05-31 06:00:00,331.52774
2011-05-31 09:00:00,332.19055
2011-05-31 12:00:00,330.97803
2011-05-31 15:00:00,330.18787
2011-05-31 18:00:00,329.54474
2011-05-31 21:00:00,329.7826
2011-06-01 00:00:00,330.43573
2011-06-01 03:00:00,329.09625
2011-06-01 06:00:00,327.58325
2011-06-01 09:00:00,326.93
2011-06-01 12:00:00,326.46365
2011-06-01 15:00:00,326.12503
2011-06-01 18:00:00,325.98447
2011-06-01 21:00:00,326.40814
2011-06-02 00:00:00,328.3589
2011-06-02 03:00:00,331.0614
2011-06-02 06:00:00,333.70557
2011-06-02 09:00:00,337.0869
2011-06-02 12:00:00,336.45654
2011-06-02 15:00:00,335.0841
2011-06-02 18:00:00,333.65115
2011-06-02 21:00:00,333.65887
2011-06-03 00:00:00,334.07877
2011-06-03 03:00:00,334.07904
2011-06-03 06:00:00,333.34427
2011-06-03 09:00:00,332.05823
2011-06-03 12:00:00,331.10327
2011-06-03 15:00:00,330.61365
2011-06-03 18:00:00,329.75195
2011-06-03 21:00:00,328.70386
2011-06-04 00:00:00,327.14087
2011-06-04 03:00:00,325.0138
2011-06-04 06:00:00,323.18933
2011-06-04 09:00:00,320.72058
2011-06-04 12:00:00,319.75122
2011-06-04 15:00:00,317.63013
2011-06-04 18:00:00,316.87854
2011-06-04 21:00:00,318.922
2011-06-05 00:00:00,319.97375
2011-06-05 03:00:00,320.78503
2011-06-05 06:00:00,321.4093
2011-06-05 09:00:00,321.79065
2011-06-05 12:00:00,321.64636
2011-06-05 15:00:00,322.10217
2011-06-05 18:00:00,323.64124
2011-06-05 21:00:00,326.33746
2011-06-06 00:00:00,327.56976
2011-06-06 03:00:00,328.34485
2011-06-06 06:00:00,329.5551
2011-06-06 09:00:00,328.8446
2011-06-06 12:00:00,327.0313
2011-06-06 15:00:00,323.51074
2011-06-06 18:00:00,324.9564
2011-06-06 21:00:00,329.12726
2011-06-07 00:00:00,330.57233
2011-06-07 03:00:00,330.9508
2011-06-07 06:00:00,330.66504
2011-06-07 09:00:00,332.46216
2011-06-07 12:00:00,331.20734
2011-06-07 15:00:00,329.7586
2011-06-07 18:00:00,328.9406
2011-06-07 21:00:00,328.95416
2011-06-08 00:00:00,327.09467
2011-06-08 03:00:00,326.38983
2011-06-08 06:00:00,326.8224
2011-06-08 09:00:00,327.41913
2011-06-08 12:00:00,326.11304
2011-06-08 15:00:00,325.04352
2011-06-08 18:00:00,324.71857
2011-06-08 21:00:00,326.13184
2011-06-09 00:00:00,327.7802
2011-06-09 03:00:00,328.7398
2011-06-09 06:00:00,330.20416
2011-06-09 09:00:00,332.0238
2011-06-09 12:00:00,333.88422
2011-06-09 15:00:00,334.98114
2011-06-09 18:00:00,335.13513
2011-06-09 21:00:00,334.35645
2011-06-10 00:00:00,332.26172
2011-06-10 03:00:00,329.01038
2011-06-10 06:00:00,325.286
2011-06-10 09:00:00,321.82947
2011-06-10 12:00:00,318.854
2011-06-10 15:00:00,316.37158
2011-06-10 18:00:00,314.985
2011-06-10 21:00:00,318.04712
2011-06-11 00:00:00,321.87476
2011-06-11 03:00:00,327.25916
2011-06-11 06:00:00,330.53485
2011-06-11 09:00:00,330.91003
2011-06-11 12:00:00,329.60193
2011-06-11 15:00:00,328.01648
2011-06-11 18:00:00,326.90564
2011-06-11 21:00:00,329.82843
2011-06-12 00:00:00,332.36133
2011-06-12 03:00:00,333.32574
2011-06-12 06:00:00,335.67957
2011-06-12 09:00:00,336.4198
2011-06-12 12:00:00,333.86902
2011-06-12 15:00:00,329.9242
2011-06-12 18:00:00,330.76538
2011-06-12 21:00:00,332.25098
2011-06-13 00:00:00,332.5548
2011-06-13 03:00:00,333.97852
2011-06-13 06:00:00,332.66748
2011-06-13 09:00:00,327.96997
2011-06-13 12:00:00,319.23462
2011-06-13 15:00:00,311.4485
2011-06-13 18:00:00,307.62183
2011-06-13 21:00:00,307.59302
2011-06-14 00:00:00,309.74707
2011-06-14 03:00:00,310.4524
2011-06-14 06:00:00,311.9768
2011-06-14 09:00:00,309.4702
2011-06-14 12:00:00,305.01123
2011-06-14 15:00:00,306.0205
2011-06-14 18:00:00,311.40454
2011-06-14 21:00:00,317.91113
2011-06-15 00:00:00,322.4314
2011-06-15 03:00:00,325.42554
2011-06-15 06:00:00,328.3147
2011-06-15 09:00:00,331.39453
2011-06-15 12:00:00,328.4685
2011-06-15 15:00:00,325.14087
2011-06-15 18:00:00,326.15283
2011-06-15 21:00:00,328.74695
2011-06-16 00:00:00,330.7622
2011-06-16 03:00:00,331.44385
2011-06-16 06:00:00,328.07983
2011-06-16 09:00:00,322.948
2011-06-16 12:00:00,314.18213
2011-06-16 15:00:00,312.2566
2011-06-16 18:00:00,312.12048
2011-06-16 21:00:00,315.0354
2011-06-17 00:00:00,315.8053
2011-06-17 03:00:00,317.00073
2011-06-17 06:00:00,316.78137
2011-06-17 09:00:00,317.27954
2011-06-17 12:00:00,317.891
2011-06-17 15:00:00,315.96655
2011-06-17 18:00:00,316.53162
2011-06-17 21:00:00,316.50244
2011-06-18 00:00:00,316.8473
2011-06-18 03:00:00,316.01038
2011-06-18 06:00:00,320.4856
2011-06-18 09:00:00,325.23242
2011-06-18 12:00:00,325.76294
2011-06-18 15:00:00,324.42627
2011-06-18 18:00:00,323.92188
2011-06-18 21:00:00,324.87952
2011-06-19 00:00:00,326.24048
2011-06-19 03:00:00,327.43524
2011-06-19 06:00:00,326.92047
2011-06-19 09:00:00,325.752
2011-06-19 12:00:00,324.08923
2011-06-19 15:00:00,323.57135
2011-06-19 18:00:00,323.11737
2011-06-19 21:00:00,322.92523
2011-06-20 00:00:00,322.4626
2011-06-20 03:00:00,321.86847
2011-06-20 06:00:00,321.30933
2011-06-20 09:00:00,320.74426
2011-06-20 12:00:00,320.0185
2011-06-20 15:00:00,319.68097
2011-06-20 18:00:00,320.87665
2011-06-20 21:00:00,323.69632
2011-06-21 00:00:00,325.08057
2011-06-21 03:00:00,325.21094
2011-06-21 06:00:00,325.11536
2011-06-21 09:00:00,323.05713
2011-06-21 12:00:00,320.06287
2011-06-21 15:00:00,317.9923
2011-06-21 18:00:00,315.98853
2011-06-21 21:00:00,316.893
2011-06-22 00:00:00,316.74414
2011-06-22 03:00:00,317.52417
2011-06-22 06:00:00,316.21204
2011-06-22 09:00:00,315.78943
2011-06-22 12:00:00,317.82922
2011-06-22 15:00:00,319.16705
2011-06-22 18:00:00,324.0647
2011-06-22 21:00:00,327.28192
2011-06-23 00:00:00,329.1125
2011-06-23 03:00:00,333.00995
2011-06-23 06:00:00,334.98975
2011-06-23 09:00:00,335.43323
2011-06-23 12:00:00,333.03918
2011-06-23 15:00:00,329.3789
2011-06-23 18:00:00,328.82123
2011-06-23 21:00:00,330.3231
2011-06-24 00:00:00,332.14923
2011-06-24 03:00:00,332.52698
2011-06-24 06:00:00,331.35992
2011-06-24 09:00:00,329.9115
2011-06-24 12:00:00,328.03314
2011-06-24 15:00:00,327.33673
2011-06-24 18:00:00,327.2586
2011-06-24 21:00:00,327.57892
2011-06-25 00:00:00,328.1369
2011-06-25 03:00:00,328.77612
2011-06-25 06:00:00,329.30945
2011-06-25 09:00:00,330.10278
2011-06-25 12:00:00,331.50903
2011-06-25 15:00:00,332.5652
2011-06-25 18:00:00,332.36646
2011-06-25 21:00:00,330.26123
2011-06-26 00:00:00,326.2434
2011-06-26 03:00:00,321.22534
2011-06-26 06:00:00,313.6819
2011-06-26 09:00:00,306.61
2011-06-26 12:00:00,299.37738
2011-06-26 15:00:00,281.04272
2011-06-26 18:00:00,258.09497
2011-06-26 21:00:00,274.7827
2011-06-27 00:00:00,285.09448
2011-06-27 03:00:00,287.99792
2011-06-27 06:00:00,288.67676
2011-06-27 09:00:00,288.6687
2011-06-27 12:00:00,289.0583
2011-06-27 15:00:00,291.34082
2011-06-27 18:00:00,297.14954
2011-06-27 21:00:00,305.0544
2011-06-28 00:00:00,312.50677
2011-06-28 03:00:00,318.25885
2011-06-28 06:00:00,324.2437
2011-06-28 09:00:00,328.26025
2011-06-28 12:00:00,327.78796
2011-06-28 15:00:00,328.04065
2011-06-28 18:00:00,329.70715
2011-06-28 21:00:00,331.0721
2011-06-29 00:00:00,332.87015
2011-06-29 03:00:00,334.05145
2011-06-29 06:00:00,334.42322
2011-06-29 09:00:00,335.03143
2011-06-29 12:00:00,332.67932
2011-06-29 15:00:00,331.60187
2011-06-29 18:00:00,331.48065
2011-06-29 21:00:00,331.9773
2011-06-30 00:00:00,332.07043
2011-06-30 03:00:00,331.47058
2011-06-30 06:00:00,331.2293
2011-06-30 09:00:00,331.4563
2011-06-30 12:00:00,330.9762
2011-06-30 15:00:00,330.3128
2011-06-30 18:00:00,329.9926
2011-06-30 21:00:00,330.11176
2011-07-01 00:00:00,329.95795
2011-07-01 03:00:00,329.9353
2011-07-01 06:00:00,329.78998
2011-07-01 09:00:00,329.864
2011-07-01 12:00:00,330.00958
2011-07-01 15:00:00,329.7787
2011-07-01 18:00:00,330.23492
2011-07-01 21:00:00,330.73895
2011-07-02 00:00:00,330.66553
2011-07-02 03:00:00,330.09448
2011-07-02 06:00:00,329.64172
2011-07-02 09:00:00,328.8108
2011-07-02 12:00:00,326.16235
2011-07-02 15:00:00,324.14917
2011-07-02 18:00:00,324.9867
2011-07-02 21:00:00,326.50818
2011-07-03 00:00:00,325.71167
2011-07-03 03:00:00,323.40723
2011-07-03 06:00:00,321.4696
2011-07-03 09:00:00,321.38416
2011-07-03 12:00:00,320.02515
2011-07-03 15:00:00,319.79407
2011-07-03 18:00:00,321.3454
2011-07-03 21:00:00,323.94727
2011-07-04 00:00:00,322.99695
2011-07-04 03:00:00,322.3142
2011-07-04 06:00:00,324.36804
2011-07-04 09:00:00,324.7113
2011-07-04 12:00:00,321.99255
2011-07-04 15:00:00,321.3252
2011-07-04 18:00:00,323.72314
2011-07-04 21:00:00,326.46143
2011-07-05 00:00:00,329.10852
2011-07-05 03:00:00,333.344
2011-07-05 06:00:00,334.32153
2011-07-05 09:00:00,333.55957
2011-07-05 12:00:00,330.88013
2011-07-05 15:00:00,326.46094
2011-07-05 18:00:00,325.86755
2011-07-05 21:00:00,328.93726
2011-07-06 00:00:00,330.32288
2011-07-06 03:00:00,330.23096
2011-07-06 06:00:00,330.07495
2011-07-06 09:00:00,328.25928
2011-07-06 12:00:00,321.43994
2011-07-06 15:00:00,319.58594
2011-07-06 18:00:00,322.17487
2011-07-06 21:00:00,326.69714
2011-07-07 00:00:00,330.35046
2011-07-07 03:00:00,331.094
2011-07-07 06:00:00,332.25818
2011-07-07 09:00:00,331.3993
2011-07-07 12:00:00,328.0409
2011-07-07 15:00:00,326.9547
2011-07-07 18:00:00,326.85248
2011-07-07 21:00:00,327.9549
2011-07-08 00:00:00,328.8197
2011-07-08 03:00:00,329.18982
2011-07-08 06:00:00,329.81763
2011-07-08 09:00:00,329.04993
2011-07-08 12:00:00,326.56274
2011-07-08 15:00:00,324.36462
2011-07-08 18:00:00,323.5564
2011-07-08 21:00:00,324.61035
2011-07-09 00:00:00,324.07532
2011-07-09 03:00:00,323.4215
2011-07-09 06:00:00,322.96448
2011-07-09 09:00:00,322.33777
2011-07-09 12:00:00,320.6095
2011-07-09 15:00:00,318.2124
2011-07-09 18:00:00,317.23938
2011-07-09 21:00:00,318.5515
2011-07-10 00:00:00,317.55505
2011-07-10 03:00:00,317.6256
2011-07-10 06:00:00,318.8629
2011-07-10 09:00:00,318.96692
2011-07-10 12:00:00,319.31897
2011-07-10 15:00:00,317.83813
2011-07-10 18:00:00,318.71912
2011-07-10 21:00:00,320.96307
2011-07-11 00:00:00,321.21204
2011-07-11 03:00:00,322.85193
2011-07-11 06:00:00,322.63
2011-07-11 09:00:00,319.47876
2011-07-11 12:00:00,316.23865
2011-07-11 15:00:00,313.99585
2011-07-11 18:00:00,315.37488
2011-07-11 21:00:00,315.87598
2011-07-12 00:00:00,314.65735
2011-07-12 03:00:00,313.76025
2011-07-12 06:00:00,312.073
2011-07-12 09:00:00,311.2296
2011-07-12 12:00:00,315.29297
2011-07-12 15:00:00,317.49942
2011-07-12 18:00:00,325.28568
2011-07-12 21:00:00,331.095
2011-07-13 00:00:00,336.23105
2011-07-13 03:00:00,337.15942
2011-07-13 06:00:00,336.31006
2011-07-13 09:00:00,336.4487
2011-07-13 12:00:00,334.3188
2011-07-13 15:00:00,332.3839
2011-07-13 18:00:00,333.29114
2011-07-13 21:00:00,335.10254
2011-07-14 00:00:00,335.77014
2011-07-14 03:00:00,335.6899
2011-07-14 06:00:00,334.69742
2011-07-14 09:00:00,333.523
2011-07-14 12:00:00,331.43164
2011-07-14 15:00:00,329.11102
2011-07-14 18:00:00,330.64404
2011-07-14 21:00:00,331.24323
2011-07-15 00:00:00,330.95355
2011-07-15 03:00:00,331.08667
2011-07-15 06:00:00,330.46967
2011-07-15 09:00:00,326.88
2011-07-15 12:00:00,323.95508
2011-07-15 15:00:00,321.96295
2011-07-15 18:00:00,322.8147
2011-07-15 21:00:00,325.8009
2011-07-16 00:00:00,327.36874
2011-07-16 03:00:00,327.59116
2011-07-16 06:00:00,327.51794
2011-07-16 09:00:00,326.33954
2011-07-16 12:00:00,325.1886
2011-07-16 15:00:00,324.23816
2011-07-16 18:00:00,326.43054
2011-07-16 21:00:00,328.6421
2011-07-17 00:00:00,329.0127
2011-07-17 03:00:00,326.96387
2011-07-17 06:00:00,324.93896
2011-07-17 09:00:00,324.45367
2011-07-17 12:00:00,323.89264
2011-07-17 15:00:00,323.143
2011-07-17 18:00:00,325.34656
2011-07-17 21:00:00,328.57254
2011-07-18 00:00:00,331.2356
2011-07-18 03:00:00,333.18958
2011-07-18 06:00:00,333.72815
2011-07-18 09:00:00,332.96014
2011-07-18 12:00:00,329.88684
2011-07-18 15:00:00,327.865
2011-07-18 18:00:00,327.52393
2011-07-18 21:00:00,328.3385
2011-07-19 00:00:00,328.2068
2011-07-19 03:00:00,327.2495
2011-07-19 06:00:00,325.85107
2011-07-19 09:00:00,325.1881
2011-07-19 12:00:00,325.5456
2011-07-19 15:00:00,325.0232
2011-07-19 18:00:00,327.11502
2011-07-19 21:00:00,330.334
2011-07-20 00:00:00,331.3139
2011-07-20 03:00:00,331.90265
2011-07-20 06:00:00,332.5548
2011-07-20 09:00:00,331.86047
2011-07-20 12:00:00,330.55267
2011-07-20 15:00:00,330.69342
2011-07-20 18:00:00,332.53436
2011-07-20 21:00:00,334.3772
2011-07-21 00:00:00,335.7062
2011-07-21 03:00:00,335.90472
2011-07-21 06:00:00,335.49487
2011-07-21 09:00:00,335.56726
2011-07-21 12:00:00,333.37518
2011-07-21 15:00:00,331.00217
2011-07-21 18:00:00,330.99374
2011-07-21 21:00:00,331.49893
2011-07-22 00:00:00,331.2735
2011-07-22 03:00:00,330.28528
2011-07-22 06:00:00,329.29312
2011-07-22 09:00:00,328.71313
2011-07-22 12:00:00,327.91418
2011-07-22 15:00:00,327.25012
2011-07-22 18:00:00,327.4798
2011-07-22 21:00:00,328.4909
2011-07-23 00:00:00,328.36334
2011-07-23 03:00:00,326.94952
2011-07-23 06:00:00,325.58594
2011-07-23 09:00:00,325.35217
2011-07-23 12:00:00,325.52783
2011-07-23 15:00:00,325.08636
2011-07-23 18:00:00,324.864
2011-07-23 21:00:00,325.16455
2011-07-24 00:00:00,325.48846
2011-07-24 03:00:00,325.81256
2011-07-24 06:00:00,325.96265
2011-07-24 09:00:00,326.41708
2011-07-24 12:00:00,327.14325
2011-07-24 15:00:00,327.84607
2011-07-24 18:00:00,328.4616
2011-07-24 21:00:00,331.8048
2011-07-25 00:00:00,333.52576
2011-07-25 03:00:00,333.42236
2011-07-25 06:00:00,332.25656
2011-07-25 09:00:00,331.13678
2011-07-25 12:00:00,330.2591
2011-07-25 15:00:00,329.20203
2011-07-25 18:00:00,330.19675
2011-07-25 21:00:00,331.13416
2011-07-26 00:00:00,331.3546
2011-07-26 03:00:00,333.28912
2011-07-26 06:00:00,332.9135
2011-07-26 09:00:00,332.39178
2011-07-26 12:00:00,330.5252
2011-07-26 15:00:00,329.70874
2011-07-26 18:00:00,329.89142
2011-07-26 21:00:00,330.64185
2011-07-27 00:00:00,330.37744
2011-07-27 03:00:00,329.1695
2011-07-27 06:00:00,327.86188
2011-07-27 09:00:00,327.04877
2011-07-27 12:00:00,326.74414
2011-07-27 15:00:00,326.67755
2011-07-27 18:00:00,326.77286
2011-07-27 21:00:00,327.10498
2011-07-28 00:00:00,327.12106
2011-07-28 03:00:00,326.8758
2011-07-28 06:00:00,326.48456
2011-07-28 09:00:00,325.99384
2011-07-28 12:00:00,325.4541
2011-07-28 15:00:00,325.00317
2011-07-28 18:00:00,324.47675
2011-07-28 21:00:00,323.33838
2011-07-29 00:00:00,321.49622
2011-07-29 03:00:00,319.38403
2011-07-29 06:00:00,317.463
2011-07-29 09:00:00,315.95844
2011-07-29 12:00:00,315.27417
2011-07-29 15:00:00,314.9181
2011-07-29 18:00:00,314.78973
2011-07-29 21:00:00,316.1223
2011-07-30 00:00:00,318.4616
2011-07-30 03:00:00,320.2932
2011-07-30 06:00:00,322.99854
2011-07-30 09:00:00,324.59436
2011-07-30 12:00:00,324.08618
2011-07-30 15:00:00,324.1383
2011-07-30 18:00:00,323.80762
2011-07-30 21:00:00,325.78973
2011-07-31 00:00:00,327.31885
2011-07-31 03:00:00,328.1504
2011-07-31 06:00:00,330.01233
2011-07-31 09:00:00,329.2688
2011-07-31 12:00:00,327.9923
2011-07-31 15:00:00,325.67346
2011-07-31 18:00:00,325.62598
2011-07-31 21:00:00,328.6427
2011-08-01 00:00:00,333.31464
2011-08-01 03:00:00,332.68896
2011-08-01 06:00:00,331.01855
2011-08-01 09:00:00,330.56494
2011-08-01 12:00:00,330.688
2011-08-01 15:00:00,326.38428
2011-08-01 18:00:00,321.37585
2011-08-01 21:00:00,315.86243
2011-08-02 00:00:00,313.05664
2011-08-02 03:00:00,310.3568
2011-08-02 06:00:00,308.19922
2011-08-02 09:00:00,306.3844
2011-08-02 12:00:00,304.80664
2011-08-02 15:00:00,303.79993
2011-08-02 18:00:00,303.89966
2011-08-02 21:00:00,304.07324
2011-08-03 00:00:00,303.73053
2011-08-03 03:00:00,304.61548
2011-08-03 06:00:00,309.06995
2011-08-03 09:00:00,315.11914
2011-08-03 12:00:00,311.78198
2011-08-03 15:00:00,311.4619
2011-08-03 18:00:00,314.1903
2011-08-03 21:00:00,319.21912
2011-08-04 00:00:00,322.45386
2011-08-04 03:00:00,324.68005
2011-08-04 06:00:00,325.15723
2011-08-04 09:00:00,327.3506
2011-08-04 12:00:00,324.60205
2011-08-04 15:00:00,322.9375
2011-08-04 18:00:00,324.44678
2011-08-04 21:00:00,327.33215
2011-08-05 00:00:00,326.01025
2011-08-05 03:00:00,324.02124
2011-08-05 06:00:00,322.3977
2011-08-05 09:00:00,319.88086
2011-08-05 12:00:00,314.87585
2011-08-05 15:00:00,312.0802
2011-08-05 18:00:00,311.45764
2011-08-05 21:00:00,310.2827
2011-08-06 00:00:00,307.99402
2011-08-06 03:00:00,306.29718
2011-08-06 06:00:00,304.96332
2011-08-06 09:00:00,303.80023
2011-08-06 12:00:00,302.6303
2011-08-06 15:00:00,301.08813
2011-08-06 18:00:00,300.62585
2011-08-06 21:00:00,301.64813
2011-08-07 00:00:00,302.5926
2011-08-07 03:00:00,304.12228
2011-08-07 06:00:00,308.8606
2011-08-07 09:00:00,310.05145
2011-08-07 12:00:00,310.9696
2011-08-07 15:00:00,311.3452
2011-08-07 18:00:00,314.66437
2011-08-07 21:00:00,320.30273
2011-08-08 00:00:00,322.3954
2011-08-08 03:00:00,324.687
2011-08-08 06:00:00,328.57104
2011-08-08 09:00:00,329.63855
2011-08-08 12:00:00,328.172
2011-08-08 15:00:00,327.20996
2011-08-08 18:00:00,327.85892
2011-08-08 21:00:00,330.30945
2011-08-09 00:00:00,330.48553
2011-08-09 03:00:00,329.4635
2011-08-09 06:00:00,329.2151
2011-08-09 09:00:00,328.70187
2011-08-09 12:00:00,327.44617
2011-08-09 15:00:00,326.95477
2011-08-09 18:00:00,326.95734
2011-08-09 21:00:00,327.36237
2011-08-10 00:00:00,327.69135
2011-08-10 03:00:00,327.5943
2011-08-10 06:00:00,327.00098
2011-08-10 09:00:00,326.06665
2011-08-10 12:00:00,324.844
2011-08-10 15:00:00,323.1681
2011-08-10 18:00:00,321.5597
2011-08-10 21:00:00,319.7495
2011-08-11 00:00:00,317.09412
2011-08-11 03:00:00,314.40784
2011-08-11 06:00:00,312.67896
2011-08-11 09:00:00,312.14233
2011-08-11 12:00:00,312.38452
2011-08-11 15:00:00,312.8695
2011-08-11 18:00:00,315.01807
2011-08-11 21:00:00,316.67462
2011-08-12 00:00:00,317.60547
2011-08-12 03:00:00,318.3313
2011-08-12 06:00:00,319.03125
2011-08-12 09:00:00,319.79938
2011-08-12 12:00:00,320.11462
2011-08-12 15:00:00,320.14655
2011-08-12 18:00:00,320.92883
2011-08-12 21:00:00,321.85522
2011-08-13 00:00:00,321.90497
2011-08-13 03:00:00,322.03503
2011-08-13 06:00:00,322.16937
2011-08-13 09:00:00,323.11133
2011-08-13 12:00:00,321.91016
2011-08-13 15:00:00,320.89636
2011-08-13 18:00:00,321.0121
2011-08-13 21:00:00,324.8462
2011-08-14 00:00:00,328.66736
2011-08-14 03:00:00,328.2068
2011-08-14 06:00:00,326.77393
2011-08-14 09:00:00,325.19604
2011-08-14 12:00:00,325.37817
2011-08-14 15:00:00,324.77686
2011-08-14 18:00:00,323.0376
2011-08-14 21:00:00,323.9923
2011-08-15 00:00:00,323.96924
2011-08-15 03:00:00,322.93506
2011-08-15 06:00:00,319.07837
2011-08-15 09:00:00,315.72388
2011-08-15 12:00:00,311.68237
2011-08-15 15:00:00,309.9148
2011-08-15 18:00:00,311.14185
2011-08-15 21:00:00,315.18884
2011-08-16 00:00:00,316.64087
2011-08-16 03:00:00,318.45435
2011-08-16 06:00:00,318.71155
2011-08-16 09:00:00,318.07605
2011-08-16 12:00:00,316.09302
2011-08-16 15:00:00,316.37634
2011-08-16 18:00:00,317.74475
2011-08-16 21:00:00,319.81274
2011-08-17 00:00:00,321.58594
2011-08-17 03:00:00,327.2035
2011-08-17 06:00:00,330.27466
2011-08-17 09:00:00,330.1897
2011-08-17 12:00:00,326.56628
2011-08-17 15:00:00,324.91504
2011-08-17 18:00:00,323.4967
2011-08-17 21:00:00,325.18518
2011-08-18 00:00:00,329.06403
2011-08-18 03:00:00,330.05457
2011-08-18 06:00:00,328.0609
2011-08-18 09:00:00,330.0957
2011-08-18 12:00:00,326.64954
2011-08-18 15:00:00,325.78186
2011-08-18 18:00:00,327.06702
2011-08-18 21:00:00,328.95496
2011-08-19 00:00:00,326.2411
2011-08-19 03:00:00,321.24316
2011-08-19 06:00:00,318.24377
2011-08-19 09:00:00,316.51868
2011-08-19 12:00:00,315.04745
2011-08-19 15:00:00,315.88315
2011-08-19 18:00:00,317.87506
2011-08-19 21:00:00,319.7459
2011-08-20 00:00:00,321.65353
2011-08-20 03:00:00,323.88385
2011-08-20 06:00:00,330.516
2011-08-20 09:00:00,333.0401
2011-08-20 12:00:00,334.14478
2011-08-20 15:00:00,345.44684
2011-08-20 18:00:00,323.9261
2011-08-20 21:00:00,314.65063
2011-08-21 00:00:00,325.0459
2011-08-21 03:00:00,323.64673
2011-08-21 06:00:00,318.0415
2011-08-21 09:00:00,296.13477
2011-08-21 12:00:00,277.02466
2011-08-21 15:00:00,265.68295
2011-08-21 18:00:00,272.5255
2011-08-21 21:00:00,285.33093
2011-08-22 00:00:00,292.963
2011-08-22 03:00:00,298.4713
2011-08-22 06:00:00,302.5398
2011-08-22 09:00:00,305.75824
2011-08-22 12:00:00,307.92383
2011-08-22 15:00:00,309.39386
2011-08-22 18:00:00,310.62274
2011-08-22 21:00:00,311.81976
2011-08-23 00:00:00,312.8139
2011-08-23 03:00:00,313.945
2011-08-23 06:00:00,314.82153
2011-08-23 09:00:00,316.48022
2011-08-23 12:00:00,316.7287
2011-08-23 15:00:00,317.30847
2011-08-23 18:00:00,319.42413
2011-08-23 21:00:00,322.01
2011-08-24 00:00:00,323.52148
2011-08-24 03:00:00,324.4735
2011-08-24 06:00:00,324.4862
2011-08-24 09:00:00,322.27942
2011-08-24 12:00:00,321.3645
2011-08-24 15:00:00,317.77063
2011-08-24 18:00:00,315.9298
2011-08-24 21:00:00,317.44592
2011-08-25 00:00:00,315.1864
2011-08-25 03:00:00,312.27637
2011-08-25 06:00:00,309.0088
2011-08-25 09:00:00,305.67896
2011-08-25 12:00:00,302.01013
2011-08-25 15:00:00,299.49426
2011-08-25 18:00:00,299.2047
2011-08-25 21:00:00,301.80743
2011-08-26 00:00:00,303.50104
2011-08-26 03:00:00,306.72943
2011-08-26 06:00:00,312.06412
2011-08-26 09:00:00,317.86725
2011-08-26 12:00:00,322.76642
2011-08-26 15:00:00,325.3849
2011-08-26 18:00:00,326.6698
2011-08-26 21:00:00,329.06583
2011-08-27 00:00:00,331.6457
2011-08-27 03:00:00,332.7428
2011-08-27 06:00:00,331.72522
2011-08-27 09:00:00,330.1358
2011-08-27 12:00:00,329.41663
2011-08-27 15:00:00,328.84167
2011-08-27 18:00:00,328.82452
2011-08-27 21:00:00,329.33167
2011-08-28 00:00:00,329.53177
2011-08-28 03:00:00,329.3465
2011-08-28 06:00:00,329.451
2011-08-28 09:00:00,329.252
2011-08-28 12:00:00,328.8979
2011-08-28 15:00:00,328.23462
2011-08-28 18:00:00,328.3152
2011-08-28 21:00:00,329.75494
2011-08-29 00:00:00,331.6665
2011-08-29 03:00:00,334.5558
2011-08-29 06:00:00,336.347
2011-08-29 09:00:00,337.46466
2011-08-29 12:00:00,336.23352
2011-08-29 15:00:00,331.573
2011-08-29 18:00:00,329.78186
2011-08-29 21:00:00,330.69714
2011-08-30 00:00:00,330.83508
2011-08-30 03:00:00,330.61987
2011-08-30 06:00:00,328.13696
2011-08-30 09:00:00,323.8767
2011-08-30 12:00:00,318.63135
2011-08-30 15:00:00,310.6792
2011-08-30 18:00:00,303.56592
2011-08-30 21:00:00,297.49487
2011-08-31 00:00:00,292.92993
2011-08-31 03:00:00,290.708
2011-08-31 06:00:00,290.11096
2011-08-31 09:00:00,289.7799
2011-08-31 12:00:00,282.8318
2011-08-31 15:00:00,267.7776
2011-08-31 18:00:00,264.96265
2011-08-31 21:00:00,263.71228
2011-09-01 00:00:00,251.16182
2011-09-01 03:00:00,249.64346
2011-09-01 06:00:00,259.34982
2011-09-01 09:00:00,265.8285
2011-09-01 12:00:00,270.0912
2011-09-01 15:00:00,273.3294
2011-09-01 18:00:00,276.03186
2011-09-01 21:00:00,278.24728
2011-09-02 00:00:00,279.836
2011-09-02 03:00:00,281.19928
2011-09-02 06:00:00,282.54236
2011-09-02 09:00:00,284.01398
2011-09-02 12:00:00,285.46857
2011-09-02 15:00:00,287.55573
2011-09-02 18:00:00,289.7069
2011-09-02 21:00:00,291.526
2011-09-03 00:00:00,292.9065
2011-09-03 03:00:00,294.22723
2011-09-03 06:00:00,295.83923
2011-09-03 09:00:00,297.5525
2011-09-03 12:00:00,299.84625
2011-09-03 15:00:00,302.3402
2011-09-03 18:00:00,304.71918
2011-09-03 21:00:00,306.5266
2011-09-04 00:00:00,307.77435
2011-09-04 03:00:00,308.51666
2011-09-04 06:00:00,308.96893
2011-09-04 09:00:00,310.99902
2011-09-04 12:00:00,316.95367
2011-09-04 15:00:00,318.97028
2011-09-04 18:00:00,321.15704
2011-09-04 21:00:00,326.63574
2011-09-05 00:00:00,329.14917
2011-09-05 03:00:00,330.2046
2011-09-05 06:00:00,331.92896
2011-09-05 09:00:00,332.938
2011-09-05 12:00:00,328.13782
2011-09-05 15:00:00,324.60193
2011-09-05 18:00:00,324.67346
2011-09-05 21:00:00,325.41418
2011-09-06 00:00:00,324.86584
2011-09-06 03:00:00,324.3184
2011-09-06 06:00:00,323.61407
2011-09-06 09:00:00,323.3996
2011-09-06 12:00:00,322.60486
2011-09-06 15:00:00,322.54102
2011-09-06 18:00:00,323.0113
2011-09-06 21:00:00,324.44086
2011-09-07 00:00:00,325.0657
2011-09-07 03:00:00,325.65027
2011-09-07 06:00:00,326.31335
2011-09-07 09:00:00,325.8801
2011-09-07 12:00:00,325.81418
2011-09-07 15:00:00,327.0591
2011-09-07 18:00:00,328.41498
2011-09-07 21:00:00,330.27533
2011-09-08 00:00:00,330.3773
2011-09-08 03:00:00,329.71957
2011-09-08 06:00:00,329.39233
2011-09-08 09:00:00,328.40387
2011-09-08 12:00:00,327.778
2011-09-08 15:00:00,327.2354
2011-09-08 18:00:00,326.69452
2011-09-08 21:00:00,326.07153
2011-09-09 00:00:00,325.37152
2011-09-09 03:00:00,324.52466
2011-09-09 06:00:00,323.67206
2011-09-09 09:00:00,323.06293
2011-09-09 12:00:00,322.41174
2011-09-09 15:00:00,321.6114
2011-09-09 18:00:00,321.06195
2011-09-09 21:00:00,320.56012
2011-09-10 00:00:00,319.76495
2011-09-10 03:00:00,318.27576
2011-09-10 06:00:00,315.52197
2011-09-10 09:00:00,310.81555
2011-09-10 12:00:00,304.25122
2011-09-10 15:00:00,300.28955
2011-09-10 18:00:00,299.8996
2011-09-10 21:00:00,300.80255
2011-09-11 00:00:00,301.58322
2011-09-11 03:00:00,302.41418
2011-09-11 06:00:00,302.72766
2011-09-11 09:00:00,303.08038
2011-09-11 12:00:00,303.60492
2011-09-11 15:00:00,304.26886
2011-09-11 18:00:00,305.70312
2011-09-11 21:00:00,308.31293
2011-09-12 00:00:00,310.13782
2011-09-12 03:00:00,311.36206
2011-09-12 06:00:00,312.70544
2011-09-12 09:00:00,313.5774
2011-09-12 12:00:00,313.51428
2011-09-12 15:00:00,313.9381
2011-09-12 18:00:00,313.5724
2011-09-12 21:00:00,312.57263
2011-09-13 00:00:00,310.47845
2011-09-13 03:00:00,307.76123
2011-09-13 06:00:00,305.17615
2011-09-13 09:00:00,303.06525
2011-09-13 12:00:00,301.7591
2011-09-13 15:00:00,301.08893
2011-09-13 18:00:00,300.75873
2011-09-13 21:00:00,300.6275
2011-09-14 00:00:00,300.79382
2011-09-14 03:00:00,301.53186
2011-09-14 06:00:00,303.2223
2011-09-14 09:00:00,305.59467
2011-09-14 12:00:00,307.76746
2011-09-14 15:00:00,309.55603
2011-09-14 18:00:00,310.9041
2011-09-14 21:00:00,311.86145
2011-09-15 00:00:00,312.34998
2011-09-15 03:00:00,312.35217
2011-09-15 06:00:00,312.1986
2011-09-15 09:00:00,311.901
2011-09-15 12:00:00,310.5548
2011-09-15 15:00:00,309.92438
2011-09-15 18:00:00,310.97675
2011-09-15 21:00:00,311.85223
2011-09-16 00:00:00,312.55585
2011-09-16 03:00:00,313.1355
2011-09-16 06:00:00,313.74316
2011-09-16 09:00:00,314.27722
2011-09-16 12:00:00,314.68323
2011-09-16 15:00:00,314.24988
2011-09-16 18:00:00,316.21927
2011-09-16 21:00:00,320.00162
2011-09-17 00:00:00,321.75293
2011-09-17 03:00:00,323.26596
2011-09-17 06:00:00,326.34827
2011-09-17 09:00:00,327.56326
2011-09-17 12:00:00,327.4723
2011-09-17 15:00:00,326.79657
2011-09-17 18:00:00,327.83832
2011-09-17 21:00:00,330.08423
2011-09-18 00:00:00,332.6658
2011-09-18 03:00:00,334.4018
2011-09-18 06:00:00,335.47858
2011-09-18 09:00:00,336.19684
2011-09-18 12:00:00,335.14313
2011-09-18 15:00:00,331.6023
2011-09-18 18:00:00,331.7757
2011-09-18 21:00:00,334.3448
2011-09-19 00:00:00,334.98676
2011-09-19 03:00:00,335.6092
2011-09-19 06:00:00,334.7993
2011-09-19 09:00:00,334.4569
2011-09-19 12:00:00,332.8689
2011-09-19 15:00:00,330.96887
2011-09-19 18:00:00,329.68378
2011-09-19 21:00:00,329.14996
2011-09-20 00:00:00,329.03577
2011-09-20 03:00:00,328.91083
2011-09-20 06:00:00,328.7154
2011-09-20 09:00:00,328.09467
2011-09-20 12:00:00,327.01065
2011-09-20 15:00:00,325.35645
2011-09-20 18:00:00,323.9143
2011-09-20 21:00:00,322.297
2011-09-21 00:00:00,320.62305
2011-09-21 03:00:00,319.30206
2011-09-21 06:00:00,318.4254
2011-09-21 09:00:00,317.70337
2011-09-21 12:00:00,317.4089
2011-09-21 15:00:00,317.8554
2011-09-21 18:00:00,318.55124
2011-09-21 21:00:00,318.85327
2011-09-22 00:00:00,319.00876
2011-09-22 03:00:00,319.5005
2011-09-22 06:00:00,319.64886
2011-09-22 09:00:00,319.25385
2011-09-22 12:00:00,318.99557
2011-09-22 15:00:00,318.92004
2011-09-22 18:00:00,318.9704
2011-09-22 21:00:00,319.27466
2011-09-23 00:00:00,319.86172
2011-09-23 03:00:00,320.6529
2011-09-23 06:00:00,321.6184
2011-09-23 09:00:00,322.19614
2011-09-23 12:00:00,322.34924
2011-09-23 15:00:00,322.05914
2011-09-23 18:00:00,322.26837
2011-09-23 21:00:00,323.1797
2011-09-24 00:00:00,322.88806
2011-09-24 03:00:00,322.07837
2011-09-24 06:00:00,321.2751
2011-09-24 09:00:00,320.43048
2011-09-24 12:00:00,319.18848
2011-09-24 15:00:00,317.02612
2011-09-24 18:00:00,314.85217
2011-09-24 21:00:00,312.98254
2011-09-25 00:00:00,310.8213
2011-09-25 03:00:00,308.96765
2011-09-25 06:00:00,307.56372
2011-09-25 09:00:00,306.68036
2011-09-25 12:00:00,306.1502
2011-09-25 15:00:00,306.50482
2011-09-25 18:00:00,306.69727
2011-09-25 21:00:00,306.9651
2011-09-26 00:00:00,306.52002
2011-09-26 03:00:00,305.52014
2011-09-26 06:00:00,304.2143
2011-09-26 09:00:00,303.3131
2011-09-26 12:00:00,302.66675
2011-09-26 15:00:00,302.30463
2011-09-26 18:00:00,302.0282
2011-09-26 21:00:00,301.87482
2011-09-27 00:00:00,302.15686
2011-09-27 03:00:00,302.7116
2011-09-27 06:00:00,302.7433
2011-09-27 09:00:00,302.1599
2011-09-27 12:00:00,301.18225
2011-09-27 15:00:00,299.70496
2011-09-27 18:00:00,299.00085
2011-09-27 21:00:00,298.70166
2011-09-28 00:00:00,298.53186
2011-09-28 03:00:00,298.11023
2011-09-28 06:00:00,297.0298
2011-09-28 09:00:00,294.60486
2011-09-28 12:00:00,289.9038
2011-09-28 15:00:00,282.84424
2011-09-28 18:00:00,276.04016
2011-09-28 21:00:00,272.37598
2011-09-29 00:00:00,270.79932
2011-09-29 03:00:00,270.17432
2011-09-29 06:00:00,269.95343
2011-09-29 09:00:00,270.11923
2011-09-29 12:00:00,270.81747
2011-09-29 15:00:00,272.03918
2011-09-29 18:00:00,273.92175
2011-09-29 21:00:00,276.28662
2011-09-30 00:00:00,278.80804
2011-09-30 03:00:00,280.91504
2011-09-30 06:00:00,282.66498
2011-09-30 09:00:00,283.9093
2011-09-30 12:00:00,284.76758
2011-09-30 15:00:00,285.20764
2011-09-30 18:00:00,285.03186
2011-09-30 21:00:00,284.61902
2011-10-01 00:00:00,284.14185
2011-10-01 03:00:00,282.71246
2011-10-01 06:00:00,280.09763
2011-10-01 09:00:00,270.18066
2011-10-01 12:00:00,218.03278
2011-10-01 15:00:00,188.27115
2011-10-01 18:00:00,202.67256
2011-10-01 21:00:00,231.54718
2011-10-02 00:00:00,251.31354
2011-10-02 03:00:00,249.34692
2011-10-02 06:00:00,255.7142
2011-10-02 09:00:00,265.9336
2011-10-02 12:00:00,274.2597
2011-10-02 15:00:00,278.2988
2011-10-02 18:00:00,281.65002
2011-10-02 21:00:00,283.22205
2011-10-03 00:00:00,283.3993
2011-10-03 03:00:00,284.20374
2011-10-03 06:00:00,284.41663
2011-10-03 09:00:00,284.80554
2011-10-03 12:00:00,285.94897
2011-10-03 15:00:00,288.02844
2011-10-03 18:00:00,291.34277
2011-10-03 21:00:00,304.75793
2011-10-04 00:00:00,311.65845
2011-10-04 03:00:00,310.11902
2011-10-04 06:00:00,309.52063
2011-10-04 09:00:00,308.99866
2011-10-04 12:00:00,309.12134
2011-10-04 15:00:00,309.86182
2011-10-04 18:00:00,313.66086
2011-10-04 21:00:00,320.17853
2011-10-05 00:00:00,322.86835
2011-10-05 03:00:00,323.7135
2011-10-05 06:00:00,324.66156
2011-10-05 09:00:00,325.5731
2011-10-05 12:00:00,326.29785
2011-10-05 15:00:00,327.12268
2011-10-05 18:00:00,327.4649
2011-10-05 21:00:00,327.43005
2011-10-06 00:00:00,327.11237
2011-10-06 03:00:00,326.59604
2011-10-06 06:00:00,326.2669
2011-10-06 09:00:00,326.0366
2011-10-06 12:00:00,325.81512
2011-10-06 15:00:00,325.462
2011-10-06 18:00:00,327.096
2011-10-06 21:00:00,333.4844
2011-10-07 00:00:00,334.3232
2011-10-07 03:00:00,334.02643
2011-10-07 06:00:00,334.8249
2011-10-07 09:00:00,334.5133
2011-10-07 12:00:00,332.9095
2011-10-07 15:00:00,329.9204
2011-10-07 18:00:00,329.583
2011-10-07 21:00:00,330.76767
2011-10-08 00:00:00,331.6344
2011-10-08 03:00:00,332.16553
2011-10-08 06:00:00,333.75616
2011-10-08 09:00:00,333.89886
2011-10-08 12:00:00,332.10602
2011-10-08 15:00:00,331.06335
2011-10-08 18:00:00,331.2704
2011-10-08 21:00:00,331.05768
2011-10-09 00:00:00,330.81363
2011-10-09 03:00:00,330.26062
2011-10-09 06:00:00,330.1088
2011-10-09 09:00:00,330.32117
2011-10-09 12:00:00,330.41776
2011-10-09 15:00:00,330.26456
2011-10-09 18:00:00,329.78326
2011-10-09 21:00:00,329.534
2011-10-10 00:00:00,328.3907
2011-10-10 03:00:00,326.66064
2011-10-10 06:00:00,324.00183
2011-10-10 09:00:00,321.2975
2011-10-10 12:00:00,317.4707
2011-10-10 15:00:00,313.0182
2011-10-10 18:00:00,309.28333
2011-10-10 21:00:00,307.57825
2011-10-11 00:00:00,306.85205
2011-10-11 03:00:00,306.2505
2011-10-11 06:00:00,306.00934
2011-10-11 09:00:00,305.87646
2011-10-11 12:00:00,305.82263
2011-10-11 15:00:00,305.73975
2011-10-11 18:00:00,306.07483
2011-10-11 21:00:00,306.5594
2011-10-12 00:00:00,307.19586
2011-10-12 03:00:00,307.2533
2011-10-12 06:00:00,306.95563
2011-10-12 09:00:00,306.04706
2011-10-12 12:00:00,304.60364
2011-10-12 15:00:00,303.24158
2011-10-12 18:00:00,302.0951
2011-10-12 21:00:00,301.8908
2011-10-13 00:00:00,302.22003
2011-10-13 03:00:00,302.25507
2011-10-13 06:00:00,302.5039
2011-10-13 09:00:00,303.07343
2011-10-13 12:00:00,303.91547
2011-10-13 15:00:00,304.1577
2011-10-13 18:00:00,304.84607
2011-10-13 21:00:00,305.18408
2011-10-14 00:00:00,305.2268
2011-10-14 03:00:00,305.00793
2011-10-14 06:00:00,304.72925
2011-10-14 09:00:00,304.5952
2011-10-14 12:00:00,304.57996
2011-10-14 15:00:00,304.22046
2011-10-14 18:00:00,304.86316
2011-10-14 21:00:00,305.9181
2011-10-15 00:00:00,306.40234
2011-10-15 03:00:00,306.9933
2011-10-15 06:00:00,307.0631
2011-10-15 09:00:00,306.63574
2011-10-15 12:00:00,305.77502
2011-10-15 15:00:00,303.89087
2011-10-15 18:00:00,302.5912
2011-10-15 21:00:00,302.44507
2011-10-16 00:00:00,304.97955
2011-10-16 03:00:00,308.36896
2011-10-16 06:00:00,312.54712
2011-10-16 09:00:00,317.05902
2011-10-16 12:00:00,318.84467
2011-10-16 15:00:00,320.03256
2011-10-16 18:00:00,320.6456
2011-10-16 21:00:00,320.66183
2011-10-17 00:00:00,320.32126
2011-10-17 03:00:00,319.9332
2011-10-17 06:00:00,319.68887
2011-10-17 09:00:00,319.61377
2011-10-17 12:00:00,319.61905
2011-10-17 15:00:00,319.65213
2011-10-17 18:00:00,319.7798
2011-10-17 21:00:00,320.0167
2011-10-18 00:00:00,320.3247
2011-10-18 03:00:00,320.64236
2011-10-18 06:00:00,320.98883
2011-10-18 09:00:00,321.33682
2011-10-18 12:00:00,321.65945
2011-10-18 15:00:00,321.98358
2011-10-18 18:00:00,322.26303
2011-10-18 21:00:00,322.70352
2011-10-19 00:00:00,323.77246
2011-10-19 03:00:00,325.37686
2011-10-19 06:00:00,326.31366
2011-10-19 09:00:00,326.73663
2011-10-19 12:00:00,326.104
2011-10-19 15:00:00,326.0525
2011-10-19 18:00:00,326.21112
2011-10-19 21:00:00,327.89282
2011-10-20 00:00:00,329.69678
2011-10-20 03:00:00,330.78558
2011-10-20 06:00:00,331.01593
2011-10-20 09:00:00,330.48645
2011-10-20 12:00:00,329.7981
2011-10-20 15:00:00,329.69266
2011-10-20 18:00:00,330.1708
2011-10-20 21:00:00,331.01245
2011-10-21 00:00:00,331.70953
2011-10-21 03:00:00,332.23407
2011-10-21 06:00:00,332.51617
2011-10-21 09:00:00,332.6809
2011-10-21 12:00:00,332.781
2011-10-21 15:00:00,332.8385
2011-10-21 18:00:00,332.38196
2011-10-21 21:00:00,331.54016
2011-10-22 00:00:00,330.89844
2011-10-22 03:00:00,329.7699
2011-10-22 06:00:00,329.19556
2011-10-22 09:00:00,325.6452
2011-10-22 12:00:00,319.2677
2011-10-22 15:00:00,307.0869
2011-10-22 18:00:00,278.56836
2011-10-22 21:00:00,276.85892
2011-10-23 00:00:00,272.93152
2011-10-23 03:00:00,272.3064
2011-10-23 06:00:00,265.249
2011-10-23 09:00:00,249.17206
2011-10-23 12:00:00,237.91159
2011-10-23 15:00:00,235.38365
2011-10-23 18:00:00,232.38496
2011-10-23 21:00:00,232.2142
2011-10-24 00:00:00,226.65755
2011-10-24 03:00:00,239.46143
2011-10-24 06:00:00,254.07886
2011-10-24 09:00:00,265.3717
2011-10-24 12:00:00,272.3302
2011-10-24 15:00:00,281.47083
2011-10-24 18:00:00,287.3645
2011-10-24 21:00:00,291.07788
2011-10-25 00:00:00,294.48743
2011-10-25 03:00:00,297.57532
2011-10-25 06:00:00,300.9458
2011-10-25 09:00:00,303.86737
2011-10-25 12:00:00,305.61414
2011-10-25 15:00:00,306.53235
2011-10-25 18:00:00,307.21326
2011-10-25 21:00:00,307.7854
2011-10-26 00:00:00,307.46667
2011-10-26 03:00:00,302.60645
2011-10-26 06:00:00,290.2661
2011-10-26 09:00:00,271.87402
2011-10-26 12:00:00,258.53485
2011-10-26 15:00:00,244.54759
2011-10-26 18:00:00,240.36447
2011-10-26 21:00:00,253.21928
2011-10-27 00:00:00,264.86926
2011-10-27 03:00:00,273.68005
2011-10-27 06:00:00,285.07977
2011-10-27 09:00:00,296.2583
2011-10-27 12:00:00,302.90662
2011-10-27 15:00:00,308.68414
2011-10-27 18:00:00,313.17267
2011-10-27 21:00:00,317.2641
2011-10-28 00:00:00,320.3874
2011-10-28 03:00:00,322.7295
2011-10-28 06:00:00,325.71143
2011-10-28 09:00:00,326.28174
2011-10-28 12:00:00,324.57556
2011-10-28 15:00:00,324.2367
2011-10-28 18:00:00,325.18225
2011-10-28 21:00:00,325.14355
2011-10-29 00:00:00,325.76056
2011-10-29 03:00:00,327.0006
2011-10-29 06:00:00,324.19934
2011-10-29 09:00:00,318.61035
2011-10-29 12:00:00,310.0708
2011-10-29 15:00:00,304.02917
2011-10-29 18:00:00,302.66296
2011-10-29 21:00:00,300.68488
2011-10-30 00:00:00,299.73535
2011-10-30 03:00:00,299.28534
2011-10-30 06:00:00,299.08887
2011-10-30 09:00:00,299.1582
2011-10-30 12:00:00,299.06323
2011-10-30 15:00:00,298.97766
2011-10-30 18:00:00,298.8758
2011-10-30 21:00:00,298.72052
2011-10-31 00:00:00,298.5072
2011-10-31 03:00:00,298.33655
2011-10-31 06:00:00,298.03546
2011-10-31 09:00:00,297.6684
2011-10-31 12:00:00,297.41028
2011-10-31 15:00:00,297.45874
2011-10-31 18:00:00,298.55408
2011-10-31 21:00:00,300.51184
2011-11-01 00:00:00,302.16583
2011-11-01 03:00:00,303.06775
2011-11-01 06:00:00,303.43735
2011-11-01 09:00:00,303.4849
2011-11-01 12:00:00,303.1337
2011-11-01 15:00:00,302.92496
2011-11-01 18:00:00,302.5495
2011-11-01 21:00:00,302.01123
2011-11-02 00:00:00,301.18024
2011-11-02 03:00:00,293.89966
2011-11-02 06:00:00,275.06494
2011-11-02 09:00:00,257.93903
2011-11-02 12:00:00,247.63057
2011-11-02 15:00:00,256.25867
2011-11-02 18:00:00,262.07288
2011-11-02 21:00:00,269.588
2011-11-03 00:00:00,277.60852
2011-11-03 03:00:00,281.70996
2011-11-03 06:00:00,284.1386
2011-11-03 09:00:00,284.28967
2011-11-03 12:00:00,285.19977
2011-11-03 15:00:00,285.0094
2011-11-03 18:00:00,283.93408
2011-11-03 21:00:00,282.80786
2011-11-04 00:00:00,283.95856
2011-11-04 03:00:00,284.46936
2011-11-04 06:00:00,284.40295
2011-11-04 09:00:00,285.16785
2011-11-04 12:00:00,285.64984
2011-11-04 15:00:00,287.02612
2011-11-04 18:00:00,288.97992
2011-11-04 21:00:00,290.8504
2011-11-05 00:00:00,293.27747
2011-11-05 03:00:00,295.46265
2011-11-05 06:00:00,298.40155
2011-11-05 09:00:00,302.5525
2011-11-05 12:00:00,304.54718
2011-11-05 15:00:00,307.42377
2011-11-05 18:00:00,310.17975
2011-11-05 21:00:00,313.5763
2011-11-06 00:00:00,314.9942
2011-11-06 03:00:00,316.87793
2011-11-06 06:00:00,318.41113
2011-11-06 09:00:00,320.1176
2011-11-06 12:00:00,320.7011
2011-11-06 15:00:00,320.63385
2011-11-06 18:00:00,322.23517
2011-11-06 21:00:00,324.90192
2011-11-07 00:00:00,324.16504
2011-11-07 03:00:00,322.96576
2011-11-07 06:00:00,322.00183
2011-11-07 09:00:00,320.9884
2011-11-07 12:00:00,319.3672
2011-11-07 15:00:00,316.1183
2011-11-07 18:00:00,312.5266
2011-11-07 21:00:00,308.5918
2011-11-08 00:00:00,304.79663
2011-11-08 03:00:00,301.01074
2011-11-08 06:00:00,296.5027
2011-11-08 09:00:00,284.33643
2011-11-08 12:00:00,264.40942
2011-11-08 15:00:00,243.21915
2011-11-08 18:00:00,248.53043
2011-11-08 21:00:00,258.37857
2011-11-09 00:00:00,260.8349
2011-11-09 03:00:00,271.74622
2011-11-09 06:00:00,277.20398
2011-11-09 09:00:00,277.05008
2011-11-09 12:00:00,281.10944
2011-11-09 15:00:00,281.7646
2011-11-09 18:00:00,284.44788
2011-11-09 21:00:00,287.43866
2011-11-10 00:00:00,290.201
2011-11-10 03:00:00,292.23767
2011-11-10 06:00:00,293.4546
2011-11-10 09:00:00,294.44592
2011-11-10 12:00:00,295.7992
2011-11-10 15:00:00,297.6336
2011-11-10 18:00:00,299.31494
2011-11-10 21:00:00,300.1725
2011-11-11 00:00:00,298.76904
2011-11-11 03:00:00,295.50452
2011-11-11 06:00:00,293.7694
2011-11-11 09:00:00,293.24487
2011-11-11 12:00:00,293.57544
2011-11-11 15:00:00,295.04346
2011-11-11 18:00:00,296.41846
2011-11-11 21:00:00,297.50085
2011-11-12 00:00:00,298.80237
2011-11-12 03:00:00,300.06445
2011-11-12 06:00:00,296.07043
2011-11-12 09:00:00,291.25806
2011-11-12 12:00:00,267.90692
2011-11-12 15:00:00,217.21306
2011-11-12 18:00:00,232.83112
2011-11-12 21:00:00,241.03989
2011-11-13 00:00:00,237.60469
2011-11-13 03:00:00,235.43442
2011-11-13 06:00:00,249.89867
2011-11-13 09:00:00,261.36993
2011-11-13 12:00:00,270.18555
2011-11-13 15:00:00,266.70712
2011-11-13 18:00:00,261.66473
2011-11-13 21:00:00,260.78152
2011-11-14 00:00:00,262.14853
2011-11-14 03:00:00,259.7589
2011-11-14 06:00:00,261.423
2011-11-14 09:00:00,268.9319
2011-11-14 12:00:00,272.06836
2011-11-14 15:00:00,275.02368
2011-11-14 18:00:00,279.47876
2011-11-14 21:00:00,283.12646
2011-11-15 00:00:00,286.05798
2011-11-15 03:00:00,289.35852
2011-11-15 06:00:00,292.73657
2011-11-15 09:00:00,295.6018
2011-11-15 12:00:00,297.9154
2011-11-15 15:00:00,300.0182
2011-11-15 18:00:00,301.958
2011-11-15 21:00:00,303.45557
2011-11-16 00:00:00,304.61218
2011-11-16 03:00:00,305.3495
2011-11-16 06:00:00,306.18103
2011-11-16 09:00:00,307.0343
2011-11-16 12:00:00,307.6831
2011-11-16 15:00:00,308.05176
2011-11-16 18:00:00,307.67236
2011-11-16 21:00:00,306.19543
2011-11-17 00:00:00,303.31384
2011-11-17 03:00:00,300.70898
2011-11-17 06:00:00,299.95593
2011-11-17 09:00:00,300.72272
2011-11-17 12:00:00,302.07098
2011-11-17 15:00:00,303.1861
2011-11-17 18:00:00,304.18884
2011-11-17 21:00:00,304.73596
2011-11-18 00:00:00,304.81445
2011-11-18 03:00:00,304.75256
2011-11-18 06:00:00,304.72662
2011-11-18 09:00:00,304.8069
2011-11-18 12:00:00,304.42664
2011-11-18 15:00:00,303.01855
2011-11-18 18:00:00,300.1411
2011-11-18 21:00:00,294.98218
2011-11-19 00:00:00,294.63367
2011-11-19 03:00:00,297.92676
2011-11-19 06:00:00,300.48444
2011-11-19 09:00:00,301.386
2011-11-19 12:00:00,301.39948
2011-11-19 15:00:00,301.08636
2011-11-19 18:00:00,300.68738
2011-11-19 21:00:00,300.37317
2011-11-20 00:00:00,300.24988
2011-11-20 03:00:00,300.1643
2011-11-20 06:00:00,300.98584
2011-11-20 09:00:00,302.08734
2011-11-20 12:00:00,303.48798
2011-11-20 15:00:00,306.01733
2011-11-20 18:00:00,308.50226
2011-11-20 21:00:00,309.61182
2011-11-21 00:00:00,310.1612
2011-11-21 03:00:00,310.6856
2011-11-21 06:00:00,310.627
2011-11-21 09:00:00,311.5691
2011-11-21 12:00:00,311.68512
2011-11-21 15:00:00,311.18903
2011-11-21 18:00:00,309.25085
2011-11-21 21:00:00,316.85245
2011-11-22 00:00:00,320.456
2011-11-22 03:00:00,318.7199
2011-11-22 06:00:00,317.24353
2011-11-22 09:00:00,316.3531
2011-11-22 12:00:00,315.10187
2011-11-22 15:00:00,314.71988
2011-11-22 18:00:00,318.33743
2011-11-22 21:00:00,321.79498
2011-11-23 00:00:00,321.89886
2011-11-23 03:00:00,321.5031
2011-11-23 06:00:00,320.15417
2011-11-23 09:00:00,318.8072
2011-11-23 12:00:00,317.89972
2011-11-23 15:00:00,317.2033
2011-11-23 18:00:00,316.68042
2011-11-23 21:00:00,316.24432
2011-11-24 00:00:00,315.17657
2011-11-24 03:00:00,314.75238
2011-11-24 06:00:00,314.31232
2011-11-24 09:00:00,313.53265
2011-11-24 12:00:00,312.87042
2011-11-24 15:00:00,312.1147
2011-11-24 18:00:00,312.0003
2011-11-24 21:00:00,312.87872
2011-11-25 00:00:00,313.85037
2011-11-25 03:00:00,314.70535
2011-11-25 06:00:00,316.03915
2011-11-25 09:00:00,317.14893
2011-11-25 12:00:00,315.972
2011-11-25 15:00:00,322.07037
2011-11-25 18:00:00,324.35193
2011-11-25 21:00:00,319.8192
2011-11-26 00:00:00,319.41046
2011-11-26 03:00:00,320.11316
2011-11-26 06:00:00,319.18
2011-11-26 09:00:00,318.04102
2011-11-26 12:00:00,315.84564
2011-11-26 15:00:00,315.1828
2011-11-26 18:00:00,315.6004
2011-11-26 21:00:00,316.29016
2011-11-27 00:00:00,316.68927
2011-11-27 03:00:00,316.8316
2011-11-27 06:00:00,316.71558
2011-11-27 09:00:00,316.6911
2011-11-27 12:00:00,316.72943
2011-11-27 15:00:00,316.80664
2011-11-27 18:00:00,317.12018
2011-11-27 21:00:00,317.01428
2011-11-28 00:00:00,316.62225
2011-11-28 03:00:00,315.74048
2011-11-28 06:00:00,314.581
2011-11-28 09:00:00,313.4179
2011-11-28 12:00:00,312.2116
2011-11-28 15:00:00,311.28912
2011-11-28 18:00:00,310.67236
2011-11-28 21:00:00,310.2444
2011-11-29 00:00:00,310.0067
2011-11-29 03:00:00,309.90717
2011-11-29 06:00:00,310.01953
2011-11-29 09:00:00,310.23364
2011-11-29 12:00:00,310.48822
2011-11-29 15:00:00,310.89362
2011-11-29 18:00:00,310.80902
2011-11-29 21:00:00,310.54456
2011-11-30 00:00:00,310.03223
2011-11-30 03:00:00,309.64355
2011-11-30 06:00:00,308.92944
2011-11-30 09:00:00,308.34094
2011-11-30 12:00:00,308.3327
2011-11-30 15:00:00,308.7035
2011-11-30 18:00:00,309.17383
2011-11-30 21:00:00,309.68365
2011-12-01 00:00:00,310.46887
2011-12-01 03:00:00,311.25452
2011-12-01 06:00:00,311.96844
2011-12-01 09:00:00,312.6042
2011-12-01 12:00:00,312.90106
2011-12-01 15:00:00,312.73077
2011-12-01 18:00:00,312.2046
2011-12-01 21:00:00,311.51666
2011-12-02 00:00:00,310.5965
2011-12-02 03:00:00,308.0382
2011-12-02 06:00:00,305.39175
2011-12-02 09:00:00,314.45874
2011-12-02 12:00:00,316.19824
2011-12-02 15:00:00,318.72693
2011-12-02 18:00:00,322.28424
2011-12-02 21:00:00,325.16138
2011-12-03 00:00:00,326.27368
2011-12-03 03:00:00,326.95453
2011-12-03 06:00:00,326.89294
2011-12-03 09:00:00,325.8503
2011-12-03 12:00:00,325.1391
2011-12-03 15:00:00,324.9272
2011-12-03 18:00:00,325.56854
2011-12-03 21:00:00,325.14648
2011-12-04 00:00:00,324.2353
2011-12-04 03:00:00,323.39447
2011-12-04 06:00:00,322.852
2011-12-04 09:00:00,322.7503
2011-12-04 12:00:00,323.03955
2011-12-04 15:00:00,323.73138
2011-12-04 18:00:00,324.75806
2011-12-04 21:00:00,325.14087
2011-12-05 00:00:00,324.5927
2011-12-05 03:00:00,324.08984
2011-12-05 06:00:00,323.424
2011-12-05 09:00:00,322.16522
2011-12-05 12:00:00,321.0271
2011-12-05 15:00:00,320.34857
2011-12-05 18:00:00,320.31934
2011-12-05 21:00:00,319.74335
2011-12-06 00:00:00,318.85242
2011-12-06 03:00:00,318.8285
2011-12-06 06:00:00,318.73145
2011-12-06 09:00:00,318.8319
2011-12-06 12:00:00,319.44928
2011-12-06 15:00:00,320.27954
2011-12-06 18:00:00,321.90582
2011-12-06 21:00:00,322.81506
2011-12-07 00:00:00,325.17255
2011-12-07 03:00:00,326.27533
2011-12-07 06:00:00,325.4804
2011-12-07 09:00:00,325.13635
2011-12-07 12:00:00,325.0862
2011-12-07 15:00:00,325.00305
2011-12-07 18:00:00,324.87524
2011-12-07 21:00:00,324.82666
2011-12-08 00:00:00,325.43466
2011-12-08 03:00:00,325.9372
2011-12-08 06:00:00,326.3289
2011-12-08 09:00:00,326.7211
2011-12-08 12:00:00,327.0246
2011-12-08 15:00:00,327.25992
2011-12-08 18:00:00,327.4597
2011-12-08 21:00:00,327.53113
2011-12-09 00:00:00,327.50717
2011-12-09 03:00:00,327.26437
2011-12-09 06:00:00,326.78235
2011-12-09 09:00:00,326.2032
2011-12-09 12:00:00,325.66418
2011-12-09 15:00:00,325.42667
2011-12-09 18:00:00,325.79962
2011-12-09 21:00:00,326.30493
2011-12-10 00:00:00,326.23444
2011-12-10 03:00:00,326.31702
2011-12-10 06:00:00,326.33557
2011-12-10 09:00:00,325.6286
2011-12-10 12:00:00,323.65747
2011-12-10 15:00:00,318.18018
2011-12-10 18:00:00,316.54767
2011-12-10 21:00:00,320.20135
2011-12-11 00:00:00,321.47083
2011-12-11 03:00:00,322.44006
2011-12-11 06:00:00,323.15363
2011-12-11 09:00:00,324.47717
2011-12-11 12:00:00,325.07153
2011-12-11 15:00:00,325.60205
2011-12-11 18:00:00,325.79132
2011-12-11 21:00:00,325.2072
2011-12-12 00:00:00,323.453
2011-12-12 03:00:00,320.50256
2011-12-12 06:00:00,317.67535
2011-12-12 09:00:00,317.01874
2011-12-12 12:00:00,316.95
2011-12-12 15:00:00,317.29767
2011-12-12 18:00:00,317.93253
2011-12-12 21:00:00,318.5945
2011-12-13 00:00:00,319.00912
2011-12-13 03:00:00,319.0934
2011-12-13 06:00:00,318.838
2011-12-13 09:00:00,317.813
2011-12-13 12:00:00,316.8452
2011-12-13 15:00:00,316.0323
2011-12-13 18:00:00,314.93915
2011-12-13 21:00:00,313.82715
2011-12-14 00:00:00,312.96643
2011-12-14 03:00:00,312.72412
2011-12-14 06:00:00,313.19324
2011-12-14 09:00:00,314.1712
2011-12-14 12:00:00,315.45856
2011-12-14 15:00:00,316.37567
2011-12-14 18:00:00,316.62244
2011-12-14 21:00:00,316.47015
2011-12-15 00:00:00,315.96222
2011-12-15 03:00:00,315.1654
2011-12-15 06:00:00,314.55884
2011-12-15 09:00:00,314.25427
2011-12-15 12:00:00,314.43753
2011-12-15 15:00:00,315.07263
2011-12-15 18:00:00,315.55832
2011-12-15 21:00:00,315.68463
2011-12-16 00:00:00,315.46295
2011-12-16 03:00:00,314.9781
2011-12-16 06:00:00,314.12817
2011-12-16 09:00:00,312.47498
2011-12-16 12:00:00,309.8285
2011-12-16 15:00:00,307.7506
2011-12-16 18:00:00,307.22937
2011-12-16 21:00:00,307.1258
2011-12-17 00:00:00,309.71924
2011-12-17 03:00:00,310.16986
2011-12-17 06:00:00,309.75616
2011-12-17 09:00:00,309.4148
2011-12-17 12:00:00,308.9864
2011-12-17 15:00:00,309.52582
2011-12-17 18:00:00,311.2276
2011-12-17 21:00:00,312.86188
2011-12-18 00:00:00,314.08362
2011-12-18 03:00:00,314.8681
2011-12-18 06:00:00,315.22815
2011-12-18 09:00:00,314.78217
2011-12-18 12:00:00,313.299
2011-12-18 15:00:00,312.84662
2011-12-18 18:00:00,313.60284
2011-12-18 21:00:00,314.81384
2011-12-19 00:00:00,317.91632
2011-12-19 03:00:00,320.01575
2011-12-19 06:00:00,318.72668
2011-12-19 09:00:00,318.8888
2011-12-19 12:00:00,318.1089
2011-12-19 15:00:00,315.08643
2011-12-19 18:00:00,314.87622
2011-12-19 21:00:00,318.96265
2011-12-20 00:00:00,318.61963
2011-12-20 03:00:00,316.3838
2011-12-20 06:00:00,316.78967
2011-12-20 09:00:00,315.61902
2011-12-20 12:00:00,314.34753
2011-12-20 15:00:00,312.93054
2011-12-20 18:00:00,318.32324
2011-12-20 21:00:00,322.40723
2011-12-21 00:00:00,323.7827
2011-12-21 03:00:00,328.51733
2011-12-21 06:00:00,329.89844
2011-12-21 09:00:00,327.23962
2011-12-21 12:00:00,322.88342
2011-12-21 15:00:00,321.50195
2011-12-21 18:00:00,324.2218
2011-12-21 21:00:00,324.62787
2011-12-22 00:00:00,322.37903
2011-12-22 03:00:00,321.55817
2011-12-22 06:00:00,323.01355
2011-12-22 09:00:00,322.83997
2011-12-22 12:00:00,323.61792
2011-12-22 15:00:00,324.4461
2011-12-22 18:00:00,325.44153
2011-12-22 21:00:00,326.22797
2011-12-23 00:00:00,324.91473
2011-12-23 03:00:00,324.53424
2011-12-23 06:00:00,325.5832
2011-12-23 09:00:00,328.2895
2011-12-23 12:00:00,329.39868
2011-12-23 15:00:00,329.4052
2011-12-23 18:00:00,331.7221
2011-12-23 21:00:00,333.04144
2011-12-24 00:00:00,332.5952
2011-12-24 03:00:00,332.15155
2011-12-24 06:00:00,331.43036
2011-12-24 09:00:00,327.24585
2011-12-24 12:00:00,326.5819
2011-12-24 15:00:00,324.54718
2011-12-24 18:00:00,322.97498
2011-12-24 21:00:00,323.97195
2011-12-25 00:00:00,325.36914
2011-12-25 03:00:00,321.9204
2011-12-25 06:00:00,318.96967
2011-12-25 09:00:00,317.66016
2011-12-25 12:00:00,316.63336
2011-12-25 15:00:00,315.3378
2011-12-25 18:00:00,314.55707
2011-12-25 21:00:00,314.188
2011-12-26 00:00:00,314.59607
2011-12-26 03:00:00,315.11688
2011-12-26 06:00:00,316.0835
2011-12-26 09:00:00,318.8147
2011-12-26 12:00:00,322.36255
2011-12-26 15:00:00,317.0559
2011-12-26 18:00:00,313.94092
2011-12-26 21:00:00,313.04443
2011-12-27 00:00:00,314.15875
2011-12-27 03:00:00,316.11865
2011-12-27 06:00:00,318.35474
2011-12-27 09:00:00,319.15442
2011-12-27 12:00:00,316.29395
2011-12-27 15:00:00,313.20667
2011-12-27 18:00:00,311.96893
2011-12-27 21:00:00,313.77075
2011-12-28 00:00:00,319.59406
2011-12-28 03:00:00,321.20062
2011-12-28 06:00:00,318.7141
2011-12-28 09:00:00,319.04367
2011-12-28 12:00:00,320.27808
2011-12-28 15:00:00,317.96906
2011-12-28 18:00:00,319.84723
2011-12-28 21:00:00,319.3595
2011-12-29 00:00:00,321.9455
2011-12-29 03:00:00,320.82788
2011-12-29 06:00:00,321.2824
2011-12-29 09:00:00,322.06317
2011-12-29 12:00:00,323.57184
2011-12-29 15:00:00,323.52368
2011-12-29 18:00:00,324.9774
2011-12-29 21:00:00,327.53665
2011-12-30 00:00:00,328.72327
2011-12-30 03:00:00,328.99344
2011-12-30 06:00:00,329.19763
2011-12-30 09:00:00,329.108
2011-12-30 12:00:00,328.8612
2011-12-30 15:00:00,328.38824
2011-12-30 18:00:00,327.88745
2011-12-30 21:00:00,327.23053
2011-12-31 00:00:00,324.95746
2011-12-31 03:00:00,321.612
2011-12-31 06:00:00,318.30847
2011-12-31 09:00:00,315.22253
2011-12-31 12:00:00,312.24512
2011-12-31 15:00:00,308.44873
2011-12-31 18:00:00,306.25073
2011-12-31 21:00:00,304.39465
2012-01-01 00:00:00,301.6908
2012-01-01 03:00:00,298.58716
2012-01-01 06:00:00,296.11768
2012-01-01 09:00:00,294.09753
2012-01-01 12:00:00,292.90076
2012-01-01 15:00:00,293.02673
2012-01-01 18:00:00,293.5868
2012-01-01 21:00:00,293.7644
2012-01-02 00:00:00,294.40796
2012-01-02 03:00:00,297.0238
2012-01-02 06:00:00,300.73303
2012-01-02 09:00:00,304.1507
2012-01-02 12:00:00,305.53174
2012-01-02 15:00:00,306.7627
2012-01-02 18:00:00,307.67316
2012-01-02 21:00:00,308.0921
2012-01-03 00:00:00,308.68152
2012-01-03 03:00:00,309.88333
2012-01-03 06:00:00,311.73495
2012-01-03 09:00:00,313.58685
2012-01-03 12:00:00,314.86234
2012-01-03 15:00:00,315.68762
2012-01-03 18:00:00,316.3656
2012-01-03 21:00:00,316.9698
2012-01-04 00:00:00,317.37982
2012-01-04 03:00:00,317.97778
2012-01-04 06:00:00,318.86975
2012-01-04 09:00:00,318.3438
2012-01-04 12:00:00,317.39307
2012-01-04 15:00:00,316.17517
2012-01-04 18:00:00,315.0387
2012-01-04 21:00:00,315.32904
2012-01-05 00:00:00,315.55475
2012-01-05 03:00:00,316.41522
2012-01-05 06:00:00,316.38354
2012-01-05 09:00:00,316.49695
2012-01-05 12:00:00,316.5631
2012-01-05 15:00:00,316.4945
2012-01-05 18:00:00,316.21185
2012-01-05 21:00:00,316.31342
2012-01-06 00:00:00,316.93805
2012-01-06 03:00:00,318.2431
2012-01-06 06:00:00,318.96265
2012-01-06 09:00:00,319.58374
2012-01-06 12:00:00,320.39075
2012-01-06 15:00:00,319.88538
2012-01-06 18:00:00,320.1739
2012-01-06 21:00:00,320.96515
2012-01-07 00:00:00,321.21106
2012-01-07 03:00:00,321.5398
2012-01-07 06:00:00,322.08093
2012-01-07 09:00:00,322.45868
2012-01-07 12:00:00,322.54245
2012-01-07 15:00:00,322.0948
2012-01-07 18:00:00,321.28247
2012-01-07 21:00:00,320.31622
2012-01-08 00:00:00,319.52347
2012-01-08 03:00:00,318.5337
2012-01-08 06:00:00,317.11224
2012-01-08 09:00:00,315.16632
2012-01-08 12:00:00,313.2074
2012-01-08 15:00:00,311.26794
2012-01-08 18:00:00,310.05548
2012-01-08 21:00:00,309.16516
2012-01-09 00:00:00,308.26685
2012-01-09 03:00:00,307.44666
2012-01-09 06:00:00,306.62512
2012-01-09 09:00:00,305.66486
2012-01-09 12:00:00,304.79706
2012-01-09 15:00:00,303.93823
2012-01-09 18:00:00,303.26794
2012-01-09 21:00:00,302.7199
2012-01-10 00:00:00,302.29688
2012-01-10 03:00:00,302.53357
2012-01-10 06:00:00,302.42267
2012-01-10 09:00:00,302.67188
2012-01-10 12:00:00,302.66443
2012-01-10 15:00:00,300.08606
2012-01-10 18:00:00,300.0869
2012-01-10 21:00:00,302.51642
2012-01-11 00:00:00,305.5899
2012-01-11 03:00:00,308.7907
2012-01-11 06:00:00,312.32812
2012-01-11 09:00:00,314.8053
2012-01-11 12:00:00,315.98438
2012-01-11 15:00:00,316.49585
2012-01-11 18:00:00,316.75208
2012-01-11 21:00:00,316.86743
2012-01-12 00:00:00,316.73383
2012-01-12 03:00:00,316.3996
2012-01-12 06:00:00,316.07684
2012-01-12 09:00:00,315.90106
2012-01-12 12:00:00,316.11847
2012-01-12 15:00:00,316.07526
2012-01-12 18:00:00,316.56354
2012-01-12 21:00:00,317.64404
2012-01-13 00:00:00,318.9005
2012-01-13 03:00:00,320.23535
2012-01-13 06:00:00,321.16602
2012-01-13 09:00:00,321.64276
2012-01-13 12:00:00,321.81152
2012-01-13 15:00:00,321.73602
2012-01-13 18:00:00,321.90674
2012-01-13 21:00:00,322.5879
2012-01-14 00:00:00,322.14136
2012-01-14 03:00:00,321.06342
2012-01-14 06:00:00,318.82068
2012-01-14 09:00:00,314.96985
2012-01-14 12:00:00,310.6289
2012-01-14 15:00:00,307.0631
2012-01-14 18:00:00,304.47888
2012-01-14 21:00:00,300.28003
2012-01-15 00:00:00,289.36743
2012-01-15 03:00:00,280.93848
2012-01-15 06:00:00,282.5281
2012-01-15 09:00:00,291.8211
2012-01-15 12:00:00,296.922
2012-01-15 15:00:00,300.6928
2012-01-15 18:00:00,302.23486
2012-01-15 21:00:00,303.35522
2012-01-16 00:00:00,303.74335
2012-01-16 03:00:00,303.88824
2012-01-16 06:00:00,304.42523
2012-01-16 09:00:00,303.1995
2012-01-16 12:00:00,302.0842
2012-01-16 15:00:00,307.16492
2012-01-16 18:00:00,312.97192
2012-01-16 21:00:00,318.38672
2012-01-17 00:00:00,320.1455
2012-01-17 03:00:00,321.14905
2012-01-17 06:00:00,319.72345
2012-01-17 09:00:00,319.08594
2012-01-17 12:00:00,317.83643
2012-01-17 15:00:00,315.7533
2012-01-17 18:00:00,316.3838
2012-01-17 21:00:00,315.68945
2012-01-18 00:00:00,314.14062
2012-01-18 03:00:00,312.01782
2012-01-18 06:00:00,310.14935
2012-01-18 09:00:00,308.2511
2012-01-18 12:00:00,306.29132
2012-01-18 15:00:00,304.33197
2012-01-18 18:00:00,303.18903
2012-01-18 21:00:00,302.36127
2012-01-19 00:00:00,301.99234
2012-01-19 03:00:00,301.58862
2012-01-19 06:00:00,301.12836
2012-01-19 09:00:00,300.62726
2012-01-19 12:00:00,300.07825
2012-01-19 15:00:00,299.51648
2012-01-19 18:00:00,299.35278
2012-01-19 21:00:00,300.0194
2012-01-20 00:00:00,300.85394
2012-01-20 03:00:00,301.29333
2012-01-20 06:00:00,302.26025
2012-01-20 09:00:00,303.6731
2012-01-20 12:00:00,305.5317
2012-01-20 15:00:00,309.79153
2012-01-20 18:00:00,312.46252
2012-01-20 21:00:00,313.18915
2012-01-21 00:00:00,313.5721
2012-01-21 03:00:00,314.2041
2012-01-21 06:00:00,314.97076
2012-01-21 09:00:00,315.94656
2012-01-21 12:00:00,316.25208
2012-01-21 15:00:00,316.57422
2012-01-21 18:00:00,318.2779
2012-01-21 21:00:00,319.8269
2012-01-22 00:00:00,320.57605
2012-01-22 03:00:00,320.41345
2012-01-22 06:00:00,320.05902
2012-01-22 09:00:00,319.58008
2012-01-22 12:00:00,319.00055
2012-01-22 15:00:00,318.23077
2012-01-22 18:00:00,317.4262
2012-01-22 21:00:00,316.66278
2012-01-23 00:00:00,316.1026
2012-01-23 03:00:00,316.19537
2012-01-23 06:00:00,316.75214
2012-01-23 09:00:00,317.25964
2012-01-23 12:00:00,317.4029
2012-01-23 15:00:00,317.26727
2012-01-23 18:00:00,316.93378
2012-01-23 21:00:00,316.65173
2012-01-24 00:00:00,316.6173
2012-01-24 03:00:00,316.9074
2012-01-24 06:00:00,317.35236
2012-01-24 09:00:00,317.65686
2012-01-24 12:00:00,317.61212
2012-01-24 15:00:00,317.20715
2012-01-24 18:00:00,316.7025
2012-01-24 21:00:00,316.17413
2012-01-25 00:00:00,315.67657
2012-01-25 03:00:00,315.0293
2012-01-25 06:00:00,314.13593
2012-01-25 09:00:00,312.97668
2012-01-25 12:00:00,311.2738
2012-01-25 15:00:00,309.1183
2012-01-25 18:00:00,307.66565
2012-01-25 21:00:00,306.89612
2012-01-26 00:00:00,306.68753
2012-01-26 03:00:00,308.66748
2012-01-26 06:00:00,310.47046
2012-01-26 09:00:00,311.59106
2012-01-26 12:00:00,311.42786
2012-01-26 15:00:00,312.7671
2012-01-26 18:00:00,315.24585
2012-01-26 21:00:00,317.9499
2012-01-27 00:00:00,322.71213
2012-01-27 03:00:00,324.40088
2012-01-27 06:00:00,324.04324
2012-01-27 09:00:00,325.02435
2012-01-27 12:00:00,325.32306
2012-01-27 15:00:00,325.3345
2012-01-27 18:00:00,326.3154
2012-01-27 21:00:00,327.33533
2012-01-28 00:00:00,327.4619
2012-01-28 03:00:00,327.62616
2012-01-28 06:00:00,327.10486
2012-01-28 09:00:00,327.23184
2012-01-28 12:00:00,327.00015
2012-01-28 15:00:00,326.6173
2012-01-28 18:00:00,327.3395
2012-01-28 21:00:00,328.48654
2012-01-29 00:00:00,329.59293
2012-01-29 03:00:00,330.45325
2012-01-29 06:00:00,330.73364
2012-01-29 09:00:00,331.05585
2012-01-29 12:00:00,331.6435
2012-01-29 15:00:00,332.28156
2012-01-29 18:00:00,333.32788
2012-01-29 21:00:00,335.0158
2012-01-30 00:00:00,337.36774
2012-01-30 03:00:00,337.69403
2012-01-30 06:00:00,337.44348
2012-01-30 09:00:00,338.66553
2012-01-30 12:00:00,339.4435
2012-01-30 15:00:00,337.7917
2012-01-30 18:00:00,335.90198
2012-01-30 21:00:00,335.08386
2012-01-31 00:00:00,333.71143
2012-01-31 03:00:00,330.53198
2012-01-31 06:00:00,326.2843
2012-01-31 09:00:00,321.5681
2012-01-31 12:00:00,316.99805
2012-01-31 15:00:00,312.93896
2012-01-31 18:00:00,310.05603
2012-01-31 21:00:00,307.77417
2012-02-01 00:00:00,305.88544
2012-02-01 03:00:00,304.45483
2012-02-01 06:00:00,303.93774
2012-02-01 09:00:00,302.52094
2012-02-01 12:00:00,301.08276
2012-02-01 15:00:00,300.0274
2012-02-01 18:00:00,302.33405
2012-02-01 21:00:00,303.10388
2012-02-02 00:00:00,303.71936
2012-02-02 03:00:00,308.13452
2012-02-02 06:00:00,311.25812
2012-02-02 09:00:00,315.76672
2012-02-02 12:00:00,314.93793
2012-02-02 15:00:00,315.56647
2012-02-02 18:00:00,319.93958
2012-02-02 21:00:00,324.66708
2012-02-03 00:00:00,326.17303
2012-02-03 03:00:00,325.219
2012-02-03 06:00:00,330.19104
2012-02-03 09:00:00,335.02832
2012-02-03 12:00:00,335.5476
2012-02-03 15:00:00,335.16443
2012-02-03 18:00:00,337.2909
2012-02-03 21:00:00,346.15903
2012-02-04 00:00:00,352.83856
2012-02-04 03:00:00,356.18213
2012-02-04 06:00:00,355.4248
2012-02-04 09:00:00,348.10468
2012-02-04 12:00:00,337.47314
2012-02-04 15:00:00,324.9734
2012-02-04 18:00:00,322.77356
2012-02-04 21:00:00,328.42413
2012-02-05 00:00:00,327.33667
2012-02-05 03:00:00,321.31458
2012-02-05 06:00:00,316.44946
2012-02-05 09:00:00,313.54767
2012-02-05 12:00:00,312.62558
2012-02-05 15:00:00,313.81897
2012-02-05 18:00:00,322.07877
2012-02-05 21:00:00,328.00208
2012-02-06 00:00:00,329.5099
2012-02-06 03:00:00,330.63586
2012-02-06 06:00:00,331.3817
2012-02-06 09:00:00,331.39417
2012-02-06 12:00:00,329.60486
2012-02-06 15:00:00,329.10156
2012-02-06 18:00:00,330.06082
2012-02-06 21:00:00,333.34216
2012-02-07 00:00:00,335.0393
2012-02-07 03:00:00,334.53998
2012-02-07 06:00:00,331.93597
2012-02-07 09:00:00,330.06464
2012-02-07 12:00:00,329.17236
2012-02-07 15:00:00,325.5741
2012-02-07 18:00:00,325.72144
2012-02-07 21:00:00,327.47437
2012-02-08 00:00:00,325.4359
2012-02-08 03:00:00,324.93805
2012-02-08 06:00:00,324.19458
2012-02-08 09:00:00,323.67218
2012-02-08 12:00:00,323.95398
2012-02-08 15:00:00,327.25806
2012-02-08 18:00:00,327.84375
2012-02-08 21:00:00,326.70496
2012-02-09 00:00:00,326.71948
2012-02-09 03:00:00,328.516
2012-02-09 06:00:00,328.88666
2012-02-09 09:00:00,327.72693
2012-02-09 12:00:00,321.92346
2012-02-09 15:00:00,317.7472
2012-02-09 18:00:00,315.87048
2012-02-09 21:00:00,316.698
2012-02-10 00:00:00,315.57922
2012-02-10 03:00:00,313.0874
2012-02-10 06:00:00,311.94788
2012-02-10 09:00:00,310.86877
2012-02-10 12:00:00,310.3941
2012-02-10 15:00:00,313.47656
2012-02-10 18:00:00,318.88354
2012-02-10 21:00:00,321.2456
2012-02-11 00:00:00,319.32336
2012-02-11 03:00:00,318.07214
2012-02-11 06:00:00,313.6643
2012-02-11 09:00:00,309.27136
2012-02-11 12:00:00,307.13928
2012-02-11 15:00:00,306.2423
2012-02-11 18:00:00,307.00977
2012-02-11 21:00:00,308.68518
2012-02-12 00:00:00,309.42358
2012-02-12 03:00:00,314.20947
2012-02-12 06:00:00,326.43066
2012-02-12 09:00:00,336.28882
2012-02-12 12:00:00,326.92456
2012-02-12 15:00:00,316.5708
2012-02-12 18:00:00,324.0569
2012-02-12 21:00:00,353.80524
2012-02-13 00:00:00,1.4482927
2012-02-13 03:00:00,1.6173477
2012-02-13 06:00:00,16.742203
2012-02-13 09:00:00,31.660248
2012-02-13 12:00:00,28.328308
2012-02-13 15:00:00,13.363538
2012-02-13 18:00:00,6.971978
2012-02-13 21:00:00,4.5940704
2012-02-14 00:00:00,0.4143207
2012-02-14 03:00:00,349.98645
2012-02-14 06:00:00,339.72693
2012-02-14 09:00:00,333.73834
2012-02-14 12:00:00,334.6896
2012-02-14 15:00:00,336.49243
2012-02-14 18:00:00,332.94305
2012-02-14 21:00:00,331.87042
2012-02-15 00:00:00,332.44006
2012-02-15 03:00:00,333.83954
2012-02-15 06:00:00,336.63354
2012-02-15 09:00:00,342.9088
2012-02-15 12:00:00,344.985
2012-02-15 15:00:00,343.84424
2012-02-15 18:00:00,344.75385
2012-02-15 21:00:00,349.37
2012-02-16 00:00:00,353.625
2012-02-16 03:00:00,351.67432
2012-02-16 06:00:00,348.19943
2012-02-16 09:00:00,346.65756
2012-02-16 12:00:00,342.6806
2012-02-16 15:00:00,338.37616
2012-02-16 18:00:00,334.36157
2012-02-16 21:00:00,333.30542
2012-02-17 00:00:00,331.5725
2012-02-17 03:00:00,328.64966
2012-02-17 06:00:00,327.50977
2012-02-17 09:00:00,330.63342
2012-02-17 12:00:00,325.82965
2012-02-17 15:00:00,321.89685
2012-02-17 18:00:00,318.20435
2012-02-17 21:00:00,314.72937
2012-02-18 00:00:00,311.16663
2012-02-18 03:00:00,307.6195
2012-02-18 06:00:00,305.64124
2012-02-18 09:00:00,306.2157
2012-02-18 12:00:00,305.16492
2012-02-18 15:00:00,303.55664
2012-02-18 18:00:00,305.89355
2012-02-18 21:00:00,321.03223
2012-02-19 00:00:00,327.05182
2012-02-19 03:00:00,327.31482
2012-02-19 06:00:00,326.03552
2012-02-19 09:00:00,325.3683
2012-02-19 12:00:00,324.88416
2012-02-19 15:00:00,325.04895
2012-02-19 18:00:00,326.1134
2012-02-19 21:00:00,327.05948
2012-02-20 00:00:00,327.228
2012-02-20 03:00:00,327.5108
2012-02-20 06:00:00,327.4924
2012-02-20 09:00:00,327.29803
2012-02-20 12:00:00,327.18262
2012-02-20 15:00:00,327.12933
2012-02-20 18:00:00,327.41125
2012-02-20 21:00:00,328.515
2012-02-21 00:00:00,328.46396
2012-02-21 03:00:00,327.71442
2012-02-21 06:00:00,327.0182
2012-02-21 09:00:00,326.55005
2012-02-21 12:00:00,326.25006
2012-02-21 15:00:00,326.03253
2012-02-21 18:00:00,326.01422
2012-02-21 21:00:00,328.56567
2012-02-22 00:00:00,329.4994
2012-02-22 03:00:00,331.48242
2012-02-22 06:00:00,332.42453
2012-02-22 09:00:00,331.44666
2012-02-22 12:00:00,330.07074
2012-02-22 15:00:00,328.1114
2012-02-22 18:00:00,327.32867
2012-02-22 21:00:00,327.79535
2012-02-23 00:00:00,327.1072
2012-02-23 03:00:00,326.0132
2012-02-23 06:00:00,324.44803
2012-02-23 09:00:00,321.1984
2012-02-23 12:00:00,316.2337
2012-02-23 15:00:00,312.40686
2012-02-23 18:00:00,310.85754
2012-02-23 21:00:00,309.15082
2012-02-24 00:00:00,308.08844
2012-02-24 03:00:00,305.25464
2012-02-24 06:00:00,302.1513
2012-02-24 09:00:00,299.73438
2012-02-24 12:00:00,297.84454
2012-02-24 15:00:00,296.42596
2012-02-24 18:00:00,295.35944
2012-02-24 21:00:00,294.56268
2012-02-25 00:00:00,293.92603
2012-02-25 03:00:00,293.3606
2012-02-25 06:00:00,292.90436
2012-02-25 09:00:00,292.58777
2012-02-25 12:00:00,292.40942
2012-02-25 15:00:00,292.44885
2012-02-25 18:00:00,293.02148
2012-02-25 21:00:00,294.56696
2012-02-26 00:00:00,296.86835
2012-02-26 03:00:00,299.4895
2012-02-26 06:00:00,302.04218
2012-02-26 09:00:00,304.25952
2012-02-26 12:00:00,305.88458
2012-02-26 15:00:00,307.4497
2012-02-26 18:00:00,310.06598
2012-02-26 21:00:00,312.50385
2012-02-27 00:00:00,313.7331
2012-02-27 03:00:00,314.20422
2012-02-27 06:00:00,312.73608
2012-02-27 09:00:00,310.78162
2012-02-27 12:00:00,309.10352
2012-02-27 15:00:00,307.19946
2012-02-27 18:00:00,305.2356
2012-02-27 21:00:00,303.50903
2012-02-28 00:00:00,302.0083
2012-02-28 03:00:00,300.85968
2012-02-28 06:00:00,300.04108
2012-02-28 09:00:00,299.37433
2012-02-28 12:00:00,298.79877
2012-02-28 15:00:00,298.516
2012-02-28 18:00:00,298.1349
2012-02-28 21:00:00,297.82355
2012-02-29 00:00:00,297.56854
2012-02-29 03:00:00,297.3681
2012-02-29 06:00:00,297.16455
2012-02-29 09:00:00,296.73456
2012-02-29 12:00:00,296.26678
2012-02-29 15:00:00,295.99066
2012-02-29 18:00:00,295.5346
2012-02-29 21:00:00,294.8299
2012-03-01 00:00:00,293.625
2012-03-01 03:00:00,291.84424
2012-03-01 06:00:00,289.6989
2012-03-01 09:00:00,287.2586
2012-03-01 12:00:00,283.98004
2012-03-01 15:00:00,286.47528
2012-03-01 18:00:00,290.02567
2012-03-01 21:00:00,292.57062
2012-03-02 00:00:00,293.9004
2012-03-02 03:00:00,294.6496
2012-03-02 06:00:00,294.88452
2012-03-02 09:00:00,294.96863
2012-03-02 12:00:00,294.99536
2012-03-02 15:00:00,295.31372
2012-03-02 18:00:00,295.7917
2012-03-02 21:00:00,295.7721
2012-03-03 00:00:00,295.94714
2012-03-03 03:00:00,296.32855
2012-03-03 06:00:00,296.72412
2012-03-03 09:00:00,297.06342
2012-03-03 12:00:00,297.17804
2012-03-03 15:00:00,297.48798
2012-03-03 18:00:00,297.88977
2012-03-03 21:00:00,298.43848
2012-03-04 00:00:00,299.14288
2012-03-04 03:00:00,299.9085
2012-03-04 06:00:00,300.47766
2012-03-04 09:00:00,300.78278
2012-03-04 12:00:00,300.96655
2012-03-04 15:00:00,301.3291
2012-03-04 18:00:00,302.26587
2012-03-04 21:00:00,303.0874
2012-03-05 00:00:00,304.7057
2012-03-05 03:00:00,306.08032
2012-03-05 06:00:00,308.0313
2012-03-05 09:00:00,309.2898
2012-03-05 12:00:00,309.4109
2012-03-05 15:00:00,309.66492
2012-03-05 18:00:00,311.75452
2012-03-05 21:00:00,314.29272
2012-03-06 00:00:00,317.20142
2012-03-06 03:00:00,317.34167
2012-03-06 06:00:00,317.89893
2012-03-06 09:00:00,320.92236
2012-03-06 12:00:00,320.81787
2012-03-06 15:00:00,321.48438
2012-03-06 18:00:00,323.60986
2012-03-06 21:00:00,326.03162
2012-03-07 00:00:00,327.17395
2012-03-07 03:00:00,326.25244
2012-03-07 06:00:00,326.42365
2012-03-07 09:00:00,325.53076
2012-03-07 12:00:00,321.98938
2012-03-07 15:00:00,316.46082
2012-03-07 18:00:00,312.92273
2012-03-07 21:00:00,310.82086
2012-03-08 00:00:00,310.7212
2012-03-08 03:00:00,311.00104
2012-03-08 06:00:00,311.25134
2012-03-08 09:00:00,312.2428
2012-03-08 12:00:00,314.6535
2012-03-08 15:00:00,318.22766
2012-03-08 18:00:00,321.64417
2012-03-08 21:00:00,323.63596
2012-03-09 00:00:00,324.9637
2012-03-09 03:00:00,325.81277
2012-03-09 06:00:00,326.3454
2012-03-09 09:00:00,326.48096
2012-03-09 12:00:00,326.06906
2012-03-09 15:00:00,325.7698
2012-03-09 18:00:00,325.06543
2012-03-09 21:00:00,324.3571
2012-03-10 00:00:00,323.59274
2012-03-10 03:00:00,322.82343
2012-03-10 06:00:00,321.86414
2012-03-10 09:00:00,320.55634
2012-03-10 12:00:00,318.47925
2012-03-10 15:00:00,315.44482
2012-03-10 18:00:00,312.3689
2012-03-10 21:00:00,310.2152
2012-03-11 00:00:00,309.1679
2012-03-11 03:00:00,309.0025
2012-03-11 06:00:00,309.31458
2012-03-11 09:00:00,309.7909
2012-03-11 12:00:00,310.32904
2012-03-11 15:00:00,310.72278
2012-03-11 18:00:00,311.01886
2012-03-11 21:00:00,311.20087
2012-03-12 00:00:00,311.2151
2012-03-12 03:00:00,311.04108
2012-03-12 06:00:00,310.66882
2012-03-12 09:00:00,310.10468
2012-03-12 12:00:00,309.26025
2012-03-12 15:00:00,308.3994
2012-03-12 18:00:00,307.70984
2012-03-12 21:00:00,307.01575
2012-03-13 00:00:00,306.0188
2012-03-13 03:00:00,304.8996
2012-03-13 06:00:00,303.68146
2012-03-13 09:00:00,302.47687
2012-03-13 12:00:00,301.37146
2012-03-13 15:00:00,300.41528
2012-03-13 18:00:00,299.87183
2012-03-13 21:00:00,300.23285
2012-03-14 00:00:00,301.54425
2012-03-14 03:00:00,303.07895
2012-03-14 06:00:00,305.15094
2012-03-14 09:00:00,306.58112
2012-03-14 12:00:00,302.00757
2012-03-14 15:00:00,295.26007
2012-03-14 18:00:00,297.64935
2012-03-14 21:00:00,301.33002
2012-03-15 00:00:00,303.5505
2012-03-15 03:00:00,305.0313
2012-03-15 06:00:00,305.97546
2012-03-15 09:00:00,305.4647
2012-03-15 12:00:00,304.3368
2012-03-15 15:00:00,305.15756
2012-03-15 18:00:00,305.71432
2012-03-15 21:00:00,305.98468
2012-03-16 00:00:00,306.15668
2012-03-16 03:00:00,306.2384
2012-03-16 06:00:00,306.24365
2012-03-16 09:00:00,306.2395
2012-03-16 12:00:00,305.9579
2012-03-16 15:00:00,305.67206
2012-03-16 18:00:00,305.41632
2012-03-16 21:00:00,305.1204
2012-03-17 00:00:00,304.95398
2012-03-17 03:00:00,304.97095
2012-03-17 06:00:00,304.9461
2012-03-17 09:00:00,305.10806
2012-03-17 12:00:00,305.4303
2012-03-17 15:00:00,305.94696
2012-03-17 18:00:00,306.39038
2012-03-17 21:00:00,307.04593
2012-03-18 00:00:00,308.24298
2012-03-18 03:00:00,309.99597
2012-03-18 06:00:00,311.04712
2012-03-18 09:00:00,311.9245
2012-03-18 12:00:00,312.64282
2012-03-18 15:00:00,313.70398
2012-03-18 18:00:00,316.62686
2012-03-18 21:00:00,322.23724
2012-03-19 00:00:00,326.47717
2012-03-19 03:00:00,327.59747
2012-03-19 06:00:00,328.7133
2012-03-19 09:00:00,328.3838
2012-03-19 12:00:00,326.73862
2012-03-19 15:00:00,326.41962
2012-03-19 18:00:00,326.998
2012-03-19 21:00:00,326.77316
2012-03-20 00:00:00,327.966
2012-03-20 03:00:00,330.5833
2012-03-20 06:00:00,337.62585
2012-03-20 09:00:00,345.54736
2012-03-20 12:00:00,342.26666
2012-03-20 15:00:00,338.52203
2012-03-20 18:00:00,337.16553
2012-03-20 21:00:00,336.34412
2012-03-21 00:00:00,334.42383
2012-03-21 03:00:00,332.21375
2012-03-21 06:00:00,331.0089
2012-03-21 09:00:00,330.77985
2012-03-21 12:00:00,330.50073
2012-03-21 15:00:00,328.58142
2012-03-21 18:00:00,326.84814
2012-03-21 21:00:00,329.1836
2012-03-22 00:00:00,329.60986
2012-03-22 03:00:00,329.1737
2012-03-22 06:00:00,327.7932
2012-03-22 09:00:00,331.74927
2012-03-22 12:00:00,328.96216
2012-03-22 15:00:00,316.53516
2012-03-22 18:00:00,212.95952
2012-03-22 21:00:00,202.52028
2012-03-23 00:00:00,150.7067
2012-03-23 03:00:00,132.09558
2012-03-23 06:00:00,129.25073
2012-03-23 09:00:00,127.65057
2012-03-23 12:00:00,131.56044
2012-03-23 15:00:00,138.96275
2012-03-23 18:00:00,152.59511
2012-03-23 21:00:00,197.89363
2012-03-24 00:00:00,269.05853
2012-03-24 03:00:00,281.44278
2012-03-24 06:00:00,284.1344
2012-03-24 09:00:00,284.5723
2012-03-24 12:00:00,284.64954
2012-03-24 15:00:00,285.54968
2012-03-24 18:00:00,286.157
2012-03-24 21:00:00,287.09503
2012-03-25 00:00:00,287.82874
2012-03-25 03:00:00,288.34705
2012-03-25 06:00:00,288.62128
2012-03-25 09:00:00,288.63306
2012-03-25 12:00:00,288.51978
2012-03-25 15:00:00,288.25806
2012-03-25 18:00:00,288.04108
2012-03-25 21:00:00,288.01843
2012-03-26 00:00:00,287.89313
2012-03-26 03:00:00,287.71124
2012-03-26 06:00:00,287.6541
2012-03-26 09:00:00,287.75085
2012-03-26 12:00:00,287.5586
2012-03-26 15:00:00,287.83322
2012-03-26 18:00:00,288.7829
2012-03-26 21:00:00,289.72928
2012-03-27 00:00:00,290.1133
2012-03-27 03:00:00,290.63553
2012-03-27 06:00:00,291.61728
2012-03-27 09:00:00,293.52185
2012-03-27 12:00:00,293.70856
2012-03-27 15:00:00,292.27573
2012-03-27 18:00:00,292.1521
2012-03-27 21:00:00,291.37088
2012-03-28 00:00:00,288.32034
2012-03-28 03:00:00,287.56677
2012-03-28 06:00:00,290.54858
2012-03-28 09:00:00,301.26672
2012-03-28 12:00:00,299.59595
2012-03-28 15:00:00,293.3152
2012-03-28 18:00:00,290.524
2012-03-28 21:00:00,286.8462
2012-03-29 00:00:00,277.85815
2012-03-29 03:00:00,281.5105
2012-03-29 06:00:00,292.63373
2012-03-29 09:00:00,296.76105
2012-03-29 12:00:00,296.1386
2012-03-29 15:00:00,268.13745
2012-03-29 18:00:00,230.5081
2012-03-29 21:00:00,270.4411
2012-03-30 00:00:00,268.5014
2012-03-30 03:00:00,274.4874
2012-03-30 06:00:00,272.6725
2012-03-30 09:00:00,272.18005
2012-03-30 12:00:00,274.52042
2012-03-30 15:00:00,276.66443
2012-03-30 18:00:00,275.07355
2012-03-30 21:00:00,273.0462
2012-03-31 00:00:00,270.56995
2012-03-31 03:00:00,269.0012
2012-03-31 06:00:00,269.62305
2012-03-31 09:00:00,270.59595
2012-03-31 12:00:00,270.04993
2012-03-31 15:00:00,272.15662
2012-03-31 18:00:00,275.8767
2012-03-31 21:00:00,282.21167
2012-04-01 00:00:00,286.22363
2012-04-01 03:00:00,287.40833
2012-04-01 06:00:00,287.80103
2012-04-01 09:00:00,288.3485
2012-04-01 12:00:00,289.0769
2012-04-01 15:00:00,289.93976
2012-04-01 18:00:00,290.34515
2012-04-01 21:00:00,290.29706
2012-04-02 00:00:00,289.78998
2012-04-02 03:00:00,288.8058
2012-04-02 06:00:00,287.93805
2012-04-02 09:00:00,287.12073
2012-04-02 12:00:00,286.78912
2012-04-02 15:00:00,286.8377
2012-04-02 18:00:00,287.5395
2012-04-02 21:00:00,289.76642
2012-04-03 00:00:00,291.23462
2012-04-03 03:00:00,292.97705
2012-04-03 06:00:00,300.71106
2012-04-03 09:00:00,310.7874
2012-04-03 12:00:00,311.5735
2012-04-03 15:00:00,310.01685
2012-04-03 18:00:00,308.4552
2012-04-03 21:00:00,308.32947
2012-04-04 00:00:00,307.60962
2012-04-04 03:00:00,305.597
2012-04-04 06:00:00,304.88348
2012-04-04 09:00:00,303.54004
2012-04-04 12:00:00,303.06763
2012-04-04 15:00:00,304.20398
2012-04-04 18:00:00,308.76862
2012-04-04 21:00:00,314.73138
2012-04-05 00:00:00,314.68848
2012-04-05 03:00:00,312.12537
2012-04-05 06:00:00,309.96957
2012-04-05 09:00:00,311.3312
2012-04-05 12:00:00,313.0886
2012-04-05 15:00:00,315.28326
2012-04-05 18:00:00,317.8891
2012-04-05 21:00:00,318.8136
2012-04-06 00:00:00,317.39648
2012-04-06 03:00:00,315.5985
2012-04-06 06:00:00,313.1211
2012-04-06 09:00:00,310.86206
2012-04-06 12:00:00,309.04114
2012-04-06 15:00:00,307.8733
2012-04-06 18:00:00,305.97815
2012-04-06 21:00:00,304.18896
2012-04-07 00:00:00,302.66785
2012-04-07 03:00:00,300.96606
2012-04-07 06:00:00,299.12097
2012-04-07 09:00:00,297.45325
2012-04-07 12:00:00,296.3468
2012-04-07 15:00:00,295.8833
2012-04-07 18:00:00,295.74377
2012-04-07 21:00:00,295.7273
2012-04-08 00:00:00,295.56836
2012-04-08 03:00:00,295.00244
2012-04-08 06:00:00,294.8086
2012-04-08 09:00:00,294.69543
2012-04-08 12:00:00,293.89307
2012-04-08 15:00:00,293.1189
2012-04-08 18:00:00,294.53815
2012-04-08 21:00:00,302.33606
2012-04-09 00:00:00,307.83926
2012-04-09 03:00:00,308.14337
2012-04-09 06:00:00,306.86572
2012-04-09 09:00:00,305.81372
2012-04-09 12:00:00,305.49658
2012-04-09 15:00:00,305.17407
2012-04-09 18:00:00,305.5066
2012-04-09 21:00:00,307.81702
2012-04-10 00:00:00,311.88824
2012-04-10 03:00:00,316.59412
2012-04-10 06:00:00,313.87048
2012-04-10 09:00:00,307.7141
2012-04-10 12:00:00,300.59045
2012-04-10 15:00:00,296.75073
2012-04-10 18:00:00,295.2661
2012-04-10 21:00:00,297.92352
2012-04-11 00:00:00,301.04468
2012-04-11 03:00:00,305.60187
2012-04-11 06:00:00,312.68018
2012-04-11 09:00:00,319.1333
2012-04-11 12:00:00,322.71545
2012-04-11 15:00:00,324.35388
2012-04-11 18:00:00,324.8183
2012-04-11 21:00:00,324.78156
2012-04-12 00:00:00,324.50586
2012-04-12 03:00:00,323.5019
2012-04-12 06:00:00,323.59644
2012-04-12 09:00:00,327.31622
2012-04-12 12:00:00,326.83453
2012-04-12 15:00:00,325.75195
2012-04-12 18:00:00,327.23563
2012-04-12 21:00:00,329.52435
2012-04-13 00:00:00,328.2658
2012-04-13 03:00:00,327.0332
2012-04-13 06:00:00,326.36462
2012-04-13 09:00:00,325.5816
2012-04-13 12:00:00,322.91406
2012-04-13 15:00:00,319.0017
2012-04-13 18:00:00,316.6339
2012-04-13 21:00:00,315.66968
2012-04-14 00:00:00,311.03918
2012-04-14 03:00:00,300.98572
2012-04-14 06:00:00,297.89197
2012-04-14 09:00:00,298.82144
2012-04-14 12:00:00,304.89246
2012-04-14 15:00:00,308.86823
2012-04-14 18:00:00,313.04712
2012-04-14 21:00:00,317.52545
2012-04-15 00:00:00,321.21356
2012-04-15 03:00:00,323.89154
2012-04-15 06:00:00,324.75934
2012-04-15 09:00:00,326.44354
2012-04-15 12:00:00,325.7514
2012-04-15 15:00:00,326.78256
2012-04-15 18:00:00,330.87616
2012-04-15 21:00:00,336.0287
2012-04-16 00:00:00,335.75266
2012-04-16 03:00:00,335.75803
2012-04-16 06:00:00,335.73596
2012-04-16 09:00:00,336.4555
2012-04-16 12:00:00,334.69583
2012-04-16 15:00:00,332.5047
2012-04-16 18:00:00,332.44604
2012-04-16 21:00:00,335.13455
2012-04-17 00:00:00,336.96915
2012-04-17 03:00:00,337.29163
2012-04-17 06:00:00,337.57068
2012-04-17 09:00:00,335.62915
2012-04-17 12:00:00,333.614
2012-04-17 15:00:00,329.40405
2012-04-17 18:00:00,326.01636
2012-04-17 21:00:00,321.79224
2012-04-18 00:00:00,316.10596
2012-04-18 03:00:00,311.76672
2012-04-18 06:00:00,320.60443
2012-04-18 09:00:00,319.33667
2012-04-18 12:00:00,317.49164
2012-04-18 15:00:00,319.261
2012-04-18 18:00:00,321.74255
2012-04-18 21:00:00,324.00787
2012-04-19 00:00:00,325.05206
2012-04-19 03:00:00,325.28186
2012-04-19 06:00:00,324.5874
2012-04-19 09:00:00,323.67578
2012-04-19 12:00:00,322.8954
2012-04-19 15:00:00,321.6914
2012-04-19 18:00:00,321.40747
2012-04-19 21:00:00,321.45593
2012-04-20 00:00:00,321.1565
2012-04-20 03:00:00,320.69244
2012-04-20 06:00:00,320.1123
2012-04-20 09:00:00,319.474
2012-04-20 12:00:00,318.77246
2012-04-20 15:00:00,318.1444
2012-04-20 18:00:00,317.6131
2012-04-20 21:00:00,317.53278
2012-04-21 00:00:00,317.55005
2012-04-21 03:00:00,317.56897
2012-04-21 06:00:00,317.54163
2012-04-21 09:00:00,317.36084
2012-04-21 12:00:00,317.1499
2012-04-21 15:00:00,317.41742
2012-04-21 18:00:00,317.63855
2012-04-21 21:00:00,317.8551
2012-04-22 00:00:00,317.17554
2012-04-22 03:00:00,316.57135
2012-04-22 06:00:00,316.06567
2012-04-22 09:00:00,315.73975
2012-04-22 12:00:00,315.65857
2012-04-22 15:00:00,315.58337
2012-04-22 18:00:00,316.0742
2012-04-22 21:00:00,322.94647
2012-04-23 00:00:00,323.4795
2012-04-23 03:00:00,323.17285
2012-04-23 06:00:00,321.78503
2012-04-23 09:00:00,321.51025
2012-04-23 12:00:00,320.4181
2012-04-23 15:00:00,318.56628
2012-04-23 18:00:00,317.14246
2012-04-23 21:00:00,321.08923
2012-04-24 00:00:00,325.8424
2012-04-24 03:00:00,328.43884
2012-04-24 06:00:00,330.77606
2012-04-24 09:00:00,332.31458
2012-04-24 12:00:00,332.05853
2012-04-24 15:00:00,331.521
2012-04-24 18:00:00,330.7276
2012-04-24 21:00:00,330.0788
2012-04-25 00:00:00,328.9748
2012-04-25 03:00:00,326.3993
2012-04-25 06:00:00,322.73193
2012-04-25 09:00:00,317.15894
2012-04-25 12:00:00,308.9934
2012-04-25 15:00:00,295.39136
2012-04-25 18:00:00,291.4856
2012-04-25 21:00:00,301.27478
2012-04-26 00:00:00,310.21918
2012-04-26 03:00:00,313.27368
2012-04-26 06:00:00,313.63452
2012-04-26 09:00:00,312.927
2012-04-26 12:00:00,312.03925
2012-04-26 15:00:00,311.364
2012-04-26 18:00:00,311.0116
2012-04-26 21:00:00,310.84192
2012-04-27 00:00:00,310.78406
2012-04-27 03:00:00,310.90985
2012-04-27 06:00:00,311.17548
2012-04-27 09:00:00,311.6493
2012-04-27 12:00:00,312.43298
2012-04-27 15:00:00,313.46277
2012-04-27 18:00:00,314.7188
2012-04-27 21:00:00,316.13995
2012-04-28 00:00:00,317.59027
2012-04-28 03:00:00,319.25452
2012-04-28 06:00:00,320.18695
2012-04-28 09:00:00,320.35858
2012-04-28 12:00:00,318.26752
2012-04-28 15:00:00,310.98193
2012-04-28 18:00:00,300.48175
2012-04-28 21:00:00,291.1051
2012-04-29 00:00:00,286.138
2012-04-29 03:00:00,286.15137
2012-04-29 06:00:00,286.01898
2012-04-29 09:00:00,286.78003
2012-04-29 12:00:00,287.85693
2012-04-29 15:00:00,290.15405
2012-04-29 18:00:00,292.0537
2012-04-29 21:00:00,296.52045
2012-04-30 00:00:00,300.83185
2012-04-30 03:00:00,302.97046
2012-04-30 06:00:00,304.39935
2012-04-30 09:00:00,306.28955
2012-04-30 12:00:00,306.82324
2012-04-30 15:00:00,307.4474
2012-04-30 18:00:00,308.1339
2012-04-30 21:00:00,308.85217
2012-05-01 00:00:00,309.10657
2012-05-01 03:00:00,309.50488
2012-05-01 06:00:00,310.63348
2012-05-01 09:00:00,311.83997
2012-05-01 12:00:00,310.65918
2012-05-01 15:00:00,302.96362
2012-05-01 18:00:00,290.42188
2012-05-01 21:00:00,276.4132
2012-05-02 00:00:00,257.54776
2012-05-02 03:00:00,242.7597
2012-05-02 06:00:00,235.08777
2012-05-02 09:00:00,233.08961
2012-05-02 12:00:00,231.39166
2012-05-02 15:00:00,235.37793
2012-05-02 18:00:00,236.53035
2012-05-02 21:00:00,239.6281
2012-05-03 00:00:00,244.27727
2012-05-03 03:00:00,250.72552
2012-05-03 06:00:00,255.98495
2012-05-03 09:00:00,259.46762
2012-05-03 12:00:00,263.53284
2012-05-03 15:00:00,263.58667
2012-05-03 18:00:00,264.06067
2012-05-03 21:00:00,266.00928
2012-05-04 00:00:00,265.95312
2012-05-04 03:00:00,266.1178
2012-05-04 06:00:00,267.76343
2012-05-04 09:00:00,269.812
2012-05-04 12:00:00,272.8368
2012-05-04 15:00:00,274.51025
2012-05-04 18:00:00,276.10645
2012-05-04 21:00:00,277.55432
2012-05-05 00:00:00,278.8485
2012-05-05 03:00:00,280.11584
2012-05-05 06:00:00,280.46118
2012-05-05 09:00:00,277.7821
2012-05-05 12:00:00,275.3448
2012-05-05 15:00:00,275.354
2012-05-05 18:00:00,278.71167
2012-05-05 21:00:00,281.4768
2012-05-06 00:00:00,280.50134
2012-05-06 03:00:00,280.71082
2012-05-06 06:00:00,280.80664
2012-05-06 09:00:00,280.19885
2012-05-06 12:00:00,279.96216
2012-05-06 15:00:00,279.86987
2012-05-06 18:00:00,280.13184
2012-05-06 21:00:00,280.844
2012-05-07 00:00:00,279.1228
2012-05-07 03:00:00,270.37793
2012-05-07 06:00:00,256.034
2012-05-07 09:00:00,243.02722
2012-05-07 12:00:00,241.54944
2012-05-07 15:00:00,241.68292
2012-05-07 18:00:00,246.3441
2012-05-07 21:00:00,254.19446
2012-05-08 00:00:00,260.22812
2012-05-08 03:00:00,263.38312
2012-05-08 06:00:00,265.3142
2012-05-08 09:00:00,266.55493
2012-05-08 12:00:00,267.07886
2012-05-08 15:00:00,267.55603
2012-05-08 18:00:00,267.9311
2012-05-08 21:00:00,268.29956
2012-05-09 00:00:00,269.01648
2012-05-09 03:00:00,269.607
2012-05-09 06:00:00,270.00824
2012-05-09 09:00:00,270.26086
2012-05-09 12:00:00,270.2884
2012-05-09 15:00:00,270.5708
2012-05-09 18:00:00,269.9508
2012-05-09 21:00:00,269.6269
2012-05-10 00:00:00,269.31262
2012-05-10 03:00:00,269.3247
2012-05-10 06:00:00,268.9948
2012-05-10 09:00:00,268.22308
2012-05-10 12:00:00,266.5832
2012-05-10 15:00:00,264.23425
2012-05-10 18:00:00,263.17786
2012-05-10 21:00:00,263.63315
2012-05-11 00:00:00,263.71265
2012-05-11 03:00:00,263.4325
2012-05-11 06:00:00,262.7147
2012-05-11 09:00:00,233.28427
2012-05-11 12:00:00,235.51346
2012-05-11 15:00:00,247.57106
2012-05-11 18:00:00,255.49081
2012-05-11 21:00:00,260.51566
2012-05-12 00:00:00,263.4047
2012-05-12 03:00:00,264.98694
2012-05-12 06:00:00,266.10242
2012-05-12 09:00:00,267.30508
2012-05-12 12:00:00,269.30627
2012-05-12 15:00:00,276.24426
2012-05-12 18:00:00,281.55133
2012-05-12 21:00:00,287.41577
2012-05-13 00:00:00,297.16577
2012-05-13 03:00:00,299.72754
2012-05-13 06:00:00,305.3152
2012-05-13 09:00:00,307.6936
2012-05-13 12:00:00,306.0337
2012-05-13 15:00:00,309.67603
2012-05-13 18:00:00,325.4165
2012-05-13 21:00:00,325.47925
2012-05-14 00:00:00,325.57275
2012-05-14 03:00:00,328.094
2012-05-14 06:00:00,336.8855
2012-05-14 09:00:00,337.55518
2012-05-14 12:00:00,333.81958
2012-05-14 15:00:00,335.30103
2012-05-14 18:00:00,335.58398
2012-05-14 21:00:00,337.69696
2012-05-15 00:00:00,340.73566
2012-05-15 03:00:00,340.78857
2012-05-15 06:00:00,343.339
2012-05-15 09:00:00,345.17987
2012-05-15 12:00:00,341.22662
2012-05-15 15:00:00,338.904
2012-05-15 18:00:00,337.8526
2012-05-15 21:00:00,337.55505
2012-05-16 00:00:00,336.86
2012-05-16 03:00:00,336.36035
2012-05-16 06:00:00,335.8323
2012-05-16 09:00:00,335.00836
2012-05-16 12:00:00,334.48758
2012-05-16 15:00:00,334.05676
2012-05-16 18:00:00,333.0171
2012-05-16 21:00:00,334.88403
2012-05-17 00:00:00,335.96558
2012-05-17 03:00:00,336.45496
2012-05-17 06:00:00,336.6112
2012-05-17 09:00:00,336.55676
2012-05-17 12:00:00,335.8944
2012-05-17 15:00:00,334.00952
2012-05-17 18:00:00,332.95667
2012-05-17 21:00:00,332.52478
2012-05-18 00:00:00,332.31
2012-05-18 03:00:00,331.8755
2012-05-18 06:00:00,331.66455
2012-05-18 09:00:00,330.49573
2012-05-18 12:00:00,327.3838
2012-05-18 15:00:00,321.30774
2012-05-18 18:00:00,310.3684
2012-05-18 21:00:00,305.85193
2012-05-19 00:00:00,300.31372
2012-05-19 03:00:00,296.04932
2012-05-19 06:00:00,318.54114
2012-05-19 09:00:00,318.6571
2012-05-19 12:00:00,314.80963
2012-05-19 15:00:00,309.86316
2012-05-19 18:00:00,303.84326
2012-05-19 21:00:00,302.34515
2012-05-20 00:00:00,302.91803
2012-05-20 03:00:00,304.65576
2012-05-20 06:00:00,305.9076
2012-05-20 09:00:00,306.43115
2012-05-20 12:00:00,307.99115
2012-05-20 15:00:00,308.6037
2012-05-20 18:00:00,311.53247
2012-05-20 21:00:00,314.41577
2012-05-21 00:00:00,315.98932
2012-05-21 03:00:00,317.68512
2012-05-21 06:00:00,318.97046
2012-05-21 09:00:00,319.42358
2012-05-21 12:00:00,319.07874
2012-05-21 15:00:00,318.62524
2012-05-21 18:00:00,318.5725
2012-05-21 21:00:00,321.10376
2012-05-22 00:00:00,321.38733
2012-05-22 03:00:00,320.7926
2012-05-22 06:00:00,325.56665
2012-05-22 09:00:00,328.6587
2012-05-22 12:00:00,321.7893
2012-05-22 15:00:00,317.62683
2012-05-22 18:00:00,320.38647
2012-05-22 21:00:00,323.48047
2012-05-23 00:00:00,319.54688
2012-05-23 03:00:00,316.09656
2012-05-23 06:00:00,312.92664
2012-05-23 09:00:00,308.8225
2012-05-23 12:00:00,304.938
2012-05-23 15:00:00,302.8369
2012-05-23 18:00:00,300.09766
2012-05-23 21:00:00,297.47797
2012-05-24 00:00:00,296.10376
2012-05-24 03:00:00,294.82666
2012-05-24 06:00:00,293.58252
2012-05-24 09:00:00,293.15643
2012-05-24 12:00:00,293.64404
2012-05-24 15:00:00,295.42627
2012-05-24 18:00:00,296.75146
2012-05-24 21:00:00,297.36023
2012-05-25 00:00:00,298.08374
2012-05-25 03:00:00,299.00116
2012-05-25 06:00:00,299.13586
2012-05-25 09:00:00,299.6283
2012-05-25 12:00:00,300.3053
2012-05-25 15:00:00,300.24512
2012-05-25 18:00:00,300.97827
2012-05-25 21:00:00,301.27173
2012-05-26 00:00:00,300.57043
2012-05-26 03:00:00,299.85083
2012-05-26 06:00:00,300.0658
2012-05-26 09:00:00,300.85168
2012-05-26 12:00:00,301.1189
2012-05-26 15:00:00,304.06152
2012-05-26 18:00:00,307.23938
2012-05-26 21:00:00,312.50195
2012-05-27 00:00:00,315.6671
2012-05-27 03:00:00,319.6084
2012-05-27 06:00:00,322.63232
2012-05-27 09:00:00,323.4126
2012-05-27 12:00:00,323.75928
2012-05-27 15:00:00,322.62646
2012-05-27 18:00:00,323.48035
2012-05-27 21:00:00,323.66187
2012-05-28 00:00:00,325.3286
2012-05-28 03:00:00,327.37
2012-05-28 06:00:00,327.58142
2012-05-28 09:00:00,327.91663
2012-05-28 12:00:00,323.3932
2012-05-28 15:00:00,318.8944
2012-05-28 18:00:00,316.0952
2012-05-28 21:00:00,315.5664
2012-05-29 00:00:00,313.69873
2012-05-29 03:00:00,312.22693
2012-05-29 06:00:00,310.07153
2012-05-29 09:00:00,307.20447
2012-05-29 12:00:00,303.95435
2012-05-29 15:00:00,302.90186
2012-05-29 18:00:00,302.06152
2012-05-29 21:00:00,302.99243
2012-05-30 00:00:00,304.99304
2012-05-30 03:00:00,305.90015
2012-05-30 06:00:00,310.27197
2012-05-30 09:00:00,309.5254
2012-05-30 12:00:00,313.09497
2012-05-30 15:00:00,313.48047
2012-05-30 18:00:00,315.37134
2012-05-30 21:00:00,318.23553
2012-05-31 00:00:00,318.54187
2012-05-31 03:00:00,316.8118
2012-05-31 06:00:00,314.38367
2012-05-31 09:00:00,312.15198
2012-05-31 12:00:00,310.13354
2012-05-31 15:00:00,308.63635
2012-05-31 18:00:00,307.40332
2012-05-31 21:00:00,307.2218
2012-06-01 00:00:00,306.07532
2012-06-01 03:00:00,305.08435
2012-06-01 06:00:00,302.52515
2012-06-01 09:00:00,289.0404
2012-06-01 12:00:00,283.5177
2012-06-01 15:00:00,277.42377
2012-06-01 18:00:00,282.07874
2012-06-01 21:00:00,284.71472
2012-06-02 00:00:00,285.26086
2012-06-02 03:00:00,285.5725
2012-06-02 06:00:00,285.48865
2012-06-02 09:00:00,285.47955
2012-06-02 12:00:00,285.20935
2012-06-02 15:00:00,284.49615
2012-06-02 18:00:00,283.97272
2012-06-02 21:00:00,283.73492
2012-06-03 00:00:00,283.6394
2012-06-03 03:00:00,283.81415
2012-06-03 06:00:00,284.81665
2012-06-03 09:00:00,285.59674
2012-06-03 12:00:00,285.91504
2012-06-03 15:00:00,288.09448
2012-06-03 18:00:00,289.22156
2012-06-03 21:00:00,291.06287
2012-06-04 00:00:00,293.38293
2012-06-04 03:00:00,294.16174
2012-06-04 06:00:00,291.95825
2012-06-04 09:00:00,288.70435
2012-06-04 12:00:00,287.56714
2012-06-04 15:00:00,291.18005
2012-06-04 18:00:00,297.18713
2012-06-04 21:00:00,302.88293
2012-06-05 00:00:00,307.14185
2012-06-05 03:00:00,309.8452
2012-06-05 06:00:00,311.21606
2012-06-05 09:00:00,312.02148
2012-06-05 12:00:00,306.4309
2012-06-05 15:00:00,302.2351
2012-06-05 18:00:00,303.9436
2012-06-05 21:00:00,303.19092
2012-06-06 00:00:00,297.37708
2012-06-06 03:00:00,293.4536
2012-06-06 06:00:00,290.78406
2012-06-06 09:00:00,289.02032
2012-06-06 12:00:00,288.05957
2012-06-06 15:00:00,287.40186
2012-06-06 18:00:00,286.99554
2012-06-06 21:00:00,286.6593
2012-06-07 00:00:00,286.08655
2012-06-07 03:00:00,285.03906
2012-06-07 06:00:00,285.1588
2012-06-07 09:00:00,286.10193
2012-06-07 12:00:00,288.3557
2012-06-07 15:00:00,291.9663
2012-06-07 18:00:00,295.9278
2012-06-07 21:00:00,298.92676
2012-06-08 00:00:00,298.18988
2012-06-08 03:00:00,299.74866
2012-06-08 06:00:00,299.97278
2012-06-08 09:00:00,299.9967
2012-06-08 12:00:00,299.61487
2012-06-08 15:00:00,301.30505
2012-06-08 18:00:00,305.29858
2012-06-08 21:00:00,309.66846
2012-06-09 00:00:00,309.17468
2012-06-09 03:00:00,307.6737
2012-06-09 06:00:00,305.56836
2012-06-09 09:00:00,305.2516
2012-06-09 12:00:00,305.08142
2012-06-09 15:00:00,304.76746
2012-06-09 18:00:00,305.17334
2012-06-09 21:00:00,305.3368
2012-06-10 00:00:00,304.89062
2012-06-10 03:00:00,304.38562
2012-06-10 06:00:00,303.74878
2012-06-10 09:00:00,302.6289
2012-06-10 12:00:00,302.16467
2012-06-10 15:00:00,303.563
2012-06-10 18:00:00,307.06335
2012-06-10 21:00:00,310.29834
2012-06-11 00:00:00,308.3838
2012-06-11 03:00:00,305.1432
2012-06-11 06:00:00,304.10864
2012-06-11 09:00:00,304.3114
2012-06-11 12:00:00,304.42285
2012-06-11 15:00:00,307.8285
2012-06-11 18:00:00,312.40857
2012-06-11 21:00:00,317.64905
2012-06-12 00:00:00,317.8053
2012-06-12 03:00:00,316.74316
2012-06-12 06:00:00,317.70654
2012-06-12 09:00:00,320.2898
2012-06-12 12:00:00,318.4867
2012-06-12 15:00:00,319.3944
2012-06-12 18:00:00,321.86804
2012-06-12 21:00:00,323.98523
2012-06-13 00:00:00,326.0276
2012-06-13 03:00:00,329.3595
2012-06-13 06:00:00,328.9541
2012-06-13 09:00:00,327.0963
2012-06-13 12:00:00,323.6029
2012-06-13 15:00:00,321.33508
2012-06-13 18:00:00,321.9536
2012-06-13 21:00:00,323.25958
2012-06-14 00:00:00,323.37097
2012-06-14 03:00:00,322.02454
2012-06-14 06:00:00,317.17188
2012-06-14 09:00:00,312.8313
2012-06-14 12:00:00,309.7959
2012-06-14 15:00:00,307.4519
2012-06-14 18:00:00,306.43335
2012-06-14 21:00:00,308.3562
2012-06-15 00:00:00,308.4231
2012-06-15 03:00:00,309.94897
2012-06-15 06:00:00,308.75208
2012-06-15 09:00:00,308.0829
2012-06-15 12:00:00,307.82874
2012-06-15 15:00:00,307.6819
2012-06-15 18:00:00,307.198
2012-06-15 21:00:00,307.21216
2012-06-16 00:00:00,307.18384
2012-06-16 03:00:00,307.47058
2012-06-16 06:00:00,307.75928
2012-06-16 09:00:00,308.1422
2012-06-16 12:00:00,307.9182
2012-06-16 15:00:00,307.87915
2012-06-16 18:00:00,308.01282
2012-06-16 21:00:00,307.74377
2012-06-17 00:00:00,307.33374
2012-06-17 03:00:00,305.8783
2012-06-17 06:00:00,304.50122
2012-06-17 09:00:00,304.53613
2012-06-17 12:00:00,305.8286
2012-06-17 15:00:00,307.27417
2012-06-17 18:00:00,306.66846
2012-06-17 21:00:00,306.17407
2012-06-18 00:00:00,305.26587
2012-06-18 03:00:00,305.588
2012-06-18 06:00:00,307.7276
2012-06-18 09:00:00,314.6806
2012-06-18 12:00:00,321.4859
2012-06-18 15:00:00,325.49323
2012-06-18 18:00:00,327.16302
2012-06-18 21:00:00,330.65106
2012-06-19 00:00:00,333.37018
2012-06-19 03:00:00,335.30334
2012-06-19 06:00:00,335.33105
2012-06-19 09:00:00,333.89758
2012-06-19 12:00:00,329.56274
2012-06-19 15:00:00,326.4148
2012-06-19 18:00:00,326.14087
2012-06-19 21:00:00,326.51013
2012-06-20 00:00:00,326.2633
2012-06-20 03:00:00,325.8286
2012-06-20 06:00:00,322.61926
2012-06-20 09:00:00,318.82544
2012-06-20 12:00:00,310.60938
2012-06-20 15:00:00,278.62183
2012-06-20 18:00:00,255.95398
2012-06-20 21:00:00,251.40523
2012-06-21 00:00:00,251.02628
2012-06-21 03:00:00,255.4301
2012-06-21 06:00:00,263.73578
2012-06-21 09:00:00,271.0962
2012-06-21 12:00:00,274.73828
2012-06-21 15:00:00,287.12158
2012-06-21 18:00:00,301.1792
2012-06-21 21:00:00,312.8109
2012-06-22 00:00:00,319.903
2012-06-22 03:00:00,327.24634
2012-06-22 06:00:00,331.31915
2012-06-22 09:00:00,332.97833
2012-06-22 12:00:00,329.45435
2012-06-22 15:00:00,326.54712
2012-06-22 18:00:00,326.99194
2012-06-22 21:00:00,328.74908
2012-06-23 00:00:00,330.66504
2012-06-23 03:00:00,331.96655
2012-06-23 06:00:00,332.7201
2012-06-23 09:00:00,332.76154
2012-06-23 12:00:00,330.18115
2012-06-23 15:00:00,328.40295
2012-06-23 18:00:00,329.02216
2012-06-23 21:00:00,330.86804
2012-06-24 00:00:00,332.62402
2012-06-24 03:00:00,333.81058
2012-06-24 06:00:00,333.14252
2012-06-24 09:00:00,333.0948
2012-06-24 12:00:00,331.3413
2012-06-24 15:00:00,330.26013
2012-06-24 18:00:00,331.20505
2012-06-24 21:00:00,333.5678
2012-06-25 00:00:00,333.63593
2012-06-25 03:00:00,332.37732
2012-06-25 06:00:00,331.3849
2012-06-25 09:00:00,329.01257
2012-06-25 12:00:00,326.7906
2012-06-25 15:00:00,324.22522
2012-06-25 18:00:00,321.39758
2012-06-25 21:00:00,318.883
2012-06-26 00:00:00,316.07983
2012-06-26 03:00:00,312.15955
2012-06-26 06:00:00,307.52625
2012-06-26 09:00:00,303.15186
2012-06-26 12:00:00,299.44202
2012-06-26 15:00:00,296.64087
2012-06-26 18:00:00,293.94092
2012-06-26 21:00:00,291.97888
2012-06-27 00:00:00,290.1598
2012-06-27 03:00:00,287.99353
2012-06-27 06:00:00,285.59894
2012-06-27 09:00:00,284.28192
2012-06-27 12:00:00,283.13324
2012-06-27 15:00:00,282.23944
2012-06-27 18:00:00,281.643
2012-06-27 21:00:00,280.96564
2012-06-28 00:00:00,280.6673
2012-06-28 03:00:00,282.21216
2012-06-28 06:00:00,284.39282
2012-06-28 09:00:00,288.15332
2012-06-28 12:00:00,294.3567
2012-06-28 15:00:00,300.8098
2012-06-28 18:00:00,305.08545
2012-06-28 21:00:00,305.96582
2012-06-29 00:00:00,301.9768
2012-06-29 03:00:00,301.2738
2012-06-29 06:00:00,304.48438
2012-06-29 09:00:00,306.19818
2012-06-29 12:00:00,307.41492
2012-06-29 15:00:00,308.15228
2012-06-29 18:00:00,308.63055
2012-06-29 21:00:00,308.75812
2012-06-30 00:00:00,308.25372
2012-06-30 03:00:00,307.66583
2012-06-30 06:00:00,307.2069
2012-06-30 09:00:00,307.0102
2012-06-30 12:00:00,307.17834
2012-06-30 15:00:00,309.40912
2012-06-30 18:00:00,314.3216
2012-06-30 21:00:00,318.95648
2012-07-01 00:00:00,321.41602
2012-07-01 03:00:00,325.4074
2012-07-01 06:00:00,328.1051
2012-07-01 09:00:00,330.8728
2012-07-01 12:00:00,328.9084
2012-07-01 15:00:00,326.85168
2012-07-01 18:00:00,327.88898
2012-07-01 21:00:00,331.29068
2012-07-02 00:00:00,333.08945
2012-07-02 03:00:00,336.11877
2012-07-02 06:00:00,336.92865
2012-07-02 09:00:00,336.56873
2012-07-02 12:00:00,333.84448
2012-07-02 15:00:00,331.4027
2012-07-02 18:00:00,330.91553
2012-07-02 21:00:00,332.65906
2012-07-03 00:00:00,332.82605
2012-07-03 03:00:00,333.2744
2012-07-03 06:00:00,332.08142
2012-07-03 09:00:00,331.0338
2012-07-03 12:00:00,327.76318
2012-07-03 15:00:00,324.8833
2012-07-03 18:00:00,324.98462
2012-07-03 21:00:00,326.198
2012-07-04 00:00:00,326.13586
2012-07-04 03:00:00,325.05957
2012-07-04 06:00:00,322.8562
2012-07-04 09:00:00,318.62988
2012-07-04 12:00:00,313.47644
2012-07-04 15:00:00,312.18066
2012-07-04 18:00:00,313.5149
2012-07-04 21:00:00,316.05054
2012-07-05 00:00:00,317.95056
2012-07-05 03:00:00,320.443
2012-07-05 06:00:00,324.7069
2012-07-05 09:00:00,324.5359
2012-07-05 12:00:00,321.85217
2012-07-05 15:00:00,320.7909
2012-07-05 18:00:00,323.30853
2012-07-05 21:00:00,326.42334
2012-07-06 00:00:00,328.7616
2012-07-06 03:00:00,328.19604
2012-07-06 06:00:00,328.27576
2012-07-06 09:00:00,329.4829
2012-07-06 12:00:00,327.9325
2012-07-06 15:00:00,325.68457
2012-07-06 18:00:00,325.98712
2012-07-06 21:00:00,327.90332
2012-07-07 00:00:00,328.0641
2012-07-07 03:00:00,326.29126
2012-07-07 06:00:00,323.63782
2012-07-07 09:00:00,321.84985
2012-07-07 12:00:00,320.68054
2012-07-07 15:00:00,319.73425
2012-07-07 18:00:00,321.02844
2012-07-07 21:00:00,321.33313
2012-07-08 00:00:00,320.55945
2012-07-08 03:00:00,322.4109
2012-07-08 06:00:00,324.39343
2012-07-08 09:00:00,323.63477
2012-07-08 12:00:00,319.15625
2012-07-08 15:00:00,317.89545
2012-07-08 18:00:00,319.18115
2012-07-08 21:00:00,321.9619
2012-07-09 00:00:00,324.25043
2012-07-09 03:00:00,325.44653
2012-07-09 06:00:00,328.1527
2012-07-09 09:00:00,329.18457
2012-07-09 12:00:00,327.2472
2012-07-09 15:00:00,325.4939
2012-07-09 18:00:00,326.0692
2012-07-09 21:00:00,328.2234
2012-07-10 00:00:00,328.55188
2012-07-10 03:00:00,327.80664
2012-07-10 06:00:00,326.74475
2012-07-10 09:00:00,325.9182
2012-07-10 12:00:00,324.28467
2012-07-10 15:00:00,322.36316
2012-07-10 18:00:00,324.42242
2012-07-10 21:00:00,328.84625
2012-07-11 00:00:00,332.94855
2012-07-11 03:00:00,336.7251
2012-07-11 06:00:00,338.56262
2012-07-11 09:00:00,338.48474
2012-07-11 12:00:00,334.7561
2012-07-11 15:00:00,331.43195
2012-07-11 18:00:00,332.1098
2012-07-11 21:00:00,334.32178
2012-07-12 00:00:00,336.0428
2012-07-12 03:00:00,337.69513
2012-07-12 06:00:00,339.89417
2012-07-12 09:00:00,338.98242
2012-07-12 12:00:00,335.9928
2012-07-12 15:00:00,331.95862
2012-07-12 18:00:00,332.16473
2012-07-12 21:00:00,334.68777
2012-07-13 00:00:00,335.43884
2012-07-13 03:00:00,338.5108
2012-07-13 06:00:00,341.016
2012-07-13 09:00:00,341.78577
2012-07-13 12:00:00,335.70056
2012-07-13 15:00:00,330.05627
2012-07-13 18:00:00,328.80017
2012-07-13 21:00:00,329.38623
2012-07-14 00:00:00,327.46948
2012-07-14 03:00:00,323.36963
2012-07-14 06:00:00,325.3023
2012-07-14 09:00:00,329.0692
2012-07-14 12:00:00,325.4818
2012-07-14 15:00:00,323.00818
2012-07-14 18:00:00,324.3557
2012-07-14 21:00:00,326.9237
2012-07-15 00:00:00,329.9041
2012-07-15 03:00:00,331.46143
2012-07-15 06:00:00,332.96936
2012-07-15 09:00:00,332.59613
2012-07-15 12:00:00,329.3064
2012-07-15 15:00:00,327.5656
2012-07-15 18:00:00,328.45703
2012-07-15 21:00:00,330.6971
2012-07-16 00:00:00,330.87152
2012-07-16 03:00:00,329.6739
2012-07-16 06:00:00,327.62683
2012-07-16 09:00:00,325.6571
2012-07-16 12:00:00,324.85626
2012-07-16 15:00:00,324.0681
2012-07-16 18:00:00,323.87506
2012-07-16 21:00:00,324.79803
2012-07-17 00:00:00,325.98148
2012-07-17 03:00:00,326.24768
2012-07-17 06:00:00,325.77466
2012-07-17 09:00:00,325.21655
2012-07-17 12:00:00,324.72717
2012-07-17 15:00:00,323.11536
2012-07-17 18:00:00,321.93726
2012-07-17 21:00:00,322.151
2012-07-18 00:00:00,322.69672
2012-07-18 03:00:00,322.9754
2012-07-18 06:00:00,322.79688
2012-07-18 09:00:00,322.41565
2012-07-18 12:00:00,321.57996
2012-07-18 15:00:00,321.2616
2012-07-18 18:00:00,323.8957
2012-07-18 21:00:00,330.12527
2012-07-19 00:00:00,331.39856
2012-07-19 03:00:00,329.74448
2012-07-19 06:00:00,328.46918
2012-07-19 09:00:00,327.85358
2012-07-19 12:00:00,327.08136
2012-07-19 15:00:00,327.40704
2012-07-19 18:00:00,330.45667
2012-07-19 21:00:00,332.08813
2012-07-20 00:00:00,331.35968
2012-07-20 03:00:00,332.41333
2012-07-20 06:00:00,332.92432
2012-07-20 09:00:00,333.28113
2012-07-20 12:00:00,329.3004
2012-07-20 15:00:00,325.95068
2012-07-20 18:00:00,327.2249
2012-07-20 21:00:00,330.2262
2012-07-21 00:00:00,332.52338
2012-07-21 03:00:00,333.588
2012-07-21 06:00:00,332.2196
2012-07-21 09:00:00,331.64868
2012-07-21 12:00:00,328.969
2012-07-21 15:00:00,327.42493
2012-07-21 18:00:00,329.0091
2012-07-21 21:00:00,330.58673
2012-07-22 00:00:00,331.23065
2012-07-22 03:00:00,331.27698
2012-07-22 06:00:00,329.64587
2012-07-22 09:00:00,327.09485
2012-07-22 12:00:00,324.9237
2012-07-22 15:00:00,323.73816
2012-07-22 18:00:00,324.97467
2012-07-22 21:00:00,326.57043
2012-07-23 00:00:00,327.3551
2012-07-23 03:00:00,328.1728
2012-07-23 06:00:00,326.00793
2012-07-23 09:00:00,324.79956
2012-07-23 12:00:00,322.49182
2012-07-23 15:00:00,320.3573
2012-07-23 18:00:00,319.86536
2012-07-23 21:00:00,320.36926
2012-07-24 00:00:00,320.64655
2012-07-24 03:00:00,321.17053
2012-07-24 06:00:00,319.8225
2012-07-24 09:00:00,317.84668
2012-07-24 12:00:00,315.8529
2012-07-24 15:00:00,314.3014
2012-07-24 18:00:00,313.9486
2012-07-24 21:00:00,313.9342
2012-07-25 00:00:00,313.9677
2012-07-25 03:00:00,313.90155
2012-07-25 06:00:00,313.83173
2012-07-25 09:00:00,313.75745
2012-07-25 12:00:00,313.47784
2012-07-25 15:00:00,313.2248
2012-07-25 18:00:00,313.1919
2012-07-25 21:00:00,313.23834
2012-07-26 00:00:00,313.03137
2012-07-26 03:00:00,312.6668
2012-07-26 06:00:00,312.27863
2012-07-26 09:00:00,312.11285
2012-07-26 12:00:00,311.8393
2012-07-26 15:00:00,311.53326
2012-07-26 18:00:00,310.80566
2012-07-26 21:00:00,310.39783
2012-07-27 00:00:00,309.92468
2012-07-27 03:00:00,309.34485
2012-07-27 06:00:00,308.83057
2012-07-27 09:00:00,308.28577
2012-07-27 12:00:00,307.49854
2012-07-27 15:00:00,306.20605
2012-07-27 18:00:00,305.2113
2012-07-27 21:00:00,304.8468
2012-07-28 00:00:00,305.1134
2012-07-28 03:00:00,306.23676
2012-07-28 06:00:00,308.0564
2012-07-28 09:00:00,310.10718
2012-07-28 12:00:00,312.19006
2012-07-28 15:00:00,314.33594
2012-07-28 18:00:00,316.9147
2012-07-28 21:00:00,321.43475
2012-07-29 00:00:00,325.02396
2012-07-29 03:00:00,328.14447
2012-07-29 06:00:00,333.35706
2012-07-29 09:00:00,334.024
2012-07-29 12:00:00,332.31775
2012-07-29 15:00:00,331.7942
2012-07-29 18:00:00,331.91858
2012-07-29 21:00:00,332.39966
2012-07-30 00:00:00,333.51694
2012-07-30 03:00:00,335.35663
2012-07-30 06:00:00,336.32465
2012-07-30 09:00:00,335.79492
2012-07-30 12:00:00,333.4319
2012-07-30 15:00:00,331.30542
2012-07-30 18:00:00,330.44226
2012-07-30 21:00:00,330.89856
2012-07-31 00:00:00,330.0205
2012-07-31 03:00:00,330.28186
2012-07-31 06:00:00,330.46375
2012-07-31 09:00:00,328.7744
2012-07-31 12:00:00,327.14722
2012-07-31 15:00:00,325.09766
2012-07-31 18:00:00,324.66724
2012-07-31 21:00:00,324.7351
2012-08-01 00:00:00,325.74634
2012-08-01 03:00:00,327.63452
2012-08-01 06:00:00,327.5437
2012-08-01 09:00:00,328.50415
2012-08-01 12:00:00,328.06445
2012-08-01 15:00:00,325.54248
2012-08-01 18:00:00,328.28223
2012-08-01 21:00:00,329.94482
2012-08-02 00:00:00,325.24463
2012-08-02 03:00:00,319.04028
2012-08-02 06:00:00,319.7633
2012-08-02 09:00:00,326.5775
2012-08-02 12:00:00,323.22107
2012-08-02 15:00:00,321.1223
2012-08-02 18:00:00,323.31097
2012-08-02 21:00:00,325.56378
2012-08-03 00:00:00,325.83246
2012-08-03 03:00:00,325.07214
2012-08-03 06:00:00,324.71912
2012-08-03 09:00:00,324.01874
2012-08-03 12:00:00,323.44946
2012-08-03 15:00:00,323.27954
2012-08-03 18:00:00,325.4129
2012-08-03 21:00:00,328.1773
2012-08-04 00:00:00,330.2528
2012-08-04 03:00:00,329.75293
2012-08-04 06:00:00,329.68134
2012-08-04 09:00:00,330.30432
2012-08-04 12:00:00,328.9538
2012-08-04 15:00:00,326.7716
2012-08-04 18:00:00,326.61743
2012-08-04 21:00:00,327.0426
2012-08-05 00:00:00,326.3944
2012-08-05 03:00:00,324.62683
2012-08-05 06:00:00,322.73193
2012-08-05 09:00:00,321.47845
2012-08-05 12:00:00,321.35608
2012-08-05 15:00:00,320.95398
2012-08-05 18:00:00,320.33667
2012-08-05 21:00:00,322.9931
2012-08-06 00:00:00,323.31335
2012-08-06 03:00:00,322.1101
2012-08-06 06:00:00,321.97192
2012-08-06 09:00:00,324.8053
2012-08-06 12:00:00,324.3838
2012-08-06 15:00:00,322.3728
2012-08-06 18:00:00,324.69708
2012-08-06 21:00:00,329.46204
2012-08-07 00:00:00,332.9003
2012-08-07 03:00:00,335.2356
2012-08-07 06:00:00,335.7553
2012-08-07 09:00:00,334.27563
2012-08-07 12:00:00,330.87177
2012-08-07 15:00:00,328.2918
2012-08-07 18:00:00,326.98602
2012-08-07 21:00:00,326.9948
2012-08-08 00:00:00,326.27106
2012-08-08 03:00:00,325.6183
2012-08-08 06:00:00,324.87097
2012-08-08 09:00:00,323.79822
2012-08-08 12:00:00,322.187
2012-08-08 15:00:00,320.1798
2012-08-08 18:00:00,319.4325
2012-08-08 21:00:00,319.12598
2012-08-09 00:00:00,317.56665
2012-08-09 03:00:00,316.1671
2012-08-09 06:00:00,314.7661
2012-08-09 09:00:00,313.31067
2012-08-09 12:00:00,311.63013
2012-08-09 15:00:00,309.8617
2012-08-09 18:00:00,308.3683
2012-08-09 21:00:00,307.3236
2012-08-10 00:00:00,305.97308
2012-08-10 03:00:00,305.02576
2012-08-10 06:00:00,304.4519
2012-08-10 09:00:00,304.1485
2012-08-10 12:00:00,304.36926
2012-08-10 15:00:00,307.28638
2012-08-10 18:00:00,311.27637
2012-08-10 21:00:00,313.44556
2012-08-11 00:00:00,315.49182
2012-08-11 03:00:00,314.36365
2012-08-11 06:00:00,312.76343
2012-08-11 09:00:00,316.979
2012-08-11 12:00:00,319.84497
2012-08-11 15:00:00,318.82837
2012-08-11 18:00:00,319.43896
2012-08-11 21:00:00,321.10522
2012-08-12 00:00:00,320.32227
2012-08-12 03:00:00,316.4773
2012-08-12 06:00:00,308.77222
2012-08-12 09:00:00,309.97485
2012-08-12 12:00:00,307.20776
2012-08-12 15:00:00,307.43298
2012-08-12 18:00:00,311.67322
2012-08-12 21:00:00,313.9297
2012-08-13 00:00:00,311.70093
2012-08-13 03:00:00,308.4342
2012-08-13 06:00:00,305.32947
2012-08-13 09:00:00,303.75293
2012-08-13 12:00:00,302.82776
2012-08-13 15:00:00,301.87622
2012-08-13 18:00:00,301.0166
2012-08-13 21:00:00,301.66638
2012-08-14 00:00:00,302.38977
2012-08-14 03:00:00,302.85602
2012-08-14 06:00:00,303.00684
2012-08-14 09:00:00,303.03137
2012-08-14 12:00:00,302.55847
2012-08-14 15:00:00,300.5923
2012-08-14 18:00:00,298.13794
2012-08-14 21:00:00,294.75146
2012-08-15 00:00:00,291.50928
2012-08-15 03:00:00,288.7273
2012-08-15 06:00:00,286.72742
2012-08-15 09:00:00,289.18408
2012-08-15 12:00:00,291.49487
2012-08-15 15:00:00,294.82745
2012-08-15 18:00:00,299.39178
2012-08-15 21:00:00,302.52502
2012-08-16 00:00:00,303.8944
2012-08-16 03:00:00,304.34106
2012-08-16 06:00:00,304.2893
2012-08-16 09:00:00,304.328
2012-08-16 12:00:00,304.74377
2012-08-16 15:00:00,305.50092
2012-08-16 18:00:00,306.29932
2012-08-16 21:00:00,306.57153
2012-08-17 00:00:00,306.42004
2012-08-17 03:00:00,306.31238
2012-08-17 06:00:00,304.98486
2012-08-17 09:00:00,303.62793
2012-08-17 12:00:00,301.5879
2012-08-17 15:00:00,300.16724
2012-08-17 18:00:00,298.31262
2012-08-17 21:00:00,296.45178
2012-08-18 00:00:00,294.68372
2012-08-18 03:00:00,293.08826
2012-08-18 06:00:00,291.73523
2012-08-18 09:00:00,290.6964
2012-08-18 12:00:00,290.02527
2012-08-18 15:00:00,289.6532
2012-08-18 18:00:00,289.75708
2012-08-18 21:00:00,289.89075
2012-08-19 00:00:00,289.98962
2012-08-19 03:00:00,290.17322
2012-08-19 06:00:00,290.89636
2012-08-19 09:00:00,291.5255
2012-08-19 12:00:00,292.71338
2012-08-19 15:00:00,295.04163
2012-08-19 18:00:00,296.35718
2012-08-19 21:00:00,298.15826
2012-08-20 00:00:00,300.0575
2012-08-20 03:00:00,302.3556
2012-08-20 06:00:00,303.29333
2012-08-20 09:00:00,303.93097
2012-08-20 12:00:00,304.36768
2012-08-20 15:00:00,304.92407
2012-08-20 18:00:00,305.17548
2012-08-20 21:00:00,306.37036
2012-08-21 00:00:00,305.9862
2012-08-21 03:00:00,305.66254
2012-08-21 06:00:00,304.8349
2012-08-21 09:00:00,303.5902
2012-08-21 12:00:00,304.7329
2012-08-21 15:00:00,303.36658
2012-08-21 18:00:00,300.93884
2012-08-21 21:00:00,301.87604
2012-08-22 00:00:00,298.57922
2012-08-22 03:00:00,296.3136
2012-08-22 06:00:00,294.05054
2012-08-22 09:00:00,291.86438
2012-08-22 12:00:00,291.114
2012-08-22 15:00:00,292.667
2012-08-22 18:00:00,296.83606
2012-08-22 21:00:00,302.13098
2012-08-23 00:00:00,304.23193
2012-08-23 03:00:00,309.75244
2012-08-23 06:00:00,312.4923
2012-08-23 09:00:00,317.62756
2012-08-23 12:00:00,320.0863
2012-08-23 15:00:00,321.4093
2012-08-23 18:00:00,325.38037
2012-08-23 21:00:00,330.06354
2012-08-24 00:00:00,333.56238
2012-08-24 03:00:00,335.3496
2012-08-24 06:00:00,333.20728
2012-08-24 09:00:00,328.96997
2012-08-24 12:00:00,323.17188
2012-08-24 15:00:00,317.81445
2012-08-24 18:00:00,313.8152
2012-08-24 21:00:00,311.7378
2012-08-25 00:00:00,309.50378
2012-08-25 03:00:00,308.59473
2012-08-25 06:00:00,307.96985
2012-08-25 09:00:00,307.1831
2012-08-25 12:00:00,306.61182
2012-08-25 15:00:00,307.25934
2012-08-25 18:00:00,311.47992
2012-08-25 21:00:00,316.28223
2012-08-26 00:00:00,318.28485
2012-08-26 03:00:00,321.7438
2012-08-26 06:00:00,322.78577
2012-08-26 09:00:00,323.141
2012-08-26 12:00:00,323.0323
2012-08-26 15:00:00,322.04675
2012-08-26 18:00:00,321.5774
2012-08-26 21:00:00,322.38867
2012-08-27 00:00:00,322.70526
2012-08-27 03:00:00,322.54755
2012-08-27 06:00:00,321.42285
2012-08-27 09:00:00,320.88525
2012-08-27 12:00:00,321.08142
2012-08-27 15:00:00,319.099
2012-08-27 18:00:00,316.61377
2012-08-27 21:00:00,314.64246
2012-08-28 00:00:00,312.33447
2012-08-28 03:00:00,309.29944
2012-08-28 06:00:00,306.51697
2012-08-28 09:00:00,304.1194
2012-08-28 12:00:00,302.75342
2012-08-28 15:00:00,302.58325
2012-08-28 18:00:00,304.0428
2012-08-28 21:00:00,308.9763
2012-08-29 00:00:00,311.0952
2012-08-29 03:00:00,311.74377
2012-08-29 06:00:00,312.90735
2012-08-29 09:00:00,312.8015
2012-08-29 12:00:00,312.18933
2012-08-29 15:00:00,311.7854
2012-08-29 18:00:00,314.4911
2012-08-29 21:00:00,319.14923
2012-08-30 00:00:00,319.63757
2012-08-30 03:00:00,320.3241
2012-08-30 06:00:00,324.40955
2012-08-30 09:00:00,326.67212
2012-08-30 12:00:00,324.86322
2012-08-30 15:00:00,324.05945
2012-08-30 18:00:00,325.84784
2012-08-30 21:00:00,327.10944
2012-08-31 00:00:00,326.28918
2012-08-31 03:00:00,324.7974
2012-08-31 06:00:00,324.50018
2012-08-31 09:00:00,325.80524
2012-08-31 12:00:00,326.02945
2012-08-31 15:00:00,326.5897
2012-08-31 18:00:00,327.2074
2012-08-31 21:00:00,329.80133
2012-09-01 00:00:00,332.97458
2012-09-01 03:00:00,332.9799
2012-09-01 06:00:00,332.4807
2012-09-01 09:00:00,331.96747
2012-09-01 12:00:00,331.92337
2012-09-01 15:00:00,331.23782
2012-09-01 18:00:00,329.32074
2012-09-01 21:00:00,331.40955
2012-09-02 00:00:00,334.33
2012-09-02 03:00:00,334.69562
2012-09-02 06:00:00,334.8772
2012-09-02 09:00:00,336.41357
2012-09-02 12:00:00,335.8933
2012-09-02 15:00:00,334.53168
2012-09-02 18:00:00,333.53937
2012-09-02 21:00:00,336.81885
2012-09-03 00:00:00,335.06995
2012-09-03 03:00:00,334.354
2012-09-03 06:00:00,334.64545
2012-09-03 09:00:00,335.48853
2012-09-03 12:00:00,335.115
2012-09-03 15:00:00,328.3203
2012-09-03 18:00:00,326.7738
2012-09-03 21:00:00,332.46423
2012-09-04 00:00:00,336.02386
2012-09-04 03:00:00,335.513
2012-09-04 06:00:00,335.0397
2012-09-04 09:00:00,333.68307
2012-09-04 12:00:00,331.637
2012-09-04 15:00:00,330.67438
2012-09-04 18:00:00,331.06836
2012-09-04 21:00:00,332.04028
2012-09-05 00:00:00,331.76416
2012-09-05 03:00:00,330.8374
2012-09-05 06:00:00,329.7578
2012-09-05 09:00:00,329.02478
2012-09-05 12:00:00,329.11298
2012-09-05 15:00:00,329.3717
2012-09-05 18:00:00,329.96448
2012-09-05 21:00:00,329.95325
2012-09-06 00:00:00,329.63196
2012-09-06 03:00:00,328.5962
2012-09-06 06:00:00,328.12292
2012-09-06 09:00:00,328.03088
2012-09-06 12:00:00,327.75134
2012-09-06 15:00:00,327.29993
2012-09-06 18:00:00,326.9602
2012-09-06 21:00:00,326.8183
2012-09-07 00:00:00,327.3844
2012-09-07 03:00:00,327.01685
2012-09-07 06:00:00,326.32172
2012-09-07 09:00:00,325.19647
2012-09-07 12:00:00,323.99463
2012-09-07 15:00:00,322.4547
2012-09-07 18:00:00,321.13745
2012-09-07 21:00:00,320.46448
2012-09-08 00:00:00,319.2527
2012-09-08 03:00:00,317.75745
2012-09-08 06:00:00,316.17456
2012-09-08 09:00:00,314.7036
2012-09-08 12:00:00,313.1521
2012-09-08 15:00:00,309.24463
2012-09-08 18:00:00,307.27405
2012-09-08 21:00:00,306.7046
2012-09-09 00:00:00,305.70386
2012-09-09 03:00:00,304.15662
2012-09-09 06:00:00,302.5963
2012-09-09 09:00:00,300.9485
2012-09-09 12:00:00,298.8838
2012-09-09 15:00:00,297.3717
2012-09-09 18:00:00,296.79932
2012-09-09 21:00:00,296.9319
2012-09-10 00:00:00,297.24426
2012-09-10 03:00:00,298.07446
2012-09-10 06:00:00,299.76648
2012-09-10 09:00:00,301.8286
2012-09-10 12:00:00,303.76202
2012-09-10 15:00:00,305.35962
2012-09-10 18:00:00,305.9004
2012-09-10 21:00:00,307.0149
2012-09-11 00:00:00,307.3941
2012-09-11 03:00:00,307.1864
2012-09-11 06:00:00,306.65662
2012-09-11 09:00:00,305.86078
2012-09-11 12:00:00,304.8239
2012-09-11 15:00:00,303.81348
2012-09-11 18:00:00,302.98547
2012-09-11 21:00:00,303.16443
2012-09-12 00:00:00,305.17017
2012-09-12 03:00:00,306.71582
2012-09-12 06:00:00,307.98047
2012-09-12 09:00:00,306.17737
2012-09-12 12:00:00,304.3944
2012-09-12 15:00:00,307.80017
2012-09-12 18:00:00,311.54587
2012-09-12 21:00:00,317.18384
2012-09-13 00:00:00,318.50253
2012-09-13 03:00:00,321.84848
2012-09-13 06:00:00,325.7207
2012-09-13 09:00:00,327.31128
2012-09-13 12:00:00,327.3686
2012-09-13 15:00:00,327.67358
2012-09-13 18:00:00,328.4303
2012-09-13 21:00:00,330.06708
2012-09-14 00:00:00,330.51715
2012-09-14 03:00:00,329.8286
2012-09-14 06:00:00,328.7387
2012-09-14 09:00:00,327.10596
2012-09-14 12:00:00,325.15833
2012-09-14 15:00:00,322.91785
2012-09-14 18:00:00,321.31543
2012-09-14 21:00:00,319.7522
2012-09-15 00:00:00,318.1963
2012-09-15 03:00:00,316.67126
2012-09-15 06:00:00,315.27356
2012-09-15 09:00:00,314.15442
2012-09-15 12:00:00,312.8689
2012-09-15 15:00:00,312.16687
2012-09-15 18:00:00,312.93042
2012-09-15 21:00:00,314.06262
2012-09-16 00:00:00,315.14233
2012-09-16 03:00:00,316.03992
2012-09-16 06:00:00,316.81372
2012-09-16 09:00:00,317.474
2012-09-16 12:00:00,317.9933
2012-09-16 15:00:00,317.9084
2012-09-16 18:00:00,318.34937
2012-09-16 21:00:00,318.93683
2012-09-17 00:00:00,319.34454
2012-09-17 03:00:00,319.524
2012-09-17 06:00:00,319.43
2012-09-17 09:00:00,318.99316
2012-09-17 12:00:00,318.4906
2012-09-17 15:00:00,317.72742
2012-09-17 18:00:00,317.27356
2012-09-17 21:00:00,317.266
2012-09-18 00:00:00,316.8971
2012-09-18 03:00:00,316.41113
2012-09-18 06:00:00,316.4262
2012-09-18 09:00:00,316.36426
2012-09-18 12:00:00,316.57513
2012-09-18 15:00:00,316.37933
2012-09-18 18:00:00,315.89178
2012-09-18 21:00:00,315.85522
2012-09-19 00:00:00,315.3676
2012-09-19 03:00:00,314.66522
2012-09-19 06:00:00,313.65204
2012-09-19 09:00:00,312.4159
2012-09-19 12:00:00,310.94733
2012-09-19 15:00:00,309.2627
2012-09-19 18:00:00,307.70422
2012-09-19 21:00:00,305.79578
2012-09-20 00:00:00,303.72144
2012-09-20 03:00:00,301.38647
2012-09-20 06:00:00,298.8203
2012-09-20 09:00:00,296.18262
2012-09-20 12:00:00,293.5161
2012-09-20 15:00:00,290.84412
2012-09-20 18:00:00,288.70776
2012-09-20 21:00:00,286.94836
2012-09-21 00:00:00,285.1599
2012-09-21 03:00:00,283.8307
2012-09-21 06:00:00,282.84595
2012-09-21 09:00:00,282.01123
2012-09-21 12:00:00,281.4215
2012-09-21 15:00:00,281.1089
2012-09-21 18:00:00,280.4364
2012-09-21 21:00:00,279.31262
2012-09-22 00:00:00,278.10303
2012-09-22 03:00:00,276.6742
2012-09-22 06:00:00,274.63855
2012-09-22 09:00:00,271.2671
2012-09-22 12:00:00,265.94104
2012-09-22 15:00:00,260.7149
2012-09-22 18:00:00,257.60718
2012-09-22 21:00:00,252.75546
2012-09-23 00:00:00,251.12544
2012-09-23 03:00:00,251.74245
2012-09-23 06:00:00,254.4063
2012-09-23 09:00:00,256.54822
2012-09-23 12:00:00,264.12973
2012-09-23 15:00:00,274.88522
2012-09-23 18:00:00,285.6031
2012-09-23 21:00:00,293.62964
2012-09-24 00:00:00,299.5545
2012-09-24 03:00:00,303.917
2012-09-24 06:00:00,307.05133
2012-09-24 09:00:00,309.33594
2012-09-24 12:00:00,310.8678
2012-09-24 15:00:00,312.2152
2012-09-24 18:00:00,313.36768
2012-09-24 21:00:00,314.104
2012-09-25 00:00:00,314.0681
2012-09-25 03:00:00,312.8706
2012-09-25 06:00:00,312.12122
2012-09-25 09:00:00,310.3518
2012-09-25 12:00:00,308.18286
2012-09-25 15:00:00,303.69678
2012-09-25 18:00:00,299.11206
2012-09-25 21:00:00,296.37695
2012-09-26 00:00:00,297.69922
2012-09-26 03:00:00,300.2425
2012-09-26 06:00:00,306.11646
2012-09-26 09:00:00,309.7472
2012-09-26 12:00:00,312.28125
2012-09-26 15:00:00,314.05408
2012-09-26 18:00:00,315.19092
2012-09-26 21:00:00,315.96362
2012-09-27 00:00:00,316.6502
2012-09-27 03:00:00,317.6818
2012-09-27 06:00:00,323.49005
2012-09-27 09:00:00,330.13345
2012-09-27 12:00:00,328.841
2012-09-27 15:00:00,329.57233
2012-09-27 18:00:00,330.0042
2012-09-27 21:00:00,329.21194
2012-09-28 00:00:00,328.38446
2012-09-28 03:00:00,327.82587
2012-09-28 06:00:00,327.26422
2012-09-28 09:00:00,325.3694
2012-09-28 12:00:00,324.16653
2012-09-28 15:00:00,323.70016
2012-09-28 18:00:00,323.6265
2012-09-28 21:00:00,324.873
2012-09-29 00:00:00,325.19055
2012-09-29 03:00:00,326.20444
2012-09-29 06:00:00,328.1506
2012-09-29 09:00:00,328.3315
2012-09-29 12:00:00,328.1954
2012-09-29 15:00:00,327.56018
2012-09-29 18:00:00,327.94525
2012-09-29 21:00:00,327.83887
2012-09-30 00:00:00,327.43402
2012-09-30 03:00:00,327.52667
2012-09-30 06:00:00,328.04028
2012-09-30 09:00:00,328.6501
2012-09-30 12:00:00,329.36844
2012-09-30 15:00:00,330.19818
2012-09-30 18:00:00,331.0506
2012-09-30 21:00:00,331.6308
2012-10-01 00:00:00,331.53497
2012-10-01 03:00:00,331.2622
2012-10-01 06:00:00,330.81323
2012-10-01 09:00:00,330.44818
2012-10-01 12:00:00,329.9975
2012-10-01 15:00:00,329.3877
2012-10-01 18:00:00,328.39923
2012-10-01 21:00:00,327.4934
2012-10-02 00:00:00,325.41803
2012-10-02 03:00:00,323.71985
2012-10-02 06:00:00,323.0686
2012-10-02 09:00:00,322.17166
2012-10-02 12:00:00,321.26068
2012-10-02 15:00:00,320.9511
2012-10-02 18:00:00,321.20227
2012-10-02 21:00:00,320.80646
2012-10-03 00:00:00,320.48007
2012-10-03 03:00:00,321.3954
2012-10-03 06:00:00,321.34555
2012-10-03 09:00:00,321.03775
2012-10-03 12:00:00,320.60297
2012-10-03 15:00:00,320.85364
2012-10-03 18:00:00,321.1831
2012-10-03 21:00:00,321.4184
2012-10-04 00:00:00,321.37128
2012-10-04 03:00:00,321.97437
2012-10-04 06:00:00,322.1663
2012-10-04 09:00:00,322.17212
2012-10-04 12:00:00,321.34076
2012-10-04 15:00:00,320.96246
2012-10-04 18:00:00,320.2047
2012-10-04 21:00:00,319.39313
2012-10-05 00:00:00,318.97797
2012-10-05 03:00:00,318.81403
2012-10-05 06:00:00,318.81885
2012-10-05 09:00:00,318.86926
2012-10-05 12:00:00,318.6974
2012-10-05 15:00:00,317.59723
2012-10-05 18:00:00,316.1999
2012-10-05 21:00:00,313.9923
2012-10-06 00:00:00,310.59454
2012-10-06 03:00:00,305.69373
2012-10-06 06:00:00,299.20056
2012-10-06 09:00:00,291.80835
2012-10-06 12:00:00,285.2173
2012-10-06 15:00:00,279.80542
2012-10-06 18:00:00,276.3777
2012-10-06 21:00:00,274.39282
2012-10-07 00:00:00,273.1571
2012-10-07 03:00:00,272.43274
2012-10-07 06:00:00,272.21948
2012-10-07 09:00:00,272.1582
2012-10-07 12:00:00,272.21912
2012-10-07 15:00:00,272.25488
2012-10-07 18:00:00,271.5426
2012-10-07 21:00:00,269.7832
2012-10-08 00:00:00,267.6499
2012-10-08 03:00:00,265.58612
2012-10-08 06:00:00,263.7519
2012-10-08 09:00:00,262.27948
2012-10-08 12:00:00,261.16626
2012-10-08 15:00:00,260.33624
2012-10-08 18:00:00,259.72406
2012-10-08 21:00:00,259.4662
2012-10-09 00:00:00,259.5797
2012-10-09 03:00:00,259.985
2012-10-09 06:00:00,260.55505
2012-10-09 09:00:00,261.33685
2012-10-09 12:00:00,262.24506
2012-10-09 15:00:00,263.36078
2012-10-09 18:00:00,264.4699
2012-10-09 21:00:00,265.2744
2012-10-10 00:00:00,266.1109
2012-10-10 03:00:00,267.38196
2012-10-10 06:00:00,268.46228
2012-10-10 09:00:00,269.58167
2012-10-10 12:00:00,270.78552
2012-10-10 15:00:00,271.90942
2012-10-10 18:00:00,272.87732
2012-10-10 21:00:00,273.85583
2012-10-11 00:00:00,274.8396
2012-10-11 03:00:00,276.25464
2012-10-11 06:00:00,277.5874
2012-10-11 09:00:00,278.42285
2012-10-11 12:00:00,279.59546
2012-10-11 15:00:00,282.01575
2012-10-11 18:00:00,284.4541
2012-10-11 21:00:00,289.93805
2012-10-12 00:00:00,297.81287
2012-10-12 03:00:00,303.36755
2012-10-12 06:00:00,304.87555
2012-10-12 09:00:00,306.47052
2012-10-12 12:00:00,306.3681
2012-10-12 15:00:00,308.0251
2012-10-12 18:00:00,310.80237
2012-10-12 21:00:00,315.63855
2012-10-13 00:00:00,317.86218
2012-10-13 03:00:00,319.2187
2012-10-13 06:00:00,319.97513
2012-10-13 09:00:00,320.37695
2012-10-13 12:00:00,320.5429
2012-10-13 15:00:00,320.77127
2012-10-13 18:00:00,321.75018
2012-10-13 21:00:00,322.12115
2012-10-14 00:00:00,322.12912
2012-10-14 03:00:00,322.04895
2012-10-14 06:00:00,321.81488
2012-10-14 09:00:00,321.21387
2012-10-14 12:00:00,319.97662
2012-10-14 15:00:00,317.7444
2012-10-14 18:00:00,316.86743
2012-10-14 21:00:00,320.6283
2012-10-15 00:00:00,326.22003
2012-10-15 03:00:00,326.17523
2012-10-15 06:00:00,325.71332
2012-10-15 09:00:00,326.78143
2012-10-15 12:00:00,325.5995
2012-10-15 15:00:00,323.96362
2012-10-15 18:00:00,323.4701
2012-10-15 21:00:00,323.22705
2012-10-16 00:00:00,321.77423
2012-10-16 03:00:00,320.54034
2012-10-16 06:00:00,319.5829
2012-10-16 09:00:00,318.63617
2012-10-16 12:00:00,317.5597
2012-10-16 15:00:00,316.05933
2012-10-16 18:00:00,314.6599
2012-10-16 21:00:00,312.70435
2012-10-17 00:00:00,309.53955
2012-10-17 03:00:00,305.59033
2012-10-17 06:00:00,301.4226
2012-10-17 09:00:00,296.3069
2012-10-17 12:00:00,290.32422
2012-10-17 15:00:00,291.20776
2012-10-17 18:00:00,295.76648
2012-10-17 21:00:00,301.31305
2012-10-18 00:00:00,304.1745
2012-10-18 03:00:00,305.78967
2012-10-18 06:00:00,307.65918
2012-10-18 09:00:00,308.10718
2012-10-18 12:00:00,307.8235
2012-10-18 15:00:00,307.61035
2012-10-18 18:00:00,307.396
2012-10-18 21:00:00,307.3153
2012-10-19 00:00:00,307.15802
2012-10-19 03:00:00,307.0138
2012-10-19 06:00:00,306.94745
2012-10-19 09:00:00,307.06445
2012-10-19 12:00:00,307.41968
2012-10-19 15:00:00,308.03497
2012-10-19 18:00:00,309.07043
2012-10-19 21:00:00,310.40234
2012-10-20 00:00:00,311.73755
2012-10-20 03:00:00,313.04907
2012-10-20 06:00:00,314.2016
2012-10-20 09:00:00,315.11993
2012-10-20 12:00:00,315.57892
2012-10-20 15:00:00,315.39618
2012-10-20 18:00:00,314.18152
2012-10-20 21:00:00,312.26
2012-10-21 00:00:00,309.38464
2012-10-21 03:00:00,305.323
2012-10-21 06:00:00,298.68994
2012-10-21 09:00:00,290.82935
2012-10-21 12:00:00,286.9181
2012-10-21 15:00:00,286.5163
2012-10-21 18:00:00,286.48642
2012-10-21 21:00:00,287.39383
2012-10-22 00:00:00,289.1568
2012-10-22 03:00:00,291.40234
2012-10-22 06:00:00,293.58636
2012-10-22 09:00:00,295.47113
2012-10-22 12:00:00,296.84863
2012-10-22 15:00:00,297.5327
2012-10-22 18:00:00,297.89117
2012-10-22 21:00:00,298.07892
2012-10-23 00:00:00,297.9745
2012-10-23 03:00:00,296.93823
2012-10-23 06:00:00,294.41528
2012-10-23 09:00:00,291.67236
2012-10-23 12:00:00,288.45496
2012-10-23 15:00:00,281.8004
2012-10-23 18:00:00,276.5398
2012-10-23 21:00:00,273.2251
2012-10-24 00:00:00,271.44043
2012-10-24 03:00:00,266.17505
2012-10-24 06:00:00,250.36078
2012-10-24 09:00:00,252.96474
2012-10-24 12:00:00,253.83118
2012-10-24 15:00:00,255.5029
2012-10-24 18:00:00,256.67566
2012-10-24 21:00:00,256.00824
2012-10-25 00:00:00,253.25526
2012-10-25 03:00:00,246.18115
2012-10-25 06:00:00,244.31563
2012-10-25 09:00:00,243.60509
2012-10-25 12:00:00,245.15341
2012-10-25 15:00:00,247.90703
2012-10-25 18:00:00,250.07346
2012-10-25 21:00:00,251.98643
2012-10-26 00:00:00,253.36736
2012-10-26 03:00:00,254.06451
2012-10-26 06:00:00,255.13289
2012-10-26 09:00:00,257.2364
2012-10-26 12:00:00,261.97662
2012-10-26 15:00:00,270.80328
2012-10-26 18:00:00,277.59882
2012-10-26 21:00:00,281.386
2012-10-27 00:00:00,284.1997
2012-10-27 03:00:00,289.9425
2012-10-27 06:00:00,296.18933
2012-10-27 09:00:00,299.74686
2012-10-27 12:00:00,301.84503
2012-10-27 15:00:00,306.38574
2012-10-27 18:00:00,314.20895
2012-10-27 21:00:00,319.51056
2012-10-28 00:00:00,320.96722
2012-10-28 03:00:00,323.61902
2012-10-28 06:00:00,326.2348
2012-10-28 09:00:00,329.55005
2012-10-28 12:00:00,332.9043
2012-10-28 15:00:00,330.77692
2012-10-28 18:00:00,326.3213
2012-10-28 21:00:00,320.22314
2012-10-29 00:00:00,313.01025
2012-10-29 03:00:00,306.33252
2012-10-29 06:00:00,300.59155
2012-10-29 09:00:00,294.27515
2012-10-29 12:00:00,283.3225
2012-10-29 15:00:00,279.22827
2012-10-29 18:00:00,280.3667
2012-10-29 21:00:00,281.07324
2012-10-30 00:00:00,280.3545
2012-10-30 03:00:00,280.76593
2012-10-30 06:00:00,288.18762
2012-10-30 09:00:00,289.28528
2012-10-30 12:00:00,289.0874
2012-10-30 15:00:00,286.48596
2012-10-30 18:00:00,285.8374
2012-10-30 21:00:00,288.87097
2012-10-31 00:00:00,293.96472
2012-10-31 03:00:00,292.14575
2012-10-31 06:00:00,278.1136
2012-10-31 09:00:00,263.04822
2012-10-31 12:00:00,255.31389
2012-10-31 15:00:00,253.39429
2012-10-31 18:00:00,253.62616
2012-10-31 21:00:00,253.91103
2012-11-01 00:00:00,254.1377
2012-11-01 03:00:00,254.23468
2012-11-01 06:00:00,254.50107
2012-11-01 09:00:00,257.7196
2012-11-01 12:00:00,259.75674
2012-11-01 15:00:00,259.91034
2012-11-01 18:00:00,264.01605
2012-11-01 21:00:00,270.75146
2012-11-02 00:00:00,277.97778
2012-11-02 03:00:00,285.06006
2012-11-02 06:00:00,290.70544
2012-11-02 09:00:00,294.6577
2012-11-02 12:00:00,297.2666
2012-11-02 15:00:00,297.65112
2012-11-02 18:00:00,297.3518
2012-11-02 21:00:00,291.73657
2012-11-03 00:00:00,279.75037
2012-11-03 03:00:00,270.07642
2012-11-03 06:00:00,273.7782
2012-11-03 09:00:00,277.37793
2012-11-03 12:00:00,281.41687
2012-11-03 15:00:00,284.42688
2012-11-03 18:00:00,287.72156
2012-11-03 21:00:00,290.72668
2012-11-04 00:00:00,290.73584
2012-11-04 03:00:00,281.2987
2012-11-04 06:00:00,264.68018
2012-11-04 09:00:00,260.83002
2012-11-04 12:00:00,271.1033
2012-11-04 15:00:00,282.26978
2012-11-04 18:00:00,288.48486
2012-11-04 21:00:00,298.45642
2012-11-05 00:00:00,305.40552
2012-11-05 03:00:00,310.25366
2012-11-05 06:00:00,312.80554
2012-11-05 09:00:00,314.943
2012-11-05 12:00:00,317.69666
2012-11-05 15:00:00,320.13855
2012-11-05 18:00:00,322.21887
2012-11-05 21:00:00,323.53345
2012-11-06 00:00:00,324.25085
2012-11-06 03:00:00,325.76575
2012-11-06 06:00:00,327.19122
2012-11-06 09:00:00,328.45483
2012-11-06 12:00:00,328.11853
2012-11-06 15:00:00,328.39948
2012-11-06 18:00:00,329.5819
2012-11-06 21:00:00,329.51666
2012-11-07 00:00:00,330.70392
2012-11-07 03:00:00,330.807
2012-11-07 06:00:00,333.38672
2012-11-07 09:00:00,336.37952
2012-11-07 12:00:00,335.2547
2012-11-07 15:00:00,333.98013
2012-11-07 18:00:00,334.02423
2012-11-07 21:00:00,334.19287
2012-11-08 00:00:00,333.84595
2012-11-08 03:00:00,333.7351
2012-11-08 06:00:00,332.73926
2012-11-08 09:00:00,332.44727
2012-11-08 12:00:00,331.11865
2012-11-08 15:00:00,325.8838
2012-11-08 18:00:00,322.04297
2012-11-08 21:00:00,319.30835
2012-11-09 00:00:00,318.39844
2012-11-09 03:00:00,316.98267
2012-11-09 06:00:00,314.73608
2012-11-09 09:00:00,310.62714
2012-11-09 12:00:00,305.62732
2012-11-09 15:00:00,300.26132
2012-11-09 18:00:00,297.8634
2012-11-09 21:00:00,300.7893
2012-11-10 00:00:00,303.3579
2012-11-10 03:00:00,306.13342
2012-11-10 06:00:00,307.0708
2012-11-10 09:00:00,306.27454
2012-11-10 12:00:00,306.18884
2012-11-10 15:00:00,307.2788
2012-11-10 18:00:00,310.75525
2012-11-10 21:00:00,315.77478
2012-11-11 00:00:00,320.87158
2012-11-11 03:00:00,321.4587
2012-11-11 06:00:00,323.76147
2012-11-11 09:00:00,324.8756
2012-11-11 12:00:00,325.77295
2012-11-11 15:00:00,326.74493
2012-11-11 18:00:00,329.7033
2012-11-11 21:00:00,331.47266
2012-11-12 00:00:00,330.63184
2012-11-12 03:00:00,331.61374
2012-11-12 06:00:00,334.08075
2012-11-12 09:00:00,334.3401
2012-11-12 12:00:00,334.28546
2012-11-12 15:00:00,333.49265
2012-11-12 18:00:00,333.07913
2012-11-12 21:00:00,332.14316
2012-11-13 00:00:00,331.47153
2012-11-13 03:00:00,331.1922
2012-11-13 06:00:00,330.59888
2012-11-13 09:00:00,329.58057
2012-11-13 12:00:00,328.2046
2012-11-13 15:00:00,326.906
2012-11-13 18:00:00,324.17834
2012-11-13 21:00:00,320.15857
2012-11-14 00:00:00,316.53137
2012-11-14 03:00:00,313.8504
2012-11-14 06:00:00,312.22705
2012-11-14 09:00:00,311.39038
2012-11-14 12:00:00,310.88776
2012-11-14 15:00:00,310.57248
2012-11-14 18:00:00,310.17972
2012-11-14 21:00:00,309.72867
2012-11-15 00:00:00,309.1023
2012-11-15 03:00:00,307.71207
2012-11-15 06:00:00,305.04028
2012-11-15 09:00:00,299.37433
2012-11-15 12:00:00,291.59973
2012-11-15 15:00:00,290.71436
2012-11-15 18:00:00,292.92383
2012-11-15 21:00:00,293.6643
2012-11-16 00:00:00,293.68982
2012-11-16 03:00:00,293.3484
2012-11-16 06:00:00,291.23267
2012-11-16 09:00:00,277.59204
2012-11-16 12:00:00,256.9218
2012-11-16 15:00:00,237.5286
2012-11-16 18:00:00,239.91692
2012-11-16 21:00:00,244.13394
2012-11-17 00:00:00,248.002
2012-11-17 03:00:00,251.08014
2012-11-17 06:00:00,255.94702
2012-11-17 09:00:00,262.09485
2012-11-17 12:00:00,272.963
2012-11-17 15:00:00,289.11066
2012-11-17 18:00:00,307.04016
2012-11-17 21:00:00,315.16287
2012-11-18 00:00:00,320.67593
2012-11-18 03:00:00,324.93146
2012-11-18 06:00:00,327.08676
2012-11-18 09:00:00,329.13443
2012-11-18 12:00:00,329.03342
2012-11-18 15:00:00,328.31277
2012-11-18 18:00:00,328.6663
2012-11-18 21:00:00,329.05896
2012-11-19 00:00:00,328.28912
2012-11-19 03:00:00,328.1812
2012-11-19 06:00:00,327.65674
2012-11-19 09:00:00,326.7113
2012-11-19 12:00:00,325.67847
2012-11-19 15:00:00,324.37616
2012-11-19 18:00:00,322.14856
2012-11-19 21:00:00,318.88574
2012-11-20 00:00:00,315.36
2012-11-20 03:00:00,312.28442
2012-11-20 06:00:00,309.6438
2012-11-20 09:00:00,307.026
2012-11-20 12:00:00,302.885
2012-11-20 15:00:00,293.95068
2012-11-20 18:00:00,287.76
2012-11-20 21:00:00,284.48486
2012-11-21 00:00:00,284.6261
2012-11-21 03:00:00,301.63367
2012-11-21 06:00:00,310.29968
2012-11-21 09:00:00,313.85938
2012-11-21 12:00:00,311.57727
2012-11-21 15:00:00,311.48157
2012-11-21 18:00:00,311.96436
2012-11-21 21:00:00,311.82056
2012-11-22 00:00:00,310.93042
2012-11-22 03:00:00,309.5681
2012-11-22 06:00:00,309.35992
2012-11-22 09:00:00,309.22296
2012-11-22 12:00:00,308.93848
2012-11-22 15:00:00,308.92242
2012-11-22 18:00:00,308.909
2012-11-22 21:00:00,308.60236
2012-11-23 00:00:00,308.07385
2012-11-23 03:00:00,307.5786
2012-11-23 06:00:00,307.1278
2012-11-23 09:00:00,306.69745
2012-11-23 12:00:00,305.69586
2012-11-23 15:00:00,303.54907
2012-11-23 18:00:00,301.94653
2012-11-23 21:00:00,299.47778
2012-11-24 00:00:00,294.88477
2012-11-24 03:00:00,289.81323
2012-11-24 06:00:00,285.17822
2012-11-24 09:00:00,281.40356
2012-11-24 12:00:00,279.64148
2012-11-24 15:00:00,279.47803
2012-11-24 18:00:00,280.844
2012-11-24 21:00:00,283.73486
2012-11-25 00:00:00,289.47095
2012-11-25 03:00:00,294.09412
2012-11-25 06:00:00,298.55603
2012-11-25 09:00:00,303.46802
2012-11-25 12:00:00,308.31366
2012-11-25 15:00:00,312.69226
2012-11-25 18:00:00,316.0882
2012-11-25 21:00:00,318.622
2012-11-26 00:00:00,321.05328
2012-11-26 03:00:00,323.7439
2012-11-26 06:00:00,327.1753
2012-11-26 09:00:00,328.2661
2012-11-26 12:00:00,324.5072
2012-11-26 15:00:00,321.90723
2012-11-26 18:00:00,325.43158
2012-11-26 21:00:00,327.96246
2012-11-27 00:00:00,327.44543
2012-11-27 03:00:00,327.34137
2012-11-27 06:00:00,327.0835
2012-11-27 09:00:00,326.52454
2012-11-27 12:00:00,325.67523
2012-11-27 15:00:00,325.64066
2012-11-27 18:00:00,325.73093
2012-11-27 21:00:00,325.9931
2012-11-28 00:00:00,324.969
2012-11-28 03:00:00,325.2343
2012-11-28 06:00:00,328.36407
2012-11-28 09:00:00,331.3811
2012-11-28 12:00:00,331.2268
2012-11-28 15:00:00,331.23636
2012-11-28 18:00:00,332.02478
2012-11-28 21:00:00,333.22095
2012-11-29 00:00:00,332.83722
2012-11-29 03:00:00,334.2288
2012-11-29 06:00:00,336.77747
2012-11-29 09:00:00,338.0877
2012-11-29 12:00:00,336.91113
2012-11-29 15:00:00,335.62982
2012-11-29 18:00:00,334.95538
2012-11-29 21:00:00,333.0409
2012-11-30 00:00:00,328.04065
2012-11-30 03:00:00,322.36768
2012-11-30 06:00:00,326.5567
2012-11-30 09:00:00,325.60406
2012-11-30 12:00:00,322.54254
2012-11-30 15:00:00,323.64166
2012-11-30 18:00:00,323.01596
2012-11-30 21:00:00,324.41138
2012-12-01 00:00:00,324.82837
2012-12-01 03:00:00,323.68167
2012-12-01 06:00:00,324.47058
2012-12-01 09:00:00,326.6664
2012-12-01 12:00:00,328.31332
2012-12-01 15:00:00,329.1163
2012-12-01 18:00:00,330.76697
2012-12-01 21:00:00,331.55505
2012-12-02 00:00:00,329.45502
2012-12-02 03:00:00,328.24246
2012-12-02 06:00:00,327.78455
2012-12-02 09:00:00,327.15295
2012-12-02 12:00:00,326.02686
2012-12-02 15:00:00,325.7663
2012-12-02 18:00:00,326.36743
2012-12-02 21:00:00,326.52673
2012-12-03 00:00:00,324.2818
2012-12-03 03:00:00,321.63745
2012-12-03 06:00:00,319.278
2012-12-03 09:00:00,317.25977
2012-12-03 12:00:00,315.5631
2012-12-03 15:00:00,314.1358
2012-12-03 18:00:00,313.51013
2012-12-03 21:00:00,313.6043
2012-12-04 00:00:00,312.87653
2012-12-04 03:00:00,312.1175
2012-12-04 06:00:00,311.22772
2012-12-04 09:00:00,310.8789
2012-12-04 12:00:00,310.32617
2012-12-04 15:00:00,310.29205
2012-12-04 18:00:00,309.9626
2012-12-04 21:00:00,309.88367
2012-12-05 00:00:00,309.50128
2012-12-05 03:00:00,310.15704
2012-12-05 06:00:00,311.16528
2012-12-05 09:00:00,312.17188
2012-12-05 12:00:00,313.29727
2012-12-05 15:00:00,314.49432
2012-12-05 18:00:00,315.7192
2012-12-05 21:00:00,316.86758
2012-12-06 00:00:00,317.73676
2012-12-06 03:00:00,318.18567
2012-12-06 06:00:00,317.83765
2012-12-06 09:00:00,315.29456
2012-12-06 12:00:00,308.76978
2012-12-06 15:00:00,294.43555
2012-12-06 18:00:00,274.85352
2012-12-06 21:00:00,262.51562
2012-12-07 00:00:00,261.31192
2012-12-07 03:00:00,268.50928
2012-12-07 06:00:00,273.54602
2012-12-07 09:00:00,276.21326
2012-12-07 12:00:00,277.80518
2012-12-07 15:00:00,278.59778
2012-12-07 18:00:00,279.10364
2012-12-07 21:00:00,279.48706
2012-12-08 00:00:00,280.57178
2012-12-08 03:00:00,283.75378
2012-12-08 06:00:00,287.32373
2012-12-08 09:00:00,291.5631
2012-12-08 12:00:00,297.03455
2012-12-08 15:00:00,303.9627
2012-12-08 18:00:00,310.59558
2012-12-08 21:00:00,315.22144
2012-12-09 00:00:00,316.6266
2012-12-09 03:00:00,317.14075
2012-12-09 06:00:00,316.58154
2012-12-09 09:00:00,314.9308
2012-12-09 12:00:00,312.1455
2012-12-09 15:00:00,308.43237
2012-12-09 18:00:00,304.35205
2012-12-09 21:00:00,299.65283
2012-12-10 00:00:00,294.89697
2012-12-10 03:00:00,290.7439
2012-12-10 06:00:00,287.30933
2012-12-10 09:00:00,284.2588
2012-12-10 12:00:00,281.74878
2012-12-10 15:00:00,279.7898
2012-12-10 18:00:00,279.08496
2012-12-10 21:00:00,279.36023
2012-12-11 00:00:00,280.2118
2012-12-11 03:00:00,282.23138
2012-12-11 06:00:00,284.00885
2012-12-11 09:00:00,285.03217
2012-12-11 12:00:00,285.60944
2012-12-11 15:00:00,286.2035
2012-12-11 18:00:00,286.94824
2012-12-11 21:00:00,287.58673
2012-12-12 00:00:00,288.33026
2012-12-12 03:00:00,289.2115
2012-12-12 06:00:00,290.31244
2012-12-12 09:00:00,291.30792
2012-12-12 12:00:00,292.01935
2012-12-12 15:00:00,292.50128
2012-12-12 18:00:00,292.80505
2012-12-12 21:00:00,292.89307
2012-12-13 00:00:00,292.7426
2012-12-13 03:00:00,292.88776
2012-12-13 06:00:00,293.73535
2012-12-13 09:00:00,295.92694
2012-12-13 12:00:00,299.3761
2012-12-13 15:00:00,300.62628
2012-12-13 18:00:00,300.8562
2012-12-13 21:00:00,300.54895
2012-12-14 00:00:00,298.8059
2012-12-14 03:00:00,295.0703
2012-12-14 06:00:00,288.67212
2012-12-14 09:00:00,281.1421
2012-12-14 12:00:00,274.42212
2012-12-14 15:00:00,272.91602
2012-12-14 18:00:00,275.72998
2012-12-14 21:00:00,276.85474
2012-12-15 00:00:00,277.05157
2012-12-15 03:00:00,283.31616
2012-12-15 06:00:00,288.57135
2012-12-15 09:00:00,292.03326
2012-12-15 12:00:00,294.42236
2012-12-15 15:00:00,296.05524
2012-12-15 18:00:00,297.1978
2012-12-15 21:00:00,298.24548
2012-12-16 00:00:00,299.29004
2012-12-16 03:00:00,300.41785
2012-12-16 06:00:00,301.41888
2012-12-16 09:00:00,302.13672
2012-12-16 12:00:00,302.56177
2012-12-16 15:00:00,302.81635
2012-12-16 18:00:00,303.15912
2012-12-16 21:00:00,303.54437
2012-12-17 00:00:00,303.97797
2012-12-17 03:00:00,304.37152
2012-12-17 06:00:00,304.63385
2012-12-17 09:00:00,305.15088
2012-12-17 12:00:00,305.64197
2012-12-17 15:00:00,306.08105
2012-12-17 18:00:00,306.35217
2012-12-17 21:00:00,306.47827
2012-12-18 00:00:00,306.47595
2012-12-18 03:00:00,306.39825
2012-12-18 06:00:00,306.2362
2012-12-18 09:00:00,305.97955
2012-12-18 12:00:00,305.58765
2012-12-18 15:00:00,305.1112
2012-12-18 18:00:00,304.50812
2012-12-18 21:00:00,303.7625
2012-12-19 00:00:00,302.74646
2012-12-19 03:00:00,301.45007
2012-12-19 06:00:00,299.60217
2012-12-19 09:00:00,296.87048
2012-12-19 12:00:00,292.3838
2012-12-19 15:00:00,284.65942
2012-12-19 18:00:00,277.70044
2012-12-19 21:00:00,271.3838
2012-12-20 00:00:00,267.25827
2012-12-20 03:00:00,265.81592
2012-12-20 06:00:00,275.4333
2012-12-20 09:00:00,281.9502
2012-12-20 12:00:00,286.60986
2012-12-20 15:00:00,290.29004
2012-12-20 18:00:00,292.9563
2012-12-20 21:00:00,294.57104
2012-12-21 00:00:00,295.40454
2012-12-21 03:00:00,295.77747
2012-12-21 06:00:00,295.977
2012-12-21 09:00:00,296.2459
2012-12-21 12:00:00,296.9668
2012-12-21 15:00:00,297.87555
2012-12-21 18:00:00,298.49402
2012-12-21 21:00:00,298.62756
2012-12-22 00:00:00,298.42242
2012-12-22 03:00:00,298.04095
2012-12-22 06:00:00,297.60443
2012-12-22 09:00:00,297.11255
2012-12-22 12:00:00,296.51648
2012-12-22 15:00:00,295.71307
2012-12-22 18:00:00,294.57153
2012-12-22 21:00:00,293.07996
2012-12-23 00:00:00,291.3916
2012-12-23 03:00:00,289.68896
2012-12-23 06:00:00,288.02618
2012-12-23 09:00:00,286.1029
2012-12-23 12:00:00,281.3614
2012-12-23 15:00:00,274.69574
2012-12-23 18:00:00,273.20435
2012-12-23 21:00:00,270.14136
2012-12-24 00:00:00,268.2444
2012-12-24 03:00:00,266.3916
2012-12-24 06:00:00,265.32104
2012-12-24 09:00:00,261.46173
2012-12-24 12:00:00,261.19775
2012-12-24 15:00:00,260.95285
2012-12-24 18:00:00,265.57825
2012-12-24 21:00:00,269.36737
2012-12-25 00:00:00,273.32315
2012-12-25 03:00:00,290.37537
2012-12-25 06:00:00,290.0415
2012-12-25 09:00:00,289.323
2012-12-25 12:00:00,290.03168
2012-12-25 15:00:00,292.44583
2012-12-25 18:00:00,297.64233
2012-12-25 21:00:00,303.1233
2012-12-26 00:00:00,306.70862
2012-12-26 03:00:00,309.5324
2012-12-26 06:00:00,311.57196
2012-12-26 09:00:00,312.9483
2012-12-26 12:00:00,313.28943
2012-12-26 15:00:00,313.8777
2012-12-26 18:00:00,314.88495
2012-12-26 21:00:00,315.88098
2012-12-27 00:00:00,316.0655
2012-12-27 03:00:00,316.03394
2012-12-27 06:00:00,315.00793
2012-12-27 09:00:00,314.0376
2012-12-27 12:00:00,312.64954
2012-12-27 15:00:00,311.19983
2012-12-27 18:00:00,310.193
2012-12-27 21:00:00,310.90845
2012-12-28 00:00:00,311.94318
2012-12-28 03:00:00,311.28992
2012-12-28 06:00:00,310.54297
2012-12-28 09:00:00,310.1516
2012-12-28 12:00:00,309.6624
2012-12-28 15:00:00,308.86804
2012-12-28 18:00:00,307.82928
2012-12-28 21:00:00,306.47742
2012-12-29 00:00:00,304.83838
2012-12-29 03:00:00,301.3562
2012-12-29 06:00:00,295.42383
2012-12-29 09:00:00,287.93042
2012-12-29 12:00:00,286.5088
2012-12-29 15:00:00,292.5149
2012-12-29 18:00:00,295.10156
2012-12-29 21:00:00,295.73535
2012-12-30 00:00:00,294.8852
2012-12-30 03:00:00,295.0193
2012-12-30 06:00:00,295.54688
2012-12-30 09:00:00,296.21942
2012-12-30 12:00:00,297.09222
2012-12-30 15:00:00,298.40765
2012-12-30 18:00:00,300.1985
2012-12-30 21:00:00,302.36017
2012-12-31 00:00:00,304.91724
2012-12-31 03:00:00,307.7771
2012-12-31 06:00:00,310.67273
2012-12-31 09:00:00,313.30627
2012-12-31 12:00:00,315.48816
2012-12-31 15:00:00,316.8623
2012-12-31 18:00:00,316.516
2012-12-31 21:00:00,312.69238
2013-01-01 00:00:00,308.3142
2013-01-01 03:00:00,310.5315
2013-01-01 06:00:00,313.02026
2013-01-01 09:00:00,313.31897
2013-01-01 12:00:00,312.18164
2013-01-01 15:00:00,311.11853
2013-01-01 18:00:00,310.83154
2013-01-01 21:00:00,310.2268
2013-01-02 00:00:00,309.12024
2013-01-02 03:00:00,309.13672
2013-01-02 06:00:00,309.85303
2013-01-02 09:00:00,308.3871
2013-01-02 12:00:00,306.81622
2013-01-02 15:00:00,306.10217
2013-01-02 18:00:00,307.00854
2013-01-02 21:00:00,308.17358
2013-01-03 00:00:00,308.6836
2013-01-03 03:00:00,309.94885
2013-01-03 06:00:00,311.41663
2013-01-03 09:00:00,313.84827
2013-01-03 12:00:00,316.3883
2013-01-03 15:00:00,313.3673
2013-01-03 18:00:00,308.4569
2013-01-03 21:00:00,303.92627
2013-01-04 00:00:00,301.6123
2013-01-04 03:00:00,298.39856
2013-01-04 06:00:00,295.51562
2013-01-04 09:00:00,292.5711
2013-01-04 12:00:00,287.47208
2013-01-04 15:00:00,282.74362
2013-01-04 18:00:00,280.89935
2013-01-04 21:00:00,280.2742
2013-01-05 00:00:00,278.81506
2013-01-05 03:00:00,278.30014
2013-01-05 06:00:00,279.28433
2013-01-05 09:00:00,280.13483
2013-01-05 12:00:00,280.18127
2013-01-05 15:00:00,279.03174
2013-01-05 18:00:00,277.6789
2013-01-05 21:00:00,276.90814
2013-01-06 00:00:00,276.54147
2013-01-06 03:00:00,276.6025
2013-01-06 06:00:00,276.96255
2013-01-06 09:00:00,277.50272
2013-01-06 12:00:00,278.1281
2013-01-06 15:00:00,278.91486
2013-01-06 18:00:00,279.71924
2013-01-06 21:00:00,280.44537
2013-01-07 00:00:00,281.07178
2013-01-07 03:00:00,281.4926
2013-01-07 06:00:00,281.81445
2013-01-07 09:00:00,282.0077
2013-01-07 12:00:00,282.12512
2013-01-07 15:00:00,282.3056
2013-01-07 18:00:00,282.461
2013-01-07 21:00:00,282.56403
2013-01-08 00:00:00,282.57703
2013-01-08 03:00:00,282.4007
2013-01-08 06:00:00,282.07245
2013-01-08 09:00:00,281.51855
2013-01-08 12:00:00,280.70435
2013-01-08 15:00:00,279.63513
2013-01-08 18:00:00,279.39868
2013-01-08 21:00:00,280.47986
2013-01-09 00:00:00,281.72766
2013-01-09 03:00:00,283.92078
2013-01-09 06:00:00,286.54553
2013-01-09 09:00:00,289.2196
2013-01-09 12:00:00,290.75024
2013-01-09 15:00:00,291.43396
2013-01-09 18:00:00,292.82568
2013-01-09 21:00:00,293.5548
2013-01-10 00:00:00,293.81287
2013-01-10 03:00:00,293.6151
2013-01-10 06:00:00,293.18323
2013-01-10 09:00:00,292.61023
2013-01-10 12:00:00,292.03943
2013-01-10 15:00:00,291.63287
2013-01-10 18:00:00,291.7356
2013-01-10 21:00:00,292.4897
2013-01-11 00:00:00,294.3092
2013-01-11 03:00:00,296.56256
2013-01-11 06:00:00,298.97806
2013-01-11 09:00:00,300.9697
2013-01-11 12:00:00,302.3062
2013-01-11 15:00:00,303.1532
2013-01-11 18:00:00,303.68005
2013-01-11 21:00:00,303.85254
2013-01-12 00:00:00,303.84442
2013-01-12 03:00:00,303.95386
2013-01-12 06:00:00,304.19916
2013-01-12 09:00:00,304.11188
2013-01-12 12:00:00,303.9655
2013-01-12 15:00:00,303.73712
2013-01-12 18:00:00,303.76636
2013-01-12 21:00:00,303.43085
2013-01-13 00:00:00,303.55594
2013-01-13 03:00:00,307.27628
2013-01-13 06:00:00,311.3569
2013-01-13 09:00:00,314.24292
2013-01-13 12:00:00,314.42975
2013-01-13 15:00:00,319.75873
2013-01-13 18:00:00,322.8542
2013-01-13 21:00:00,325.3067
2013-01-14 00:00:00,326.64227
2013-01-14 03:00:00,327.8902
2013-01-14 06:00:00,327.37817
2013-01-14 09:00:00,327.78152
2013-01-14 12:00:00,327.4851
2013-01-14 15:00:00,326.68768
2013-01-14 18:00:00,327.55652
2013-01-14 21:00:00,325.71997
2013-01-15 00:00:00,322.50793
2013-01-15 03:00:00,317.42297
2013-01-15 06:00:00,314.22803
2013-01-15 09:00:00,311.74927
2013-01-15 12:00:00,309.90027
2013-01-15 15:00:00,309.78247
2013-01-15 18:00:00,308.39917
2013-01-15 21:00:00,306.50916
2013-01-16 00:00:00,305.6499
2013-01-16 03:00:00,303.14868
2013-01-16 06:00:00,301.0569
2013-01-16 09:00:00,299.5719
2013-01-16 12:00:00,297.4303
2013-01-16 15:00:00,295.09436
2013-01-16 18:00:00,296.08972
2013-01-16 21:00:00,298.29102
2013-01-17 00:00:00,300.6173
2013-01-17 03:00:00,301.25537
2013-01-17 06:00:00,300.4143
2013-01-17 09:00:00,298.39185
2013-01-17 12:00:00,296.09436
2013-01-17 15:00:00,293.88342
2013-01-17 18:00:00,292.547
2013-01-17 21:00:00,292.59888
2013-01-18 00:00:00,291.28894
2013-01-18 03:00:00,288.3214
2013-01-18 06:00:00,284.67578
2013-01-18 09:00:00,279.51526
2013-01-18 12:00:00,269.97107
2013-01-18 15:00:00,259.18073
2013-01-18 18:00:00,260.84644
2013-01-18 21:00:00,255.97078
2013-01-19 00:00:00,249.13411
2013-01-19 03:00:00,253.40738
2013-01-19 06:00:00,276.90918
2013-01-19 09:00:00,290.09668
2013-01-19 12:00:00,297.2447
2013-01-19 15:00:00,305.3216
2013-01-19 18:00:00,310.29095
2013-01-19 21:00:00,312.5658
2013-01-20 00:00:00,312.93408
2013-01-20 03:00:00,312.3131
2013-01-20 06:00:00,311.15002
2013-01-20 09:00:00,309.4414
2013-01-20 12:00:00,306.4026
2013-01-20 15:00:00,299.14087
2013-01-20 18:00:00,290.47852
2013-01-20 21:00:00,296.28955
2013-01-21 00:00:00,300.89185
2013-01-21 03:00:00,305.58887
2013-01-21 06:00:00,309.62622
2013-01-21 09:00:00,311.0022
2013-01-21 12:00:00,310.24274
2013-01-21 15:00:00,310.5171
2013-01-21 18:00:00,311.57153
2013-01-21 21:00:00,312.83673
2013-01-22 00:00:00,312.86786
2013-01-22 03:00:00,311.44873
2013-01-22 06:00:00,309.0785
2013-01-22 09:00:00,306.51593
2013-01-22 12:00:00,307.64624
2013-01-22 15:00:00,309.09692
2013-01-22 18:00:00,309.53912
2013-01-22 21:00:00,310.65466
2013-01-23 00:00:00,312.02783
2013-01-23 03:00:00,314.40686
2013-01-23 06:00:00,315.57117
2013-01-23 09:00:00,315.45612
2013-01-23 12:00:00,314.9901
2013-01-23 15:00:00,314.2296
2013-01-23 18:00:00,311.61377
2013-01-23 21:00:00,309.1306
2013-01-24 00:00:00,307.1953
2013-01-24 03:00:00,306.88666
2013-01-24 06:00:00,307.23737
2013-01-24 09:00:00,307.04327
2013-01-24 12:00:00,306.3996
2013-01-24 15:00:00,304.16602
2013-01-24 18:00:00,303.31964
2013-01-24 21:00:00,303.5874
2013-01-25 00:00:00,303.99365
2013-01-25 03:00:00,304.19568
2013-01-25 06:00:00,302.46948
2013-01-25 09:00:00,297.0453
2013-01-25 12:00:00,300.33032
2013-01-25 15:00:00,303.25073
2013-01-25 18:00:00,304.4082
2013-01-25 21:00:00,304.57288
2013-01-26 00:00:00,304.22778
2013-01-26 03:00:00,305.1761
2013-01-26 06:00:00,307.3211
2013-01-26 09:00:00,306.52637
2013-01-26 12:00:00,306.14966
2013-01-26 15:00:00,305.93768
2013-01-26 18:00:00,305.5982
2013-01-26 21:00:00,305.25836
2013-01-27 00:00:00,304.83655
2013-01-27 03:00:00,304.34503
2013-01-27 06:00:00,303.6748
2013-01-27 09:00:00,302.53406
2013-01-27 12:00:00,299.58838
2013-01-27 15:00:00,295.99304
2013-01-27 18:00:00,295.73688
2013-01-27 21:00:00,306.11993
2013-01-28 00:00:00,307.00085
2013-01-28 03:00:00,306.01978
2013-01-28 06:00:00,306.49017
2013-01-28 09:00:00,307.46094
2013-01-28 12:00:00,308.64905
2013-01-28 15:00:00,308.6927
2013-01-28 18:00:00,308.06744
2013-01-28 21:00:00,307.0791
2013-01-29 00:00:00,305.9077
2013-01-29 03:00:00,304.7589
2013-01-29 06:00:00,303.8017
2013-01-29 09:00:00,303.1303
2013-01-29 12:00:00,302.93018
2013-01-29 15:00:00,303.13617
2013-01-29 18:00:00,303.49036
2013-01-29 21:00:00,303.36926
2013-01-30 00:00:00,302.62604
2013-01-30 03:00:00,301.36304
2013-01-30 06:00:00,299.7057
2013-01-30 09:00:00,297.71985
2013-01-30 12:00:00,295.59064
2013-01-30 15:00:00,293.46936
2013-01-30 18:00:00,291.604
2013-01-30 21:00:00,289.997
2013-01-31 00:00:00,288.60162
2013-01-31 03:00:00,287.53973
2013-01-31 06:00:00,286.7588
2013-01-31 09:00:00,286.086
2013-01-31 12:00:00,285.82812
2013-01-31 15:00:00,285.9298
2013-01-31 18:00:00,286.36975
2013-01-31 21:00:00,286.93347
2013-02-01 00:00:00,287.5688
2013-02-01 03:00:00,288.3341
2013-02-01 06:00:00,289.1095
2013-02-01 09:00:00,289.78235
2013-02-01 12:00:00,290.36932
2013-02-01 15:00:00,290.85327
2013-02-01 18:00:00,290.5548
2013-02-01 21:00:00,288.98706
2013-02-02 00:00:00,289.89948
2013-02-02 03:00:00,295.22757
2013-02-02 06:00:00,306.97656
2013-02-02 09:00:00,316.32538
2013-02-02 12:00:00,317.36023
2013-02-02 15:00:00,319.73315
2013-02-02 18:00:00,324.7127
2013-02-02 21:00:00,329.6645
2013-02-03 00:00:00,329.02405
2013-02-03 03:00:00,330.02765
2013-02-03 06:00:00,331.34814
2013-02-03 09:00:00,332.48642
2013-02-03 12:00:00,331.39856
2013-02-03 15:00:00,328.797
2013-02-03 18:00:00,333.74255
2013-02-03 21:00:00,333.89633
2013-02-04 00:00:00,333.77832
2013-02-04 03:00:00,333.3994
2013-02-04 06:00:00,333.04816
2013-02-04 09:00:00,329.54712
2013-02-04 12:00:00,325.16895
2013-02-04 15:00:00,321.58557
2013-02-04 18:00:00,322.0348
2013-02-04 21:00:00,324.51624
2013-02-05 00:00:00,322.81226
2013-02-05 03:00:00,324.39258
2013-02-05 06:00:00,325.5722
2013-02-05 09:00:00,323.6294
2013-02-05 12:00:00,323.09378
2013-02-05 15:00:00,325.3305
2013-02-05 18:00:00,325.78162
2013-02-05 21:00:00,326.4861
2013-02-06 00:00:00,327.32104
2013-02-06 03:00:00,327.399
2013-02-06 06:00:00,327.9317
2013-02-06 09:00:00,329.46948
2013-02-06 12:00:00,328.89508
2013-02-06 15:00:00,329.0558
2013-02-06 18:00:00,330.64624
2013-02-06 21:00:00,332.21094
2013-02-07 00:00:00,332.02594
2013-02-07 03:00:00,331.6502
2013-02-07 06:00:00,332.0871
2013-02-07 09:00:00,333.70425
2013-02-07 12:00:00,333.33716
2013-02-07 15:00:00,331.75842
2013-02-07 18:00:00,331.45773
2013-02-07 21:00:00,333.28232
2013-02-08 00:00:00,333.98532
2013-02-08 03:00:00,334.86172
2013-02-08 06:00:00,335.4108
2013-02-08 09:00:00,339.04187
2013-02-08 12:00:00,338.2965
2013-02-08 15:00:00,334.11304
2013-02-08 18:00:00,334.35364
2013-02-08 21:00:00,337.10162
2013-02-09 00:00:00,336.20862
2013-02-09 03:00:00,334.47562
2013-02-09 06:00:00,330.9723
2013-02-09 09:00:00,327.32874
2013-02-09 12:00:00,323.44055
2013-02-09 15:00:00,319.80542
2013-02-09 18:00:00,317.8473
2013-02-09 21:00:00,315.85986
2013-02-10 00:00:00,314.0625
2013-02-10 03:00:00,312.54065
2013-02-10 06:00:00,311.2854
2013-02-10 09:00:00,310.4148
2013-02-10 12:00:00,308.635
2013-02-10 15:00:00,304.65503
2013-02-10 18:00:00,299.97925
2013-02-10 21:00:00,307.09766
2013-02-11 00:00:00,310.29327
2013-02-11 03:00:00,313.30695
2013-02-11 06:00:00,315.23535
2013-02-11 09:00:00,315.18726
2013-02-11 12:00:00,314.3451
2013-02-11 15:00:00,313.6667
2013-02-11 18:00:00,313.53552
2013-02-11 21:00:00,313.51605
2013-02-12 00:00:00,311.96948
2013-02-12 03:00:00,309.73242
2013-02-12 06:00:00,312.21124
2013-02-12 09:00:00,312.89886
2013-02-12 12:00:00,314.77734
2013-02-12 15:00:00,316.80518
2013-02-12 18:00:00,317.84412
2013-02-12 21:00:00,317.7973
2013-02-13 00:00:00,318.2771
2013-02-13 03:00:00,319.3307
2013-02-13 06:00:00,320.9035
2013-02-13 09:00:00,321.57495
2013-02-13 12:00:00,321.99335
2013-02-13 15:00:00,320.549
2013-02-13 18:00:00,319.51758
2013-02-13 21:00:00,319.2766
2013-02-14 00:00:00,318.8838
2013-02-14 03:00:00,318.83923
2013-02-14 06:00:00,317.01068
2013-02-14 09:00:00,314.9826
2013-02-14 12:00:00,312.6903
2013-02-14 15:00:00,310.30823
2013-02-14 18:00:00,309.24817
2013-02-14 21:00:00,308.58026
2013-02-15 00:00:00,307.2683
2013-02-15 03:00:00,306.17517
2013-02-15 06:00:00,304.47095
2013-02-15 09:00:00,302.58167
2013-02-15 12:00:00,300.7661
2013-02-15 15:00:00,299.3009
2013-02-15 18:00:00,298.03204
2013-02-15 21:00:00,297.10846
2013-02-16 00:00:00,296.4118
2013-02-16 03:00:00,295.85193
2013-02-16 06:00:00,295.66827
2013-02-16 09:00:00,295.97278
2013-02-16 12:00:00,296.78925
2013-02-16 15:00:00,297.7113
2013-02-16 18:00:00,299.248
2013-02-16 21:00:00,300.9599
2013-02-17 00:00:00,302.02112
2013-02-17 03:00:00,301.14978
2013-02-17 06:00:00,294.7754
2013-02-17 09:00:00,283.79907
2013-02-17 12:00:00,266.46185
2013-02-17 15:00:00,254.84193
2013-02-17 18:00:00,267.00854
2013-02-17 21:00:00,276.71222
2013-02-18 00:00:00,280.502
2013-02-18 03:00:00,282.57904
2013-02-18 06:00:00,284.03247
2013-02-18 09:00:00,285.174
2013-02-18 12:00:00,285.88373
2013-02-18 15:00:00,286.5556
2013-02-18 18:00:00,287.2456
2013-02-18 21:00:00,287.74585
2013-02-19 00:00:00,288.24994
2013-02-19 03:00:00,288.8935
2013-02-19 06:00:00,291.13
2013-02-19 09:00:00,291.662
2013-02-19 12:00:00,291.8208
2013-02-19 15:00:00,293.08636
2013-02-19 18:00:00,295.11804
2013-02-19 21:00:00,297.40674
2013-02-20 00:00:00,299.1283
2013-02-20 03:00:00,300.60468
2013-02-20 06:00:00,301.45117
2013-02-20 09:00:00,302.02136
2013-02-20 12:00:00,302.37244
2013-02-20 15:00:00,302.21173
2013-02-20 18:00:00,301.08105
2013-02-20 21:00:00,298.16577
2013-02-21 00:00:00,290.62085
2013-02-21 03:00:00,275.12524
2013-02-21 06:00:00,275.20654
2013-02-21 09:00:00,274.3318
2013-02-21 12:00:00,271.97046
2013-02-21 15:00:00,267.0475
2013-02-21 18:00:00,260.39856
2013-02-21 21:00:00,266.90344
2013-02-22 00:00:00,272.7298
2013-02-22 03:00:00,277.26782
2013-02-22 06:00:00,279.3614
2013-02-22 09:00:00,279.62726
2013-02-22 12:00:00,277.23572
2013-02-22 15:00:00,279.97046
2013-02-22 18:00:00,282.86053
2013-02-22 21:00:00,285.17548
2013-02-23 00:00:00,284.72058
2013-02-23 03:00:00,289.74554
2013-02-23 06:00:00,292.30798
2013-02-23 09:00:00,296.68628
2013-02-23 12:00:00,298.2699
2013-02-23 15:00:00,300.5996
2013-02-23 18:00:00,303.58606
2013-02-23 21:00:00,306.7572
2013-02-24 00:00:00,308.5547
2013-02-24 03:00:00,308.68042
2013-02-24 06:00:00,307.43066
2013-02-24 09:00:00,305.7788
2013-02-24 12:00:00,305.69055
2013-02-24 15:00:00,305.3164
2013-02-24 18:00:00,311.3067
2013-02-24 21:00:00,319.60522
2013-02-25 00:00:00,319.2782
2013-02-25 03:00:00,316.5863
2013-02-25 06:00:00,313.5315
2013-02-25 09:00:00,310.43054
2013-02-25 12:00:00,307.9248
2013-02-25 15:00:00,305.74377
2013-02-25 18:00:00,307.67993
2013-02-25 21:00:00,310.09167
2013-02-26 00:00:00,308.18628
2013-02-26 03:00:00,306.63965
2013-02-26 06:00:00,306.2622
2013-02-26 09:00:00,305.901
2013-02-26 12:00:00,301.93848
2013-02-26 15:00:00,295.9087
2013-02-26 18:00:00,292.44287
2013-02-26 21:00:00,294.40125
2013-02-27 00:00:00,296.9298
2013-02-27 03:00:00,296.47705
2013-02-27 06:00:00,297.8922
2013-02-27 09:00:00,297.91528
2013-02-27 12:00:00,298.40552
2013-02-27 15:00:00,302.27524
2013-02-27 18:00:00,310.3997
2013-02-27 21:00:00,313.6485
2013-02-28 00:00:00,316.35297
2013-02-28 03:00:00,320.42282
2013-02-28 06:00:00,326.0183
2013-02-28 09:00:00,326.67554
2013-02-28 12:00:00,328.5971
2013-02-28 15:00:00,329.25577
2013-02-28 18:00:00,327.89417
2013-02-28 21:00:00,324.84924
2013-03-01 00:00:00,320.8128
2013-03-01 03:00:00,316.67273
2013-03-01 06:00:00,312.47852
2013-03-01 09:00:00,308.0653
2013-03-01 12:00:00,304.14893
2013-03-01 15:00:00,301.2417
2013-03-01 18:00:00,299.16492
2013-03-01 21:00:00,297.86072
2013-03-02 00:00:00,297.17053
2013-03-02 03:00:00,296.88428
2013-03-02 06:00:00,297.01013
2013-03-02 09:00:00,296.02423
2013-03-02 12:00:00,289.21927
2013-03-02 15:00:00,279.7459
2013-03-02 18:00:00,273.014
2013-03-02 21:00:00,262.91284
2013-03-03 00:00:00,238.56242
2013-03-03 03:00:00,235.6116
2013-03-03 06:00:00,256.14722
2013-03-03 09:00:00,262.26514
2013-03-03 12:00:00,259.58948
2013-03-03 15:00:00,257.76917
2013-03-03 18:00:00,236.854
2013-03-03 21:00:00,203.33331
2013-03-04 00:00:00,164.03236
2013-03-04 03:00:00,152.33136
2013-03-04 06:00:00,146.94798
2013-03-04 09:00:00,143.67798
2013-03-04 12:00:00,156.82175
2013-03-04 15:00:00,191.04861
2013-03-04 18:00:00,203.8724
2013-03-04 21:00:00,209.7884
2013-03-05 00:00:00,214.76575
2013-03-05 03:00:00,220.17209
2013-03-05 06:00:00,226.03271
2013-03-05 09:00:00,230.56396
2013-03-05 12:00:00,233.5133
2013-03-05 15:00:00,235.86874
2013-03-05 18:00:00,239.15187
2013-03-05 21:00:00,243.6821
2013-03-06 00:00:00,247.13457
2013-03-06 03:00:00,249.88324
2013-03-06 06:00:00,252.31827
2013-03-06 09:00:00,253.93832
2013-03-06 12:00:00,254.87866
2013-03-06 15:00:00,255.64983
2013-03-06 18:00:00,256.4389
2013-03-06 21:00:00,255.78331
2013-03-07 00:00:00,254.70467
2013-03-07 03:00:00,252.27222
2013-03-07 06:00:00,241.10414
2013-03-07 09:00:00,242.37903
2013-03-07 12:00:00,246.5861
2013-03-07 15:00:00,251.4165
2013-03-07 18:00:00,256.6734
2013-03-07 21:00:00,261.30493
2013-03-08 00:00:00,263.26855
2013-03-08 03:00:00,262.11768
2013-03-08 06:00:00,258.57886
2013-03-08 09:00:00,259.32037
2013-03-08 12:00:00,262.0193
2013-03-08 15:00:00,263.82153
2013-03-08 18:00:00,264.23627
2013-03-08 21:00:00,265.70502
2013-03-09 00:00:00,266.90063
2013-03-09 03:00:00,265.9928
2013-03-09 06:00:00,268.17047
2013-03-09 09:00:00,273.88525
2013-03-09 12:00:00,279.26727
2013-03-09 15:00:00,282.0235
2013-03-09 18:00:00,282.90283
2013-03-09 21:00:00,283.10425
2013-03-10 00:00:00,282.547
2013-03-10 03:00:00,281.74664
2013-03-10 06:00:00,282.66754
2013-03-10 09:00:00,283.9204
2013-03-10 12:00:00,284.87756
2013-03-10 15:00:00,285.05542
2013-03-10 18:00:00,285.49268
2013-03-10 21:00:00,286.21948
2013-03-11 00:00:00,286.15955
2013-03-11 03:00:00,287.32916
2013-03-11 06:00:00,288.82922
2013-03-11 09:00:00,289.89124
2013-03-11 12:00:00,289.67163
2013-03-11 15:00:00,288.9381
2013-03-11 18:00:00,288.93542
2013-03-11 21:00:00,289.81567
2013-03-12 00:00:00,292.511
2013-03-12 03:00:00,294.74463
2013-03-12 06:00:00,293.2587
2013-03-12 09:00:00,284.97327
2013-03-12 12:00:00,286.04785
2013-03-12 15:00:00,289.36096
2013-03-12 18:00:00,292.53137
2013-03-12 21:00:00,293.3794
2013-03-13 00:00:00,296.37946
2013-03-13 03:00:00,303.47897
2013-03-13 06:00:00,314.31824
2013-03-13 09:00:00,316.85046
2013-03-13 12:00:00,317.80493
2013-03-13 15:00:00,318.2704
2013-03-13 18:00:00,320.6095
2013-03-13 21:00:00,325.61737
2013-03-14 00:00:00,327.28915
2013-03-14 03:00:00,327.31512
2013-03-14 06:00:00,328.8292
2013-03-14 09:00:00,328.331
2013-03-14 12:00:00,325.46484
2013-03-14 15:00:00,322.82446
2013-03-14 18:00:00,320.20447
2013-03-14 21:00:00,319.98682
2013-03-15 00:00:00,320.08936
2013-03-15 03:00:00,321.12195
2013-03-15 06:00:00,319.2063
2013-03-15 09:00:00,318.01807
2013-03-15 12:00:00,315.60242
2013-03-15 15:00:00,313.1206
2013-03-15 18:00:00,311.59094
2013-03-15 21:00:00,310.64893
2013-03-16 00:00:00,310.39062
2013-03-16 03:00:00,306.9021
2013-03-16 06:00:00,294.3987
2013-03-16 09:00:00,270.3916
2013-03-16 12:00:00,261.52606
2013-03-16 15:00:00,237.42645
2013-03-16 18:00:00,235.38931
2013-03-16 21:00:00,249.33073
2013-03-17 00:00:00,257.2694
2013-03-17 03:00:00,271.24072
2013-03-17 06:00:00,281.10132
2013-03-17 09:00:00,290.93237
2013-03-17 12:00:00,295.95428
2013-03-17 15:00:00,302.33038
2013-03-17 18:00:00,311.35608
2013-03-17 21:00:00,323.44574
2013-03-18 00:00:00,324.14886
2013-03-18 03:00:00,324.12122
2013-03-18 06:00:00,322.2605
2013-03-18 09:00:00,319.19678
2013-03-18 12:00:00,316.27344
2013-03-18 15:00:00,313.61865
2013-03-18 18:00:00,312.25867
2013-03-18 21:00:00,312.64172
2013-03-19 00:00:00,314.31067
2013-03-19 03:00:00,316.6001
2013-03-19 06:00:00,316.58533
2013-03-19 09:00:00,297.60925
2013-03-19 12:00:00,286.68234
2013-03-19 15:00:00,284.1886
2013-03-19 18:00:00,306.70398
2013-03-19 21:00:00,320.8689
2013-03-20 00:00:00,319.65784
2013-03-20 03:00:00,317.57837
2013-03-20 06:00:00,316.2041
2013-03-20 09:00:00,315.00122
2013-03-20 12:00:00,313.05737
2013-03-20 15:00:00,309.99097
2013-03-20 18:00:00,306.0044
2013-03-20 21:00:00,301.4734
2013-03-21 00:00:00,295.1333
2013-03-21 03:00:00,287.82642
2013-03-21 06:00:00,281.0547
2013-03-21 09:00:00,270.40833
2013-03-21 12:00:00,244.45657
2013-03-21 15:00:00,239.181
2013-03-21 18:00:00,247.07072
2013-03-21 21:00:00,250.69327
2013-03-22 00:00:00,244.53893
2013-03-22 03:00:00,256.4554
2013-03-22 06:00:00,266.66693
2013-03-22 09:00:00,272.7044
2013-03-22 12:00:00,275.016
2013-03-22 15:00:00,275.60297
2013-03-22 18:00:00,275.84424
2013-03-22 21:00:00,276.3058
2013-03-23 00:00:00,276.79175
2013-03-23 03:00:00,276.95447
2013-03-23 06:00:00,277.6316
2013-03-23 09:00:00,280.2895
2013-03-23 12:00:00,283.8318
2013-03-23 15:00:00,287.71954
2013-03-23 18:00:00,290.774
2013-03-23 21:00:00,292.09326
2013-03-24 00:00:00,292.0031
2013-03-24 03:00:00,291.79712
2013-03-24 06:00:00,293.15704
2013-03-24 09:00:00,294.57147
2013-03-24 12:00:00,295.87506
2013-03-24 15:00:00,297.23364
2013-03-24 18:00:00,298.02435
2013-03-24 21:00:00,298.42212
2013-03-25 00:00:00,298.49402
2013-03-25 03:00:00,298.28235
2013-03-25 06:00:00,297.2345
2013-03-25 09:00:00,295.02405
2013-03-25 12:00:00,292.4016
2013-03-25 15:00:00,288.65454
2013-03-25 18:00:00,287.8667
2013-03-25 21:00:00,288.42444
2013-03-26 00:00:00,288.99084
2013-03-26 03:00:00,289.9663
2013-03-26 06:00:00,288.65076
2013-03-26 09:00:00,284.81274
2013-03-26 12:00:00,276.2168
2013-03-26 15:00:00,266.60388
2013-03-26 18:00:00,261.82294
2013-03-26 21:00:00,265.71277
2013-03-27 00:00:00,267.48547
2013-03-27 03:00:00,268.97302
2013-03-27 06:00:00,270.8756
2013-03-27 09:00:00,272.32886
2013-03-27 12:00:00,273.27368
2013-03-27 15:00:00,273.3297
2013-03-27 18:00:00,273.82874
2013-03-27 21:00:00,274.06226
2013-03-28 00:00:00,273.67322
2013-03-28 03:00:00,272.56476
2013-03-28 06:00:00,273.38397
2013-03-28 09:00:00,275.28168
2013-03-28 12:00:00,274.4286
2013-03-28 15:00:00,273.45886
2013-03-28 18:00:00,272.39136
2013-03-28 21:00:00,271.68506
2013-03-29 00:00:00,265.40198
2013-03-29 03:00:00,258.59808
2013-03-29 06:00:00,261.60156
2013-03-29 09:00:00,265.56464
2013-03-29 12:00:00,268.99738
2013-03-29 15:00:00,273.8061
2013-03-29 18:00:00,277.9267
2013-03-29 21:00:00,281.4455
2013-03-30 00:00:00,283.49005
2013-03-30 03:00:00,284.27026
2013-03-30 06:00:00,284.5475
2013-03-30 09:00:00,284.61627
2013-03-30 12:00:00,284.60797
2013-03-30 15:00:00,284.6353
2013-03-30 18:00:00,284.83954
2013-03-30 21:00:00,285.34985
2013-03-31 00:00:00,285.94946
2013-03-31 03:00:00,284.95612
2013-03-31 06:00:00,282.74463
2013-03-31 09:00:00,282.17224
2013-03-31 12:00:00,278.59448
2013-03-31 15:00:00,273.77478
2013-03-31 18:00:00,271.31616
2013-03-31 21:00:00,276.82153
2013-04-01 00:00:00,280.46313
2013-04-01 03:00:00,282.524
2013-04-01 06:00:00,283.62494
2013-04-01 09:00:00,284.15454
2013-04-01 12:00:00,284.51172
2013-04-01 15:00:00,285.1562
2013-04-01 18:00:00,286.0625
2013-04-01 21:00:00,286.98676
2013-04-02 00:00:00,287.39136
2013-04-02 03:00:00,288.188
2013-04-02 06:00:00,289.04913
2013-04-02 09:00:00,290.62506
2013-04-02 12:00:00,291.90192
2013-04-02 15:00:00,292.5185
2013-04-02 18:00:00,292.07086
2013-04-02 21:00:00,290.0642
2013-04-03 00:00:00,281.67407
2013-04-03 03:00:00,263.67365
2013-04-03 06:00:00,268.53577
2013-04-03 09:00:00,269.59827
2013-04-03 12:00:00,270.08167
2013-04-03 15:00:00,269.79932
2013-04-03 18:00:00,269.14703
2013-04-03 21:00:00,269.7682
2013-04-04 00:00:00,270.31305
2013-04-04 03:00:00,269.96204
2013-04-04 06:00:00,269.96063
2013-04-04 09:00:00,270.2531
2013-04-04 12:00:00,268.84637
2013-04-04 15:00:00,268.6615
2013-04-04 18:00:00,269.15808
2013-04-04 21:00:00,269.45013
2013-04-05 00:00:00,269.47955
2013-04-05 03:00:00,270.40405
2013-04-05 06:00:00,288.73465
2013-04-05 09:00:00,307.95294
2013-04-05 12:00:00,322.93954
2013-04-05 15:00:00,329.28998
2013-04-05 18:00:00,332.149
2013-04-05 21:00:00,334.52795
2013-04-06 00:00:00,334.83612
2013-04-06 03:00:00,334.88367
2013-04-06 06:00:00,332.78217
2013-04-06 09:00:00,333.2268
2013-04-06 12:00:00,328.55566
2013-04-06 15:00:00,323.1355
2013-04-06 18:00:00,320.45093
2013-04-06 21:00:00,319.33203
2013-04-07 00:00:00,314.93774
2013-04-07 03:00:00,309.6576
2013-04-07 06:00:00,305.91418
2013-04-07 09:00:00,301.76794
2013-04-07 12:00:00,298.9845
2013-04-07 15:00:00,297.6189
2013-04-07 18:00:00,296.3545
2013-04-07 21:00:00,294.69373
2013-04-08 00:00:00,293.04248
2013-04-08 03:00:00,293.32074
2013-04-08 06:00:00,296.94128
2013-04-08 09:00:00,298.4715
2013-04-08 12:00:00,300.172
2013-04-08 15:00:00,302.01166
2013-04-08 18:00:00,303.45776
2013-04-08 21:00:00,304.38342
2013-04-09 00:00:00,303.01697
2013-04-09 03:00:00,303.4021
2013-04-09 06:00:00,303.39233
2013-04-09 09:00:00,302.96912
2013-04-09 12:00:00,301.90808
2013-04-09 15:00:00,301.04285
2013-04-09 18:00:00,301.67236
2013-04-09 21:00:00,303.2068
2013-04-10 00:00:00,304.57043
2013-04-10 03:00:00,305.30725
2013-04-10 06:00:00,305.4098
2013-04-10 09:00:00,305.05066
2013-04-10 12:00:00,303.86963
2013-04-10 15:00:00,302.8593
2013-04-10 18:00:00,302.3694
2013-04-10 21:00:00,301.95953
2013-04-11 00:00:00,301.7041
2013-04-11 03:00:00,301.05945
2013-04-11 06:00:00,299.8451
2013-04-11 09:00:00,297.33923
2013-04-11 12:00:00,294.52612
2013-04-11 15:00:00,292.365
2013-04-11 18:00:00,293.31458
2013-04-11 21:00:00,293.25122
2013-04-12 00:00:00,292.67297
2013-04-12 03:00:00,292.60272
2013-04-12 06:00:00,293.0429
2013-04-12 09:00:00,293.69165
2013-04-12 12:00:00,294.27423
2013-04-12 15:00:00,294.7426
2013-04-12 18:00:00,295.31683
2013-04-12 21:00:00,295.59406
2013-04-13 00:00:00,295.44293
2013-04-13 03:00:00,295.01843
2013-04-13 06:00:00,294.56177
2013-04-13 09:00:00,294.01624
2013-04-13 12:00:00,293.06104
2013-04-13 15:00:00,292.6106
2013-04-13 18:00:00,293.34558
2013-04-13 21:00:00,294.09027
2013-04-14 00:00:00,293.32953
2013-04-14 03:00:00,292.73804
2013-04-14 06:00:00,292.8722
2013-04-14 09:00:00,291.46954
2013-04-14 12:00:00,291.00653
2013-04-14 15:00:00,291.5489
2013-04-14 18:00:00,292.95453
2013-04-14 21:00:00,293.7973
2013-04-15 00:00:00,294.24115
2013-04-15 03:00:00,294.44696
2013-04-15 06:00:00,294.51715
2013-04-15 09:00:00,294.51672
2013-04-15 12:00:00,294.50427
2013-04-15 15:00:00,294.76715
2013-04-15 18:00:00,295.52808
2013-04-15 21:00:00,296.5999
2013-04-16 00:00:00,297.8662
2013-04-16 03:00:00,298.8687
2013-04-16 06:00:00,299.4088
2013-04-16 09:00:00,299.98535
2013-04-16 12:00:00,299.94653
2013-04-16 15:00:00,301.8866
2013-04-16 18:00:00,302.38354
2013-04-16 21:00:00,301.85083
2013-04-17 00:00:00,301.37183
2013-04-17 03:00:00,300.8554
2013-04-17 06:00:00,300.62518
2013-04-17 09:00:00,300.26385
2013-04-17 12:00:00,300.95392
2013-04-17 15:00:00,303.7301
2013-04-17 18:00:00,305.38416
2013-04-17 21:00:00,308.09448
2013-04-18 00:00:00,312.9745
2013-04-18 03:00:00,318.7439
2013-04-18 06:00:00,323.35535
2013-04-18 09:00:00,322.58606
2013-04-18 12:00:00,320.088
2013-04-18 15:00:00,317.74817
2013-04-18 18:00:00,319.6801
2013-04-18 21:00:00,324.03912
2013-04-19 00:00:00,326.70465
2013-04-19 03:00:00,328.12006
2013-04-19 06:00:00,329.36768
2013-04-19 09:00:00,330.438
2013-04-19 12:00:00,328.12158
2013-04-19 15:00:00,325.27808
2013-04-19 18:00:00,325.0268
2013-04-19 21:00:00,325.43793
2013-04-20 00:00:00,325.5689
2013-04-20 03:00:00,325.15628
2013-04-20 06:00:00,325.0749
2013-04-20 09:00:00,325.46558
2013-04-20 12:00:00,325.8191
2013-04-20 15:00:00,326.29614
2013-04-20 18:00:00,326.63257
2013-04-20 21:00:00,326.5288
2013-04-21 00:00:00,326.27515
2013-04-21 03:00:00,325.22632
2013-04-21 06:00:00,323.93408
2013-04-21 09:00:00,322.2843
2013-04-21 12:00:00,321.1234
2013-04-21 15:00:00,322.03235
2013-04-21 18:00:00,320.97925
2013-04-21 21:00:00,322.7036
2013-04-22 00:00:00,324.47238
2013-04-22 03:00:00,326.48492
2013-04-22 06:00:00,327.02356
2013-04-22 09:00:00,327.61603
2013-04-22 12:00:00,326.7508
2013-04-22 15:00:00,325.2843
2013-04-22 18:00:00,325.3946
2013-04-22 21:00:00,327.16162
2013-04-23 00:00:00,327.5478
2013-04-23 03:00:00,326.9092
2013-04-23 06:00:00,326.829
2013-04-23 09:00:00,326.18347
2013-04-23 12:00:00,325.2362
2013-04-23 15:00:00,324.80188
2013-04-23 18:00:00,324.6955
2013-04-23 21:00:00,324.67572
2013-04-24 00:00:00,325.1803
2013-04-24 03:00:00,325.47308
2013-04-24 06:00:00,325.8546
2013-04-24 09:00:00,326.18115
2013-04-24 12:00:00,325.8452
2013-04-24 15:00:00,325.71655
2013-04-24 18:00:00,325.86823
2013-04-24 21:00:00,326.09647
2013-04-25 00:00:00,326.83234
2013-04-25 03:00:00,327.36615
2013-04-25 06:00:00,327.57538
2013-04-25 09:00:00,327.57507
2013-04-25 12:00:00,327.35275
2013-04-25 15:00:00,326.47238
2013-04-25 18:00:00,327.64914
2013-04-25 21:00:00,330.21942
2013-04-26 00:00:00,328.6657
2013-04-26 03:00:00,327.70837
2013-04-26 06:00:00,326.82123
2013-04-26 09:00:00,326.4323
2013-04-26 12:00:00,325.0202
2013-04-26 15:00:00,323.61115
2013-04-26 18:00:00,323.71313
2013-04-26 21:00:00,325.7135
2013-04-27 00:00:00,327.8896
2013-04-27 03:00:00,330.24594
2013-04-27 06:00:00,331.6476
2013-04-27 09:00:00,332.2215
2013-04-27 12:00:00,332.48944
2013-04-27 15:00:00,332.72043
2013-04-27 18:00:00,334.21252
2013-04-27 21:00:00,336.4666
2013-04-28 00:00:00,337.8148
2013-04-28 03:00:00,338.26187
2013-04-28 06:00:00,337.45663
2013-04-28 09:00:00,338.1744
2013-04-28 12:00:00,335.86435
2013-04-28 15:00:00,333.63412
2013-04-28 18:00:00,332.89856
2013-04-28 21:00:00,334.25052
2013-04-29 00:00:00,334.19763
2013-04-29 03:00:00,333.76105
2013-04-29 06:00:00,333.4399
2013-04-29 09:00:00,333.38083
2013-04-29 12:00:00,332.63086
2013-04-29 15:00:00,330.85068
2013-04-29 18:00:00,332.2349
2013-04-29 21:00:00,332.55023
2013-04-30 00:00:00,332.63968
2013-04-30 03:00:00,331.8369
2013-04-30 06:00:00,331.04224
2013-04-30 09:00:00,331.11023
2013-04-30 12:00:00,331.91473
2013-04-30 15:00:00,332.65182
2013-04-30 18:00:00,333.252
2013-04-30 21:00:00,333.5244
2013-05-01 00:00:00,333.57953
2013-05-01 03:00:00,333.56308
2013-05-01 06:00:00,333.26242
2013-05-01 09:00:00,332.91183
2013-05-01 12:00:00,332.61047
2013-05-01 15:00:00,332.41998
2013-05-01 18:00:00,332.4956
2013-05-01 21:00:00,332.79364
2013-05-02 00:00:00,333.31284
2013-05-02 03:00:00,334.07947
2013-05-02 06:00:00,334.51764
2013-05-02 09:00:00,334.2731
2013-05-02 12:00:00,333.84164
2013-05-02 15:00:00,332.75433
2013-05-02 18:00:00,332.26288
2013-05-02 21:00:00,332.9532
2013-05-03 00:00:00,332.90564
2013-05-03 03:00:00,332.66144
2013-05-03 06:00:00,332.5965
2013-05-03 09:00:00,332.47083
2013-05-03 12:00:00,331.88324
2013-05-03 15:00:00,330.51904
2013-05-03 18:00:00,329.7094
2013-05-03 21:00:00,329.37524
2013-05-04 00:00:00,328.97418
2013-05-04 03:00:00,329.00787
2013-05-04 06:00:00,328.94366
2013-05-04 09:00:00,328.98535
2013-05-04 12:00:00,328.27917
2013-05-04 15:00:00,326.63574
2013-05-04 18:00:00,325.5338
2013-05-04 21:00:00,324.69116
2013-05-05 00:00:00,325.3789
2013-05-05 03:00:00,324.11353
2013-05-05 06:00:00,321.9613
2013-05-05 09:00:00,319.27478
2013-05-05 12:00:00,316.3927
2013-05-05 15:00:00,316.72803
2013-05-05 18:00:00,317.99487
2013-05-05 21:00:00,316.8833
2013-05-06 00:00:00,313.28125
2013-05-06 03:00:00,307.86987
2013-05-06 06:00:00,303.42456
2013-05-06 09:00:00,300.9204
2013-05-06 12:00:00,301.9922
2013-05-06 15:00:00,305.4635
2013-05-06 18:00:00,310.12512
2013-05-06 21:00:00,314.01624
2013-05-07 00:00:00,317.36768
2013-05-07 03:00:00,320.0636
2013-05-07 06:00:00,321.3623
2013-05-07 09:00:00,321.96454
2013-05-07 12:00:00,321.43024
2013-05-07 15:00:00,320.9638
2013-05-07 18:00:00,320.18927
2013-05-07 21:00:00,318.76648
2013-05-08 00:00:00,316.28943
2013-05-08 03:00:00,313.13977
2013-05-08 06:00:00,310.08142
2013-05-08 09:00:00,307.32812
2013-05-08 12:00:00,305.01245
2013-05-08 15:00:00,303.03174
2013-05-08 18:00:00,302.1599
2013-05-08 21:00:00,300.58228
2013-05-09 00:00:00,298.96216
2013-05-09 03:00:00,297.8606
2013-05-09 06:00:00,297.72803
2013-05-09 09:00:00,298.95374
2013-05-09 12:00:00,301.08325
2013-05-09 15:00:00,303.59912
2013-05-09 18:00:00,306.03918
2013-05-09 21:00:00,308.4552
2013-05-10 00:00:00,310.90393
2013-05-10 03:00:00,314.61896
2013-05-10 06:00:00,319.6488
2013-05-10 09:00:00,324.41592
2013-05-10 12:00:00,327.4067
2013-05-10 15:00:00,329.55713
2013-05-10 18:00:00,330.86108
2013-05-10 21:00:00,332.25015
2013-05-11 00:00:00,333.44437
2013-05-11 03:00:00,334.68463
2013-05-11 06:00:00,335.91837
2013-05-11 09:00:00,336.4741
2013-05-11 12:00:00,335.20312
2013-05-11 15:00:00,333.81213
2013-05-11 18:00:00,333.88776
2013-05-11 21:00:00,336.0053
2013-05-12 00:00:00,336.51572
2013-05-12 03:00:00,336.49127
2013-05-12 06:00:00,335.00897
2013-05-12 09:00:00,333.02734
2013-05-12 12:00:00,330.87042
2013-05-12 15:00:00,329.32562
2013-05-12 18:00:00,328.5088
2013-05-12 21:00:00,328.52762
2013-05-13 00:00:00,328.14825
2013-05-13 03:00:00,327.61874
2013-05-13 06:00:00,327.21188
2013-05-13 09:00:00,327.03128
2013-05-13 12:00:00,326.97272
2013-05-13 15:00:00,327.05502
2013-05-13 18:00:00,327.17337
2013-05-13 21:00:00,327.4004
2013-05-14 00:00:00,327.48062
2013-05-14 03:00:00,327.28238
2013-05-14 06:00:00,327.3039
2013-05-14 09:00:00,328.02496
2013-05-14 12:00:00,328.51944
2013-05-14 15:00:00,328.69772
2013-05-14 18:00:00,329.63025
2013-05-14 21:00:00,331.53467
2013-05-15 00:00:00,330.4289
2013-05-15 03:00:00,327.09735
2013-05-15 06:00:00,324.16345
2013-05-15 09:00:00,324.3462
2013-05-15 12:00:00,326.75226
2013-05-15 15:00:00,327.4893
2013-05-15 18:00:00,328.63098
2013-05-15 21:00:00,331.01074
2013-05-16 00:00:00,331.27032
2013-05-16 03:00:00,330.88776
2013-05-16 06:00:00,329.6438
2013-05-16 09:00:00,327.62213
2013-05-16 12:00:00,324.71356
2013-05-16 15:00:00,321.7987
2013-05-16 18:00:00,317.66382
2013-05-16 21:00:00,314.6128
2013-05-17 00:00:00,312.57153
2013-05-17 03:00:00,312.61206
2013-05-17 06:00:00,307.54175
2013-05-17 09:00:00,304.9627
2013-05-17 12:00:00,312.09393
2013-05-17 15:00:00,314.963
2013-05-17 18:00:00,314.80426
2013-05-17 21:00:00,315.4248
2013-05-18 00:00:00,315.9052
2013-05-18 03:00:00,318.05524
2013-05-18 06:00:00,319.55353
2013-05-18 09:00:00,319.77722
2013-05-18 12:00:00,319.41852
2013-05-18 15:00:00,318.89697
2013-05-18 18:00:00,318.46204
2013-05-18 21:00:00,318.62573
2013-05-19 00:00:00,318.50208
2013-05-19 03:00:00,318.29968
2013-05-19 06:00:00,318.33655
2013-05-19 09:00:00,318.22437
2013-05-19 12:00:00,317.84436
2013-05-19 15:00:00,316.76147
2013-05-19 18:00:00,315.47498
2013-05-19 21:00:00,315.30786
2013-05-20 00:00:00,314.98828
2013-05-20 03:00:00,314.5
2013-05-20 06:00:00,314.4303
2013-05-20 09:00:00,314.38458
2013-05-20 12:00:00,314.51904
2013-05-20 15:00:00,318.8728
2013-05-20 18:00:00,324.3205
2013-05-20 21:00:00,329.61133
2013-05-21 00:00:00,330.41464
2013-05-21 03:00:00,332.43832
2013-05-21 06:00:00,331.43704
2013-05-21 09:00:00,330.54926
2013-05-21 12:00:00,328.2751
2013-05-21 15:00:00,327.5465
2013-05-21 18:00:00,327.3999
2013-05-21 21:00:00,328.086
2013-05-22 00:00:00,328.48785
2013-05-22 03:00:00,327.9568
2013-05-22 06:00:00,326.25812
2013-05-22 09:00:00,325.3045
2013-05-22 12:00:00,324.5738
2013-05-22 15:00:00,323.55188
2013-05-22 18:00:00,323.1396
2013-05-22 21:00:00,323.75653
2013-05-23 00:00:00,324.615
2013-05-23 03:00:00,324.92535
2013-05-23 06:00:00,324.83582
2013-05-23 09:00:00,324.34155
2013-05-23 12:00:00,324.18713
2013-05-23 15:00:00,324.1839
2013-05-23 18:00:00,324.51306
2013-05-23 21:00:00,325.10938
2013-05-24 00:00:00,326.0564
2013-05-24 03:00:00,327.00192
2013-05-24 06:00:00,327.5715
2013-05-24 09:00:00,328.13373
2013-05-24 12:00:00,328.3209
2013-05-24 15:00:00,327.94672
2013-05-24 18:00:00,327.8391
2013-05-24 21:00:00,328.42172
2013-05-25 00:00:00,328.83713
2013-05-25 03:00:00,329.15817
2013-05-25 06:00:00,329.26343
2013-05-25 09:00:00,329.18176
2013-05-25 12:00:00,328.79242
2013-05-25 15:00:00,328.477
2013-05-25 18:00:00,329.4723
2013-05-25 21:00:00,330.58762
2013-05-26 00:00:00,332.2563
2013-05-26 03:00:00,333.56702
2013-05-26 06:00:00,334.12158
2013-05-26 09:00:00,334.45813
2013-05-26 12:00:00,333.35522
2013-05-26 15:00:00,331.78174
2013-05-26 18:00:00,332.45184
2013-05-26 21:00:00,335.52228
2013-05-27 00:00:00,336.0022
2013-05-27 03:00:00,333.62976
2013-05-27 06:00:00,329.46936
2013-05-27 09:00:00,325.99316
2013-05-27 12:00:00,322.37598
2013-05-27 15:00:00,317.7771
2013-05-27 18:00:00,314.46387
2013-05-27 21:00:00,313.08484
2013-05-28 00:00:00,310.70117
2013-05-28 03:00:00,309.96204
2013-05-28 06:00:00,309.83093
2013-05-28 09:00:00,328.7622
2013-05-28 12:00:00,332.6018
2013-05-28 15:00:00,328.9049
2013-05-28 18:00:00,330.5562
2013-05-28 21:00:00,333.04303
2013-05-29 00:00:00,333.3062
2013-05-29 03:00:00,333.252
2013-05-29 06:00:00,333.15625
2013-05-29 09:00:00,332.4756
2013-05-29 12:00:00,331.6505
2013-05-29 15:00:00,330.61267
2013-05-29 18:00:00,330.56653
2013-05-29 21:00:00,330.21582
2013-05-30 00:00:00,329.24097
2013-05-30 03:00:00,329.14075
2013-05-30 06:00:00,331.4729
2013-05-30 09:00:00,333.70755
2013-05-30 12:00:00,332.37177
2013-05-30 15:00:00,330.6488
2013-05-30 18:00:00,330.58994
2013-05-30 21:00:00,331.792
2013-05-31 00:00:00,332.5045
2013-05-31 03:00:00,332.68167
2013-05-31 06:00:00,331.87115
2013-05-31 09:00:00,331.08228
2013-05-31 12:00:00,329.9071
2013-05-31 15:00:00,329.25787
2013-05-31 18:00:00,330.81268
2013-05-31 21:00:00,331.982
2013-06-01 00:00:00,331.47427
2013-06-01 03:00:00,330.4345
2013-06-01 06:00:00,329.82748
2013-06-01 09:00:00,329.47794
2013-06-01 12:00:00,329.1764
2013-06-01 15:00:00,329.14886
2013-06-01 18:00:00,330.2931
2013-06-01 21:00:00,332.00342
2013-06-02 00:00:00,332.9193
2013-06-02 03:00:00,331.50708
2013-06-02 06:00:00,329.3832
2013-06-02 09:00:00,327.83694
2013-06-02 12:00:00,327.26492
2013-06-02 15:00:00,327.29306
2013-06-02 18:00:00,327.6263
2013-06-02 21:00:00,329.30084
2013-06-03 00:00:00,331.08624
2013-06-03 03:00:00,331.5165
2013-06-03 06:00:00,331.1373
2013-06-03 09:00:00,330.48468
2013-06-03 12:00:00,329.70435
2013-06-03 15:00:00,329.05548
2013-06-03 18:00:00,328.8219
2013-06-03 21:00:00,328.4624
2013-06-04 00:00:00,327.7301
2013-06-04 03:00:00,326.5703
2013-06-04 06:00:00,324.9629
2013-06-04 09:00:00,322.9154
2013-06-04 12:00:00,320.6725
2013-06-04 15:00:00,317.01318
2013-06-04 18:00:00,313.48706
2013-06-04 21:00:00,312.36206
2013-06-05 00:00:00,311.0382
2013-06-05 03:00:00,309.07727
2013-06-05 06:00:00,308.1339
2013-06-05 09:00:00,307.97748
2013-06-05 12:00:00,307.6217
2013-06-05 15:00:00,307.34442
2013-06-05 18:00:00,307.8693
2013-06-05 21:00:00,308.58173
2013-06-06 00:00:00,308.3188
2013-06-06 03:00:00,307.58148
2013-06-06 06:00:00,306.85492
2013-06-06 09:00:00,306.30176
2013-06-06 12:00:00,305.62482
2013-06-06 15:00:00,305.16553
2013-06-06 18:00:00,304.98474
2013-06-06 21:00:00,304.41516
2013-06-07 00:00:00,303.60168
2013-06-07 03:00:00,304.66907
2013-06-07 06:00:00,304.59613
2013-06-07 09:00:00,304.09906
2013-06-07 12:00:00,303.00092
2013-06-07 15:00:00,301.38397
2013-06-07 18:00:00,302.49194
2013-06-07 21:00:00,304.74408
2013-06-08 00:00:00,306.91187
2013-06-08 03:00:00,308.2505
2013-06-08 06:00:00,309.5017
2013-06-08 09:00:00,310.24524
2013-06-08 12:00:00,310.27344
2013-06-08 15:00:00,310.40564
2013-06-08 18:00:00,311.35956
2013-06-08 21:00:00,313.0982
2013-06-09 00:00:00,313.7768
2013-06-09 03:00:00,314.4928
2013-06-09 06:00:00,314.76184
2013-06-09 09:00:00,314.5951
2013-06-09 12:00:00,314.33923
2013-06-09 15:00:00,313.86194
2013-06-09 18:00:00,313.27686
2013-06-09 21:00:00,313.3081
2013-06-10 00:00:00,313.20447
2013-06-10 03:00:00,312.89624
2013-06-10 06:00:00,312.4568
2013-06-10 09:00:00,311.74255
2013-06-10 12:00:00,310.8374
2013-06-10 15:00:00,309.3047
2013-06-10 18:00:00,308.39478
2013-06-10 21:00:00,307.90015
2013-06-11 00:00:00,306.3324
2013-06-11 03:00:00,304.0183
2013-06-11 06:00:00,301.50232
2013-06-11 09:00:00,299.1173
2013-06-11 12:00:00,298.6272
2013-06-11 15:00:00,297.70178
2013-06-11 18:00:00,297.25378
2013-06-11 21:00:00,297.08606
2013-06-12 00:00:00,296.17407
2013-06-12 03:00:00,296.4569
2013-06-12 06:00:00,297.0968
2013-06-12 09:00:00,297.43085
2013-06-12 12:00:00,298.99506
2013-06-12 15:00:00,301.35913
2013-06-12 18:00:00,303.73425
2013-06-12 21:00:00,306.46216
2013-06-13 00:00:00,306.79236
2013-06-13 03:00:00,309.87207
2013-06-13 06:00:00,309.71472
2013-06-13 09:00:00,311.94336
2013-06-13 12:00:00,310.21924
2013-06-13 15:00:00,310.0067
2013-06-13 18:00:00,311.4973
2013-06-13 21:00:00,313.85986
2013-06-14 00:00:00,312.74255
2013-06-14 03:00:00,314.36743
2013-06-14 06:00:00,315.12134
2013-06-14 09:00:00,315.40906
2013-06-14 12:00:00,313.98022
2013-06-14 15:00:00,314.20398
2013-06-14 18:00:00,317.38007
2013-06-14 21:00:00,320.35107
2013-06-15 00:00:00,321.61487
2013-06-15 03:00:00,324.05115
2013-06-15 06:00:00,324.08716
2013-06-15 09:00:00,323.12573
2013-06-15 12:00:00,317.76636
2013-06-15 15:00:00,314.542
2013-06-15 18:00:00,313.43066
2013-06-15 21:00:00,313.9842
2013-06-16 00:00:00,312.81757
2013-06-16 03:00:00,314.73718
2013-06-16 06:00:00,312.7312
2013-06-16 09:00:00,309.87158
2013-06-16 12:00:00,311.5089
2013-06-16 15:00:00,310.53894
2013-06-16 18:00:00,308.81238
2013-06-16 21:00:00,306.65625
2013-06-17 00:00:00,303.386
2013-06-17 03:00:00,302.1328
2013-06-17 06:00:00,307.99374
2013-06-17 09:00:00,316.6416
2013-06-17 12:00:00,314.12683
2013-06-17 15:00:00,312.3518
2013-06-17 18:00:00,312.1986
2013-06-17 21:00:00,313.2566
2013-06-18 00:00:00,310.6996
2013-06-18 03:00:00,309.9787
2013-06-18 06:00:00,312.073
2013-06-18 09:00:00,315.79584
2013-06-18 12:00:00,318.03198
2013-06-18 15:00:00,319.0995
2013-06-18 18:00:00,319.98126
2013-06-18 21:00:00,321.08643
2013-06-19 00:00:00,322.38593
2013-06-19 03:00:00,322.13074
2013-06-19 06:00:00,321.44922
2013-06-19 09:00:00,321.88434
2013-06-19 12:00:00,322.34888
2013-06-19 15:00:00,323.14484
2013-06-19 18:00:00,326.03387
2013-06-19 21:00:00,327.65143
2013-06-20 00:00:00,329.90625
2013-06-20 03:00:00,333.26825
2013-06-20 06:00:00,335.07086
2013-06-20 09:00:00,334.643
2013-06-20 12:00:00,332.09302
2013-06-20 15:00:00,328.29736
2013-06-20 18:00:00,328.32526
2013-06-20 21:00:00,330.862
2013-06-21 00:00:00,329.56128
2013-06-21 03:00:00,329.10388
2013-06-21 06:00:00,330.4995
2013-06-21 09:00:00,329.40112
2013-06-21 12:00:00,326.67993
2013-06-21 15:00:00,325.4635
2013-06-21 18:00:00,326.98615
2013-06-21 21:00:00,329.14288
2013-06-22 00:00:00,330.29327
2013-06-22 03:00:00,330.6194
2013-06-22 06:00:00,329.62793
2013-06-22 09:00:00,326.83557
2013-06-22 12:00:00,325.68
2013-06-22 15:00:00,324.81476
2013-06-22 18:00:00,327.62308
2013-06-22 21:00:00,331.16364
2013-06-23 00:00:00,332.57864
2013-06-23 03:00:00,332.55365
2013-06-23 06:00:00,330.16528
2013-06-23 09:00:00,328.37576
2013-06-23 12:00:00,327.4592
2013-06-23 15:00:00,327.05646
2013-06-23 18:00:00,327.6034
2013-06-23 21:00:00,327.86966
2013-06-24 00:00:00,326.93805
2013-06-24 03:00:00,325.60968
2013-06-24 06:00:00,324.91925
2013-06-24 09:00:00,324.64874
2013-06-24 12:00:00,324.63312
2013-06-24 15:00:00,324.86456
2013-06-24 18:00:00,325.2362
2013-06-24 21:00:00,325.7597
2013-06-25 00:00:00,326.44867
2013-06-25 03:00:00,327.258
2013-06-25 06:00:00,328.21954
2013-06-25 09:00:00,329.77734
2013-06-25 12:00:00,331.5885
2013-06-25 15:00:00,331.95618
2013-06-25 18:00:00,332.26636
2013-06-25 21:00:00,332.74512
2013-06-26 00:00:00,333.27173
2013-06-26 03:00:00,333.74365
2013-06-26 06:00:00,333.96216
2013-06-26 09:00:00,334.13013
2013-06-26 12:00:00,334.37146
2013-06-26 15:00:00,333.97437
2013-06-26 18:00:00,334.08655
2013-06-26 21:00:00,334.30493
2013-06-27 00:00:00,334.52966
2013-06-27 03:00:00,334.67993
2013-06-27 06:00:00,334.6504
2013-06-27 09:00:00,334.417
2013-06-27 12:00:00,333.73022
2013-06-27 15:00:00,333.37646
2013-06-27 18:00:00,333.58337
2013-06-27 21:00:00,334.104
2013-06-28 00:00:00,334.19873
2013-06-28 03:00:00,333.95728
2013-06-28 06:00:00,333.5426
2013-06-28 09:00:00,333.6311
2013-06-28 12:00:00,333.65833
2013-06-28 15:00:00,333.72693
2013-06-28 18:00:00,334.58765
2013-06-28 21:00:00,335.68958
2013-06-29 00:00:00,336.45947
2013-06-29 03:00:00,337.15186
2013-06-29 06:00:00,337.79236
2013-06-29 09:00:00,338.16907
2013-06-29 12:00:00,338.52087
2013-06-29 15:00:00,336.5338
2013-06-29 18:00:00,333.47717
2013-06-29 21:00:00,334.93347
2013-06-30 00:00:00,336.54504
2013-06-30 03:00:00,337.61243
2013-06-30 06:00:00,338.5923
2013-06-30 09:00:00,340.06665
2013-06-30 12:00:00,340.06885
2013-06-30 15:00:00,337.18384
2013-06-30 18:00:00,333.36133
2013-06-30 21:00:00,331.91016
2013-07-01 00:00:00,330.40643
2013-07-01 03:00:00,329.42578
2013-07-01 06:00:00,328.14197
2013-07-01 09:00:00,326.5603
2013-07-01 12:00:00,324.60083
2013-07-01 15:00:00,323.7375
2013-07-01 18:00:00,324.94946
2013-07-01 21:00:00,327.24255
2013-07-02 00:00:00,329.72815
2013-07-02 03:00:00,331.27563
2013-07-02 06:00:00,331.89136
2013-07-02 09:00:00,332.32855
2013-07-02 12:00:00,330.84485
2013-07-02 15:00:00,329.0205
2013-07-02 18:00:00,328.40393
2013-07-02 21:00:00,329.12103
2013-07-03 00:00:00,329.86823
2013-07-03 03:00:00,331.47522
2013-07-03 06:00:00,330.29346
2013-07-03 09:00:00,327.80566
2013-07-03 12:00:00,325.66052
2013-07-03 15:00:00,324.54572
2013-07-03 18:00:00,324.82098
2013-07-03 21:00:00,326.40326
2013-07-04 00:00:00,325.88892
2013-07-04 03:00:00,325.46167
2013-07-04 06:00:00,324.47333
2013-07-04 09:00:00,323.5924
2013-07-04 12:00:00,322.96912
2013-07-04 15:00:00,322.2506
2013-07-04 18:00:00,322.0564
2013-07-04 21:00:00,321.8626
2013-07-05 00:00:00,321.66516
2013-07-05 03:00:00,321.57428
2013-07-05 06:00:00,321.6236
2013-07-05 09:00:00,323.6161
2013-07-05 12:00:00,324.20093
2013-07-05 15:00:00,323.63928
2013-07-05 18:00:00,322.44604
2013-07-05 21:00:00,321.9972
2013-07-06 00:00:00,322.1266
2013-07-06 03:00:00,322.08643
2013-07-06 06:00:00,322.08264
2013-07-06 09:00:00,322.2506
2013-07-06 12:00:00,321.19873
2013-07-06 15:00:00,319.21082
2013-07-06 18:00:00,316.90906
2013-07-06 21:00:00,315.55774
2013-07-07 00:00:00,314.7926
2013-07-07 03:00:00,314.40466
2013-07-07 06:00:00,314.31213
2013-07-07 09:00:00,314.3495
2013-07-07 12:00:00,313.60657
2013-07-07 15:00:00,311.49426
2013-07-07 18:00:00,309.8562
2013-07-07 21:00:00,311.50543
2013-07-08 00:00:00,313.0852
2013-07-08 03:00:00,313.67212
2013-07-08 06:00:00,314.0475
2013-07-08 09:00:00,314.63306
2013-07-08 12:00:00,314.98865
2013-07-08 15:00:00,314.52466
2013-07-08 18:00:00,314.2998
2013-07-08 21:00:00,314.53284
2013-07-09 00:00:00,314.71997
2013-07-09 03:00:00,314.9087
2013-07-09 06:00:00,315.09302
2013-07-09 09:00:00,315.20007
2013-07-09 12:00:00,314.69543
2013-07-09 15:00:00,314.5653
2013-07-09 18:00:00,314.92358
2013-07-09 21:00:00,317.55096
2013-07-10 00:00:00,318.6057
2013-07-10 03:00:00,318.49805
2013-07-10 06:00:00,318.40564
2013-07-10 09:00:00,317.9209
2013-07-10 12:00:00,317.45837
2013-07-10 15:00:00,317.52722
2013-07-10 18:00:00,319.00366
2013-07-10 21:00:00,322.3208
2013-07-11 00:00:00,326.04236
2013-07-11 03:00:00,324.91187
2013-07-11 06:00:00,325.29834
2013-07-11 09:00:00,325.1499
2013-07-11 12:00:00,321.3379
2013-07-11 15:00:00,317.5415
2013-07-11 18:00:00,315.73682
2013-07-11 21:00:00,316.32007
2013-07-12 00:00:00,315.99426
2013-07-12 03:00:00,315.07654
2013-07-12 06:00:00,314.88342
2013-07-12 09:00:00,313.8772
2013-07-12 12:00:00,312.62158
2013-07-12 15:00:00,310.32092
2013-07-12 18:00:00,309.74463
2013-07-12 21:00:00,309.84546
2013-07-13 00:00:00,310.0476
2013-07-13 03:00:00,309.83997
2013-07-13 06:00:00,309.3849
2013-07-13 09:00:00,308.5963
2013-07-13 12:00:00,307.07532
2013-07-13 15:00:00,305.70947
2013-07-13 18:00:00,305.43127
2013-07-13 21:00:00,305.96472
2013-07-14 00:00:00,310.1034
2013-07-14 03:00:00,310.32507
2013-07-14 06:00:00,313.8069
2013-07-14 09:00:00,314.60925
2013-07-14 12:00:00,313.75256
2013-07-14 15:00:00,314.1151
2013-07-14 18:00:00,315.87915
2013-07-14 21:00:00,318.81714
2013-07-15 00:00:00,319.31274
2013-07-15 03:00:00,319.13452
2013-07-15 06:00:00,319.1731
2013-07-15 09:00:00,318.69165
2013-07-15 12:00:00,317.76758
2013-07-15 15:00:00,315.26855
2013-07-15 18:00:00,316.1438
2013-07-15 21:00:00,320.04382
2013-07-16 00:00:00,321.24243
2013-07-16 03:00:00,323.7832
2013-07-16 06:00:00,323.5559
2013-07-16 09:00:00,321.7185
2013-07-16 12:00:00,320.1278
2013-07-16 15:00:00,319.20825
2013-07-16 18:00:00,320.07715
2013-07-16 21:00:00,323.24927
2013-07-17 00:00:00,324.66418
2013-07-17 03:00:00,324.57104
2013-07-17 06:00:00,324.573
2013-07-17 09:00:00,326.5172
2013-07-17 12:00:00,324.49854
2013-07-17 15:00:00,323.31494
2013-07-17 18:00:00,322.02393
2013-07-17 21:00:00,324.052
2013-07-18 00:00:00,328.29883
2013-07-18 03:00:00,330.77856
2013-07-18 06:00:00,329.49072
2013-07-18 09:00:00,327.98535
2013-07-18 12:00:00,325.42407
2013-07-18 15:00:00,322.84814
2013-07-18 18:00:00,319.12744
2013-07-18 21:00:00,321.45947
2013-07-19 00:00:00,323.57837
2013-07-19 03:00:00,322.1543
2013-07-19 06:00:00,320.21167
2013-07-19 09:00:00,318.98706
2013-07-19 12:00:00,318.19043
2013-07-19 15:00:00,316.70898
2013-07-19 18:00:00,316.20386
2013-07-19 21:00:00,319.9463
2013-07-20 00:00:00,322.2893
2013-07-20 03:00:00,323.78894
2013-07-20 06:00:00,325.72437
2013-07-20 09:00:00,325.13184
2013-07-20 12:00:00,319.97046
2013-07-20 15:00:00,314.85046
2013-07-20 18:00:00,315.11987
2013-07-20 21:00:00,317.07727
2013-07-21 00:00:00,321.7417
2013-07-21 03:00:00,321.49573
2013-07-21 06:00:00,321.4077
2013-07-21 09:00:00,318.71997
2013-07-21 12:00:00,313.0315
2013-07-21 15:00:00,311.74023
2013-07-21 18:00:00,312.09338
2013-07-21 21:00:00,313.90784
2013-07-22 00:00:00,313.34937
2013-07-22 03:00:00,310.74377
2013-07-22 06:00:00,310.91443
2013-07-22 09:00:00,312.6953
2013-07-22 12:00:00,310.39246
2013-07-22 15:00:00,308.16675
2013-07-22 18:00:00,309.30518
2013-07-22 21:00:00,315.91052
2013-07-23 00:00:00,317.18567
2013-07-23 03:00:00,317.55542
2013-07-23 06:00:00,318.1067
2013-07-23 09:00:00,315.64185
2013-07-23 12:00:00,312.11072
2013-07-23 15:00:00,312.22925
2013-07-23 18:00:00,312.5072
2013-07-23 21:00:00,313.32715
2013-07-24 00:00:00,313.55115
2013-07-24 03:00:00,313.27026
2013-07-24 06:00:00,311.5785
2013-07-24 09:00:00,309.43762
2013-07-24 12:00:00,308.1245
2013-07-24 15:00:00,307.4867
2013-07-24 18:00:00,307.65356
2013-07-24 21:00:00,309.56323
2013-07-25 00:00:00,309.9347
2013-07-25 03:00:00,309.29102
2013-07-25 06:00:00,306.22693
2013-07-25 09:00:00,304.15686
2013-07-25 12:00:00,305.56848
2013-07-25 15:00:00,306.61206
2013-07-25 18:00:00,307.76855
2013-07-25 21:00:00,315.4629
2013-07-26 00:00:00,316.21704
2013-07-26 03:00:00,317.70093
2013-07-26 06:00:00,316.995
2013-07-26 09:00:00,315.13367
2013-07-26 12:00:00,311.00122
2013-07-26 15:00:00,309.61877
2013-07-26 18:00:00,308.8363
2013-07-26 21:00:00,308.77112
2013-07-27 00:00:00,308.72968
2013-07-27 03:00:00,308.66925
2013-07-27 06:00:00,307.08038
2013-07-27 09:00:00,307.2528
2013-07-27 12:00:00,308.4732
2013-07-27 15:00:00,308.57428
2013-07-27 18:00:00,309.01947
2013-07-27 21:00:00,309.40234
2013-07-28 00:00:00,308.99292
2013-07-28 03:00:00,308.0984
2013-07-28 06:00:00,306.47827
2013-07-28 09:00:00,304.94446
2013-07-28 12:00:00,304.02136
2013-07-28 15:00:00,303.7439
2013-07-28 18:00:00,304.0249
2013-07-28 21:00:00,304.3103
2013-07-29 00:00:00,304.5841
2013-07-29 03:00:00,305.01367
2013-07-29 06:00:00,305.5752
2013-07-29 09:00:00,305.7334
2013-07-29 12:00:00,305.55554
2013-07-29 15:00:00,308.1974
2013-07-29 18:00:00,311.98242
2013-07-29 21:00:00,317.5675
2013-07-30 00:00:00,321.0329
2013-07-30 03:00:00,322.76782
2013-07-30 06:00:00,322.932
2013-07-30 09:00:00,322.87793
2013-07-30 12:00:00,319.5161
2013-07-30 15:00:00,318.94226
2013-07-30 18:00:00,321.3446
2013-07-30 21:00:00,321.84348
2013-07-31 00:00:00,320.35184
2013-07-31 03:00:00,318.88
2013-07-31 06:00:00,318.22778
2013-07-31 09:00:00,317.5324
2013-07-31 12:00:00,317.5395
2013-07-31 15:00:00,317.1775
2013-07-31 18:00:00,318.10352
2013-07-31 21:00:00,317.85327
2013-08-01 00:00:00,316.89746
2013-08-01 03:00:00,316.4159
2013-08-01 06:00:00,315.1255
2013-08-01 09:00:00,315.0149
2013-08-01 12:00:00,313.04102
2013-08-01 15:00:00,311.6173
2013-08-01 18:00:00,310.30713
2013-08-01 21:00:00,308.35376
2013-08-02 00:00:00,304.50916
2013-08-02 03:00:00,301.01978
2013-08-02 06:00:00,299.95483
2013-08-02 09:00:00,302.14697
2013-08-02 12:00:00,304.5708
2013-08-02 15:00:00,308.5371
2013-08-02 18:00:00,311.52905
2013-08-02 21:00:00,315.00818
2013-08-03 00:00:00,316.8501
2013-08-03 03:00:00,319.2473
2013-08-03 06:00:00,320.99756
2013-08-03 09:00:00,322.32153
2013-08-03 12:00:00,316.365
2013-08-03 15:00:00,314.56494
2013-08-03 18:00:00,316.13293
2013-08-03 21:00:00,318.41486
2013-08-04 00:00:00,319.77716
2013-08-04 03:00:00,321.16833
2013-08-04 06:00:00,321.9906
2013-08-04 09:00:00,320.32153
2013-08-04 12:00:00,317.91565
2013-08-04 15:00:00,317.23584
2013-08-04 18:00:00,320.13672
2013-08-04 21:00:00,323.93802
2013-08-05 00:00:00,325.9956
2013-08-05 03:00:00,327.51288
2013-08-05 06:00:00,329.47217
2013-08-05 09:00:00,331.59412
2013-08-05 12:00:00,327.87146
2013-08-05 15:00:00,324.19812
2013-08-05 18:00:00,323.0703
2013-08-05 21:00:00,322.82092
2013-08-06 00:00:00,322.80518
2013-08-06 03:00:00,321.93762
2013-08-06 06:00:00,320.24622
2013-08-06 09:00:00,319.16858
2013-08-06 12:00:00,316.45044
2013-08-06 15:00:00,315.61987
2013-08-06 18:00:00,319.46558
2013-08-06 21:00:00,325.17456
2013-08-07 00:00:00,327.19684
2013-08-07 03:00:00,330.21777
2013-08-07 06:00:00,331.14587
2013-08-07 09:00:00,331.7766
2013-08-07 12:00:00,326.56323
2013-08-07 15:00:00,323.37598
2013-08-07 18:00:00,323.58557
2013-08-07 21:00:00,328.8966
2013-08-08 00:00:00,332.2107
2013-08-08 03:00:00,336.69495
2013-08-08 06:00:00,339.57214
2013-08-08 09:00:00,338.95514
2013-08-08 12:00:00,334.15747
2013-08-08 15:00:00,330.26526
2013-08-08 18:00:00,330.4956
2013-08-08 21:00:00,332.31543
2013-08-09 00:00:00,333.38815
2013-08-09 03:00:00,332.90802
2013-08-09 06:00:00,332.00385
2013-08-09 09:00:00,330.9934
2013-08-09 12:00:00,330.4306
2013-08-09 15:00:00,329.66602
2013-08-09 18:00:00,329.60193
2013-08-09 21:00:00,330.48584
2013-08-10 00:00:00,331.78253
2013-08-10 03:00:00,331.57385
2013-08-10 06:00:00,330.20703
2013-08-10 09:00:00,328.59033
2013-08-10 12:00:00,327.03638
2013-08-10 15:00:00,325.65173
2013-08-10 18:00:00,324.46924
2013-08-10 21:00:00,323.51282
2013-08-11 00:00:00,322.76062
2013-08-11 03:00:00,322.33112
2013-08-11 06:00:00,321.96936
2013-08-11 09:00:00,321.7395
2013-08-11 12:00:00,321.8255
2013-08-11 15:00:00,322.1803
2013-08-11 18:00:00,322.75403
2013-08-11 21:00:00,323.51868
2013-08-12 00:00:00,324.12927
2013-08-12 03:00:00,325.02502
2013-08-12 06:00:00,325.68164
2013-08-12 09:00:00,325.86755
2013-08-12 12:00:00,324.92993
2013-08-12 15:00:00,323.83008
2013-08-12 18:00:00,324.39233
2013-08-12 21:00:00,325.12866
2013-08-13 00:00:00,326.32104
2013-08-13 03:00:00,327.73535
2013-08-13 06:00:00,328.19653
2013-08-13 09:00:00,327.65112
2013-08-13 12:00:00,327.4923
2013-08-13 15:00:00,327.55322
2013-08-13 18:00:00,327.76086
2013-08-13 21:00:00,328.31848
2013-08-14 00:00:00,328.82178
2013-08-14 03:00:00,328.6541
2013-08-14 06:00:00,328.2091
2013-08-14 09:00:00,327.93
2013-08-14 12:00:00,327.6942
2013-08-14 15:00:00,327.6186
2013-08-14 18:00:00,327.9737
2013-08-14 21:00:00,328.41785
2013-08-15 00:00:00,328.5642
2013-08-15 03:00:00,328.3495
2013-08-15 06:00:00,327.82324
2013-08-15 09:00:00,327.54993
2013-08-15 12:00:00,327.48145
2013-08-15 15:00:00,326.9939
2013-08-15 18:00:00,326.81763
2013-08-15 21:00:00,327.70825
2013-08-16 00:00:00,328.35162
2013-08-16 03:00:00,330.9602
2013-08-16 06:00:00,332.76715
2013-08-16 09:00:00,334.74567
2013-08-16 12:00:00,332.74573
2013-08-16 15:00:00,330.4652
2013-08-16 18:00:00,332.1988
2013-08-16 21:00:00,333.536
2013-08-17 00:00:00,335.70563
2013-08-17 03:00:00,335.3286
2013-08-17 06:00:00,333.489
2013-08-17 09:00:00,331.67255
2013-08-17 12:00:00,330.42358
2013-08-17 15:00:00,328.21924
2013-08-17 18:00:00,329.51193
2013-08-17 21:00:00,332.09497
2013-08-18 00:00:00,332.0897
2013-08-18 03:00:00,331.36115
2013-08-18 06:00:00,329.3438
2013-08-18 09:00:00,329.51868
2013-08-18 12:00:00,328.9309
2013-08-18 15:00:00,326.77197
2013-08-18 18:00:00,326.6341
2013-08-18 21:00:00,329.0492
2013-08-19 00:00:00,331.06586
2013-08-19 03:00:00,332.65796
2013-08-19 06:00:00,331.16708
2013-08-19 09:00:00,329.3089
2013-08-19 12:00:00,327.20776
2013-08-19 15:00:00,325.40698
2013-08-19 18:00:00,324.8435
2013-08-19 21:00:00,324.45636
2013-08-20 00:00:00,323.9568
2013-08-20 03:00:00,323.34955
2013-08-20 06:00:00,322.8095
2013-08-20 09:00:00,322.40723
2013-08-20 12:00:00,322.17023
2013-08-20 15:00:00,322.04956
2013-08-20 18:00:00,322.2641
2013-08-20 21:00:00,322.61023
2013-08-21 00:00:00,322.83948
2013-08-21 03:00:00,322.73993
2013-08-21 06:00:00,322.55115
2013-08-21 09:00:00,321.98706
2013-08-21 12:00:00,321.43115
2013-08-21 15:00:00,320.90924
2013-08-21 18:00:00,320.79004
2013-08-21 21:00:00,324.2898
2013-08-22 00:00:00,324.2578
2013-08-22 03:00:00,326.50012
2013-08-22 06:00:00,327.22998
2013-08-22 09:00:00,325.2188
2013-08-22 12:00:00,325.32922
2013-08-22 15:00:00,325.75317
2013-08-22 18:00:00,325.91327
2013-08-22 21:00:00,327.7522
2013-08-23 00:00:00,329.34894
2013-08-23 03:00:00,330.36914
2013-08-23 06:00:00,334.862
2013-08-23 09:00:00,335.74622
2013-08-23 12:00:00,331.16113
2013-08-23 15:00:00,328.7567
2013-08-23 18:00:00,329.47675
2013-08-23 21:00:00,331.01166
2013-08-24 00:00:00,332.58356
2013-08-24 03:00:00,332.04242
2013-08-24 06:00:00,331.65894
2013-08-24 09:00:00,328.9668
2013-08-24 12:00:00,326.21893
2013-08-24 15:00:00,324.27533
2013-08-24 18:00:00,325.65823
2013-08-24 21:00:00,326.7886
2013-08-25 00:00:00,325.51886
2013-08-25 03:00:00,324.7812
2013-08-25 06:00:00,324.19476
2013-08-25 09:00:00,323.63007
2013-08-25 12:00:00,323.35468
2013-08-25 15:00:00,323.3305
2013-08-25 18:00:00,323.52374
2013-08-25 21:00:00,324.13458
2013-08-26 00:00:00,325.23724
2013-08-26 03:00:00,325.80475
2013-08-26 06:00:00,326.07013
2013-08-26 09:00:00,326.09314
2013-08-26 12:00:00,325.47253
2013-08-26 15:00:00,324.63855
2013-08-26 18:00:00,324.2251
2013-08-26 21:00:00,324.1374
2013-08-27 00:00:00,323.97052
2013-08-27 03:00:00,323.77808
2013-08-27 06:00:00,323.74402
2013-08-27 09:00:00,324.0009
2013-08-27 12:00:00,324.34137
2013-08-27 15:00:00,324.54126
2013-08-27 18:00:00,324.78986
2013-08-27 21:00:00,325.38727
2013-08-28 00:00:00,325.87146
2013-08-28 03:00:00,326.22046
2013-08-28 06:00:00,326.60522
2013-08-28 09:00:00,327.11377
2013-08-28 12:00:00,327.153
2013-08-28 15:00:00,327.02
2013-08-28 18:00:00,327.2588
2013-08-28 21:00:00,327.8056
2013-08-29 00:00:00,328.0976
2013-08-29 03:00:00,327.9665
2013-08-29 06:00:00,327.6411
2013-08-29 09:00:00,327.33154
2013-08-29 12:00:00,327.04675
2013-08-29 15:00:00,326.927
2013-08-29 18:00:00,327.26257
2013-08-29 21:00:00,327.44873
2013-08-30 00:00:00,327.51147
2013-08-30 03:00:00,327.4347
2013-08-30 06:00:00,327.26056
2013-08-30 09:00:00,326.99915
2013-08-30 12:00:00,326.54755
2013-08-30 15:00:00,325.88702
2013-08-30 18:00:00,325.47894
2013-08-30 21:00:00,325.4875
2013-08-31 00:00:00,325.4308
2013-08-31 03:00:00,325.00378
2013-08-31 06:00:00,324.88336
2013-08-31 09:00:00,324.1742
2013-08-31 12:00:00,323.44873
2013-08-31 15:00:00,322.26587
2013-08-31 18:00:00,322.8844
2013-08-31 21:00:00,323.7129
2013-09-01 00:00:00,324.2127
2013-09-01 03:00:00,324.28857
2013-09-01 06:00:00,324.1101
2013-09-01 09:00:00,323.74182
2013-09-01 12:00:00,323.51465
2013-09-01 15:00:00,323.29065
2013-09-01 18:00:00,323.71155
2013-09-01 21:00:00,325.03235
2013-09-02 00:00:00,325.98767
2013-09-02 03:00:00,326.74677
2013-09-02 06:00:00,327.42188
2013-09-02 09:00:00,327.85974
2013-09-02 12:00:00,327.95258
2013-09-02 15:00:00,327.83862
2013-09-02 18:00:00,327.61755
2013-09-02 21:00:00,327.59448
2013-09-03 00:00:00,327.68054
2013-09-03 03:00:00,327.71484
2013-09-03 06:00:00,327.6878
2013-09-03 09:00:00,327.63293
2013-09-03 12:00:00,327.5276
2013-09-03 15:00:00,325.93408
2013-09-03 18:00:00,325.32153
2013-09-03 21:00:00,325.07117
2013-09-04 00:00:00,324.2527
2013-09-04 03:00:00,323.01758
2013-09-04 06:00:00,321.2605
2013-09-04 09:00:00,318.9082
2013-09-04 12:00:00,316.42236
2013-09-04 15:00:00,312.49292
2013-09-04 18:00:00,311.3694
2013-09-04 21:00:00,312.5166
2013-09-05 00:00:00,312.14868
2013-09-05 03:00:00,312.28143
2013-09-05 06:00:00,312.71606
2013-09-05 09:00:00,313.5653
2013-09-05 12:00:00,314.07953
2013-09-05 15:00:00,314.3141
2013-09-05 18:00:00,314.6858
2013-09-05 21:00:00,316.79968
2013-09-06 00:00:00,316.76215
2013-09-06 03:00:00,316.16174
2013-09-06 06:00:00,316.98364
2013-09-06 09:00:00,315.67615
2013-09-06 12:00:00,314.46332
2013-09-06 15:00:00,314.67426
2013-09-06 18:00:00,315.7386
2013-09-06 21:00:00,318.07822
2013-09-07 00:00:00,320.2342
2013-09-07 03:00:00,322.56805
2013-09-07 06:00:00,323.91614
2013-09-07 09:00:00,325.90668
2013-09-07 12:00:00,326.19366
2013-09-07 15:00:00,326.11945
2013-09-07 18:00:00,327.0122
2013-09-07 21:00:00,329.00052
2013-09-08 00:00:00,328.83237
2013-09-08 03:00:00,330.1024
2013-09-08 06:00:00,330.6388
2013-09-08 09:00:00,331.0205
2013-09-08 12:00:00,330.547
2013-09-08 15:00:00,329.40112
2013-09-08 18:00:00,331.0371
2013-09-08 21:00:00,334.44696
2013-09-09 00:00:00,336.72012
2013-09-09 03:00:00,337.74402
2013-09-09 06:00:00,338.91223
2013-09-09 09:00:00,338.62738
2013-09-09 12:00:00,334.50995
2013-09-09 15:00:00,331.3285
2013-09-09 18:00:00,331.1438
2013-09-09 21:00:00,332.70795
2013-09-10 00:00:00,334.92212
2013-09-10 03:00:00,335.47644
2013-09-10 06:00:00,334.6491
2013-09-10 09:00:00,333.73676
2013-09-10 12:00:00,330.4621
2013-09-10 15:00:00,327.5359
2013-09-10 18:00:00,326.99854
2013-09-10 21:00:00,327.2082
2013-09-11 00:00:00,326.97003
2013-09-11 03:00:00,325.77643
2013-09-11 06:00:00,325.2837
2013-09-11 09:00:00,325.5708
2013-09-11 12:00:00,326.75436
2013-09-11 15:00:00,327.77634
2013-09-11 18:00:00,329.2098
2013-09-11 21:00:00,330.4227
2013-09-12 00:00:00,331.291
2013-09-12 03:00:00,331.9442
2013-09-12 06:00:00,332.50793
2013-09-12 09:00:00,333.25513
2013-09-12 12:00:00,334.1928
2013-09-12 15:00:00,335.40247
2013-09-12 18:00:00,335.7849
2013-09-12 21:00:00,335.6726
2013-09-13 00:00:00,334.88684
2013-09-13 03:00:00,333.79858
2013-09-13 06:00:00,332.5681
2013-09-13 09:00:00,331.3131
2013-09-13 12:00:00,330.57703
2013-09-13 15:00:00,330.0244
2013-09-13 18:00:00,330.03577
2013-09-13 21:00:00,328.63196
2013-09-14 00:00:00,326.90295
2013-09-14 03:00:00,325.09436
2013-09-14 06:00:00,323.58228
2013-09-14 09:00:00,322.5866
2013-09-14 12:00:00,321.46472
2013-09-14 15:00:00,318.8365
2013-09-14 18:00:00,321.64874
2013-09-14 21:00:00,323.82782
2013-09-15 00:00:00,325.7531
2013-09-15 03:00:00,326.93356
2013-09-15 06:00:00,326.97125
2013-09-15 09:00:00,326.70508
2013-09-15 12:00:00,326.1397
2013-09-15 15:00:00,324.78357
2013-09-15 18:00:00,324.5437
2013-09-15 21:00:00,324.9464
2013-09-16 00:00:00,324.8194
2013-09-16 03:00:00,324.00726
2013-09-16 06:00:00,323.37006
2013-09-16 09:00:00,323.25946
2013-09-16 12:00:00,323.21063
2013-09-16 15:00:00,323.20172
2013-09-16 18:00:00,323.69812
2013-09-16 21:00:00,325.5036
2013-09-17 00:00:00,327.0628
2013-09-17 03:00:00,328.10797
2013-09-17 06:00:00,329.0825
2013-09-17 09:00:00,329.2086
2013-09-17 12:00:00,329.66153
2013-09-17 15:00:00,329.9533
2013-09-17 18:00:00,330.29065
2013-09-17 21:00:00,330.71912
2013-09-18 00:00:00,330.86206
2013-09-18 03:00:00,331.10858
2013-09-18 06:00:00,331.48483
2013-09-18 09:00:00,331.33057
2013-09-18 12:00:00,331.0079
2013-09-18 15:00:00,330.85785
2013-09-18 18:00:00,330.80652
2013-09-18 21:00:00,331.61246
2013-09-19 00:00:00,331.9773
2013-09-19 03:00:00,332.67206
2013-09-19 06:00:00,331.8651
2013-09-19 09:00:00,331.2365
2013-09-19 12:00:00,330.73132
2013-09-19 15:00:00,330.29462
2013-09-19 18:00:00,329.81433
2013-09-19 21:00:00,329.25482
2013-09-20 00:00:00,328.52057
2013-09-20 03:00:00,327.94238
2013-09-20 06:00:00,327.64923
2013-09-20 09:00:00,327.48535
2013-09-20 12:00:00,327.3164
2013-09-20 15:00:00,326.9704
2013-09-20 18:00:00,326.7558
2013-09-20 21:00:00,326.72235
2013-09-21 00:00:00,326.79083
2013-09-21 03:00:00,326.80475
2013-09-21 06:00:00,326.78174
2013-09-21 09:00:00,326.563
2013-09-21 12:00:00,326.47632
2013-09-21 15:00:00,326.37164
2013-09-21 18:00:00,326.4784
2013-09-21 21:00:00,326.2246
2013-09-22 00:00:00,325.9845
2013-09-22 03:00:00,325.03674
2013-09-22 06:00:00,324.5963
2013-09-22 09:00:00,326.1515
2013-09-22 12:00:00,324.0647
2013-09-22 15:00:00,322.6184
2013-09-22 18:00:00,321.60114
2013-09-22 21:00:00,320.906
2013-09-23 00:00:00,320.51935
2013-09-23 03:00:00,320.49164
2013-09-23 06:00:00,320.25934
2013-09-23 09:00:00,320.1449
2013-09-23 12:00:00,319.45154
2013-09-23 15:00:00,317.25598
2013-09-23 18:00:00,311.82513
2013-09-23 21:00:00,307.76715
2013-09-24 00:00:00,303.48743
2013-09-24 03:00:00,297.6421
2013-09-24 06:00:00,292.3131
2013-09-24 09:00:00,289.3379
2013-09-24 12:00:00,288.51416
2013-09-24 15:00:00,288.50232
2013-09-24 18:00:00,289.68164
2013-09-24 21:00:00,291.24377
2013-09-25 00:00:00,292.41663
2013-09-25 03:00:00,293.1339
2013-09-25 06:00:00,293.11224
2013-09-25 09:00:00,292.40466
2013-09-25 12:00:00,291.79156
2013-09-25 15:00:00,292.8825
2013-09-25 18:00:00,293.93866
2013-09-25 21:00:00,294.24426
2013-09-26 00:00:00,293.9035
2013-09-26 03:00:00,292.61804
2013-09-26 06:00:00,289.29187
2013-09-26 09:00:00,282.53357
2013-09-26 12:00:00,278.19556
2013-09-26 15:00:00,267.3474
2013-09-26 18:00:00,254.46506
2013-09-26 21:00:00,253.47037
2013-09-27 00:00:00,247.65755
2013-09-27 03:00:00,238.53142
2013-09-27 06:00:00,236.11726
2013-09-27 09:00:00,232.19662
2013-09-27 12:00:00,233.95288
2013-09-27 15:00:00,241.41678
2013-09-27 18:00:00,245.64964
2013-09-27 21:00:00,247.99411
2013-09-28 00:00:00,247.89369
2013-09-28 03:00:00,250.09439
2013-09-28 06:00:00,254.05818
2013-09-28 09:00:00,259.24844
2013-09-28 12:00:00,262.86316
2013-09-28 15:00:00,264.82104
2013-09-28 18:00:00,266.77722
2013-09-28 21:00:00,268.62415
2013-09-29 00:00:00,269.68945
2013-09-29 03:00:00,270.5121
2013-09-29 06:00:00,271.11865
2013-09-29 09:00:00,271.713
2013-09-29 12:00:00,270.792
2013-09-29 15:00:00,268.3546
2013-09-29 18:00:00,261.79053
2013-09-29 21:00:00,257.53946
2013-09-30 00:00:00,255.30878
2013-09-30 03:00:00,256.42633
2013-09-30 06:00:00,255.18918
2013-09-30 09:00:00,254.69872
2013-09-30 12:00:00,256.94202
2013-09-30 15:00:00,258.43295
2013-09-30 18:00:00,260.08038
2013-09-30 21:00:00,261.0788
2013-10-01 00:00:00,261.48834
2013-10-01 03:00:00,260.70618
2013-10-01 06:00:00,263.44824
2013-10-01 09:00:00,265.44373
2013-10-01 12:00:00,265.9463
2013-10-01 15:00:00,269.9214
2013-10-01 18:00:00,276.32056
2013-10-01 21:00:00,281.68958
2013-10-02 00:00:00,286.2271
2013-10-02 03:00:00,289.15112
2013-10-02 06:00:00,290.53894
2013-10-02 09:00:00,290.68768
2013-10-02 12:00:00,287.60278
2013-10-02 15:00:00,282.7506
2013-10-02 18:00:00,284.67432
2013-10-02 21:00:00,283.9026
2013-10-03 00:00:00,280.23767
2013-10-03 03:00:00,278.28162
2013-10-03 06:00:00,278.5713
2013-10-03 09:00:00,279.2157
2013-10-03 12:00:00,279.95642
2013-10-03 15:00:00,280.83875
2013-10-03 18:00:00,281.9298
2013-10-03 21:00:00,283.05664
2013-10-04 00:00:00,284.0829
2013-10-04 03:00:00,285.1255
2013-10-04 06:00:00,286.1548
2013-10-04 09:00:00,287.09644
2013-10-04 12:00:00,287.90405
2013-10-04 15:00:00,288.63757
2013-10-04 18:00:00,289.42053
2013-10-04 21:00:00,290.28296
2013-10-05 00:00:00,291.32068
2013-10-05 03:00:00,292.6886
2013-10-05 06:00:00,293.91418
2013-10-05 09:00:00,294.89905
2013-10-05 12:00:00,296.11853
2013-10-05 15:00:00,300.1272
2013-10-05 18:00:00,307.6228
2013-10-05 21:00:00,313.70325
2013-10-06 00:00:00,318.51257
2013-10-06 03:00:00,321.33832
2013-10-06 06:00:00,321.74036
2013-10-06 09:00:00,322.13525
2013-10-06 12:00:00,322.94336
2013-10-06 15:00:00,321.89868
2013-10-06 18:00:00,321.8999
2013-10-06 21:00:00,321.76605
2013-10-07 00:00:00,321.94833
2013-10-07 03:00:00,321.4346
2013-10-07 06:00:00,320.22723
2013-10-07 09:00:00,316.9204
2013-10-07 12:00:00,312.64984
2013-10-07 15:00:00,309.14948
2013-10-07 18:00:00,307.3607
2013-10-07 21:00:00,307.99835
2013-10-08 00:00:00,308.80768
2013-10-08 03:00:00,308.55347
2013-10-08 06:00:00,306.59583
2013-10-08 09:00:00,305.98932
2013-10-08 12:00:00,304.18134
2013-10-08 15:00:00,302.8504
2013-10-08 18:00:00,302.29718
2013-10-08 21:00:00,303.60464
2013-10-09 00:00:00,305.46362
2013-10-09 03:00:00,305.89636
2013-10-09 06:00:00,304.5121
2013-10-09 09:00:00,303.46973
2013-10-09 12:00:00,303.0083
2013-10-09 15:00:00,303.01007
2013-10-09 18:00:00,303.6269
2013-10-09 21:00:00,305.0837
2013-10-10 00:00:00,307.03357
2013-10-10 03:00:00,307.79272
2013-10-10 06:00:00,308.09485
2013-10-10 09:00:00,308.25818
2013-10-10 12:00:00,308.27734
2013-10-10 15:00:00,306.98486
2013-10-10 18:00:00,306.6803
2013-10-10 21:00:00,307.07764
2013-10-11 00:00:00,306.3839
2013-10-11 03:00:00,305.37756
2013-10-11 06:00:00,304.1864
2013-10-11 09:00:00,305.43933
2013-10-11 12:00:00,304.16406
2013-10-11 15:00:00,303.58887
2013-10-11 18:00:00,306.85352
2013-10-11 21:00:00,309.3379
2013-10-12 00:00:00,310.30493
2013-10-12 03:00:00,310.91418
2013-10-12 06:00:00,311.89868
2013-10-12 09:00:00,312.4629
2013-10-12 12:00:00,311.8783
2013-10-12 15:00:00,310.39563
2013-10-12 18:00:00,309.6582
2013-10-12 21:00:00,308.58728
2013-10-13 00:00:00,306.3379
2013-10-13 03:00:00,303.87
2013-10-13 06:00:00,300.46326
2013-10-13 09:00:00,297.52515
2013-10-13 12:00:00,295.26648
2013-10-13 15:00:00,293.54065
2013-10-13 18:00:00,293.28918
2013-10-13 21:00:00,292.67017
2013-10-14 00:00:00,292.25183
2013-10-14 03:00:00,291.94257
2013-10-14 06:00:00,291.90863
2013-10-14 09:00:00,292.0475
2013-10-14 12:00:00,292.24274
2013-10-14 15:00:00,292.3324
2013-10-14 18:00:00,292.7436
2013-10-14 21:00:00,293.2229
2013-10-15 00:00:00,293.7492
2013-10-15 03:00:00,294.13513
2013-10-15 06:00:00,294.22864
2013-10-15 09:00:00,293.85168
2013-10-15 12:00:00,293.1624
2013-10-15 15:00:00,292.50122
2013-10-15 18:00:00,292.32556
2013-10-15 21:00:00,292.21118
2013-10-16 00:00:00,292.1053
2013-10-16 03:00:00,292.00043
2013-10-16 06:00:00,291.9325
2013-10-16 09:00:00,292.4317
2013-10-16 12:00:00,292.6355
2013-10-16 15:00:00,293.17365
2013-10-16 18:00:00,294.07153
2013-10-16 21:00:00,294.67517
2013-10-17 00:00:00,294.54785
2013-10-17 03:00:00,294.14905
2013-10-17 06:00:00,293.8081
2013-10-17 09:00:00,294.43884
2013-10-17 12:00:00,295.1364
2013-10-17 15:00:00,296.15668
2013-10-17 18:00:00,297.04047
2013-10-17 21:00:00,297.48553
2013-10-18 00:00:00,297.47736
2013-10-18 03:00:00,296.9079
2013-10-18 06:00:00,295.9303
2013-10-18 09:00:00,293.88342
2013-10-18 12:00:00,289.56702
2013-10-18 15:00:00,283.05786
2013-10-18 18:00:00,276.97827
2013-10-18 21:00:00,264.18964
2013-10-19 00:00:00,265.91553
2013-10-19 03:00:00,271.09778
2013-10-19 06:00:00,274.5476
2013-10-19 09:00:00,276.39282
2013-10-19 12:00:00,278.12524
2013-10-19 15:00:00,280.2871
2013-10-19 18:00:00,282.55743
2013-10-19 21:00:00,284.4992
2013-10-20 00:00:00,286.04407
2013-10-20 03:00:00,287.6031
2013-10-20 06:00:00,289.56415
2013-10-20 09:00:00,291.80475
2013-10-20 12:00:00,294.00812
2013-10-20 15:00:00,295.8783
2013-10-20 18:00:00,297.28772
2013-10-20 21:00:00,298.09143
2013-10-21 00:00:00,297.84314
2013-10-21 03:00:00,295.9536
2013-10-21 06:00:00,292.95874
2013-10-21 09:00:00,287.4331
2013-10-21 12:00:00,280.2339
2013-10-21 15:00:00,267.99683
2013-10-21 18:00:00,259.9733
2013-10-21 21:00:00,252.10953
2013-10-22 00:00:00,249.20532
2013-10-22 03:00:00,244.26038
2013-10-22 06:00:00,247.08298
2013-10-22 09:00:00,256.19055
2013-10-22 12:00:00,261.4078
2013-10-22 15:00:00,266.21344
2013-10-22 18:00:00,273.0906
2013-10-22 21:00:00,279.55435
2013-10-23 00:00:00,283.8847
2013-10-23 03:00:00,286.54095
2013-10-23 06:00:00,287.6706
2013-10-23 09:00:00,288.1018
2013-10-23 12:00:00,288.06262
2013-10-23 15:00:00,286.63928
2013-10-23 18:00:00,284.92285
2013-10-23 21:00:00,283.63684
2013-10-24 00:00:00,281.96973
2013-10-24 03:00:00,278.85205
2013-10-24 06:00:00,267.64868
2013-10-24 09:00:00,253.66702
2013-10-24 12:00:00,254.91718
2013-10-24 15:00:00,255.10176
2013-10-24 18:00:00,254.69167
2013-10-24 21:00:00,256.36
2013-10-25 00:00:00,255.90271
2013-10-25 03:00:00,257.8617
2013-10-25 06:00:00,266.84866
2013-10-25 09:00:00,275.23517
2013-10-25 12:00:00,280.1338
2013-10-25 15:00:00,282.42407
2013-10-25 18:00:00,283.08124
2013-10-25 21:00:00,282.9558
2013-10-26 00:00:00,283.51263
2013-10-26 03:00:00,284.0138
2013-10-26 06:00:00,284.79694
2013-10-26 09:00:00,286.0241
2013-10-26 12:00:00,287.6798
2013-10-26 15:00:00,289.71655
2013-10-26 18:00:00,291.838
2013-10-26 21:00:00,294.04364
2013-10-27 00:00:00,296.2113
2013-10-27 03:00:00,298.3233
2013-10-27 06:00:00,300.30634
2013-10-27 09:00:00,303.02478
2013-10-27 12:00:00,304.71106
2013-10-27 15:00:00,306.7436
2013-10-27 18:00:00,310.83832
2013-10-27 21:00:00,314.89078
2013-10-28 00:00:00,316.7782
2013-10-28 03:00:00,317.60056
2013-10-28 06:00:00,317.72003
2013-10-28 09:00:00,317.42035
2013-10-28 12:00:00,316.98468
2013-10-28 15:00:00,316.32074
2013-10-28 18:00:00,316.03998
2013-10-28 21:00:00,318.92194
2013-10-29 00:00:00,322.45715
2013-10-29 03:00:00,323.03503
2013-10-29 06:00:00,322.97437
2013-10-29 09:00:00,320.50977
2013-10-29 12:00:00,318.52588
2013-10-29 15:00:00,318.79742
2013-10-29 18:00:00,320.97205
2013-10-29 21:00:00,323.7921
2013-10-30 00:00:00,323.00098
2013-10-30 03:00:00,321.153
2013-10-30 06:00:00,320.93823
2013-10-30 09:00:00,321.39008
2013-10-30 12:00:00,320.7976
2013-10-30 15:00:00,321.35596
2013-10-30 18:00:00,322.88354
2013-10-30 21:00:00,324.3081
2013-10-31 00:00:00,326.9255
2013-10-31 03:00:00,328.18976
2013-10-31 06:00:00,326.9787
2013-10-31 09:00:00,325.29895
2013-10-31 12:00:00,323.1621
2013-10-31 15:00:00,321.5868
2013-10-31 18:00:00,322.26648
2013-10-31 21:00:00,322.49524
2013-11-01 00:00:00,319.95105
2013-11-01 03:00:00,318.7041
2013-11-01 06:00:00,318.05548
2013-11-01 09:00:00,318.08453
2013-11-01 12:00:00,318.6177
2013-11-01 15:00:00,318.96423
2013-11-01 18:00:00,319.2974
2013-11-01 21:00:00,319.57297
2013-11-02 00:00:00,319.75235
2013-11-02 03:00:00,319.83923
2013-11-02 06:00:00,319.6277
2013-11-02 09:00:00,319.24713
2013-11-02 12:00:00,318.7671
2013-11-02 15:00:00,318.24628
2013-11-02 18:00:00,317.72748
2013-11-02 21:00:00,317.26056
2013-11-03 00:00:00,316.54688
2013-11-03 03:00:00,315.88568
2013-11-03 06:00:00,315.73816
2013-11-03 09:00:00,316.8083
2013-11-03 12:00:00,318.82913
2013-11-03 15:00:00,320.53363
2013-11-03 18:00:00,321.5381
2013-11-03 21:00:00,322.13367
2013-11-04 00:00:00,322.23846
2013-11-04 03:00:00,321.3659
2013-11-04 06:00:00,320.16577
2013-11-04 09:00:00,318.81177
2013-11-04 12:00:00,317.07446
2013-11-04 15:00:00,316.5697
2013-11-04 18:00:00,317.73724
2013-11-04 21:00:00,318.95386
2013-11-05 00:00:00,319.27173
2013-11-05 03:00:00,318.8402
2013-11-05 06:00:00,318.08167
2013-11-05 09:00:00,317.16522
2013-11-05 12:00:00,316.0418
2013-11-05 15:00:00,314.9223
2013-11-05 18:00:00,313.971
2013-11-05 21:00:00,313.00116
2013-11-06 00:00:00,312.16516
2013-11-06 03:00:00,311.6021
2013-11-06 06:00:00,311.21307
2013-11-06 09:00:00,310.96692
2013-11-06 12:00:00,310.9724
2013-11-06 15:00:00,311.3568
2013-11-06 18:00:00,312.30988
2013-11-06 21:00:00,313.91797
2013-11-07 00:00:00,315.81717
2013-11-07 03:00:00,317.48874
2013-11-07 06:00:00,318.66306
2013-11-07 09:00:00,319.2926
2013-11-07 12:00:00,319.43878
2013-11-07 15:00:00,319.19623
2013-11-07 18:00:00,318.70526
2013-11-07 21:00:00,318.0598
2013-11-08 00:00:00,317.38574
2013-11-08 03:00:00,316.81445
2013-11-08 06:00:00,316.25867
2013-11-08 09:00:00,315.60052
2013-11-08 12:00:00,315.60956
2013-11-08 15:00:00,316.38544
2013-11-08 18:00:00,317.43494
2013-11-08 21:00:00,317.98743
2013-11-09 00:00:00,318.0395
2013-11-09 03:00:00,319.31458
2013-11-09 06:00:00,319.93005
2013-11-09 09:00:00,320.68872
2013-11-09 12:00:00,319.91632
2013-11-09 15:00:00,320.1433
2013-11-09 18:00:00,320.4339
2013-11-09 21:00:00,320.36267
2013-11-10 00:00:00,319.02557
2013-11-10 03:00:00,318.79285
2013-11-10 06:00:00,320.08282
2013-11-10 09:00:00,320.69623
2013-11-10 12:00:00,321.0904
2013-11-10 15:00:00,321.88306
2013-11-10 18:00:00,322.002
2013-11-10 21:00:00,323.46576
2013-11-11 00:00:00,326.0556
2013-11-11 03:00:00,327.05734
2013-11-11 06:00:00,326.14386
2013-11-11 09:00:00,325.32388
2013-11-11 12:00:00,324.35336
2013-11-11 15:00:00,323.94995
2013-11-11 18:00:00,323.71942
2013-11-11 21:00:00,324.94882
2013-11-12 00:00:00,325.13583
2013-11-12 03:00:00,325.23584
2013-11-12 06:00:00,325.20737
2013-11-12 09:00:00,324.7284
2013-11-12 12:00:00,326.27734
2013-11-12 15:00:00,326.86328
2013-11-12 18:00:00,327.51242
2013-11-12 21:00:00,329.64493
2013-11-13 00:00:00,331.5329
2013-11-13 03:00:00,331.78595
2013-11-13 06:00:00,330.962
2013-11-13 09:00:00,329.37857
2013-11-13 12:00:00,328.1726
2013-11-13 15:00:00,327.26123
2013-11-13 18:00:00,328.00027
2013-11-13 21:00:00,330.7755
2013-11-14 00:00:00,331.32654
2013-11-14 03:00:00,332.8999
2013-11-14 06:00:00,334.42776
2013-11-14 09:00:00,335.97235
2013-11-14 12:00:00,336.3841
2013-11-14 15:00:00,335.14874
2013-11-14 18:00:00,335.2209
2013-11-14 21:00:00,337.83612
2013-11-15 00:00:00,338.2464
2013-11-15 03:00:00,336.57318
2013-11-15 06:00:00,336.8685
2013-11-15 09:00:00,336.12656
2013-11-15 12:00:00,336.83752
2013-11-15 15:00:00,333.99493
2013-11-15 18:00:00,335.12512
2013-11-15 21:00:00,334.9696
2013-11-16 00:00:00,334.52148
2013-11-16 03:00:00,334.94727
2013-11-16 06:00:00,336.3365
2013-11-16 09:00:00,335.16528
2013-11-16 12:00:00,333.10376
2013-11-16 15:00:00,331.23578
2013-11-16 18:00:00,335.87207
2013-11-16 21:00:00,342.60773
2013-11-17 00:00:00,341.61032
2013-11-17 03:00:00,342.77124
2013-11-17 06:00:00,343.67627
2013-11-17 09:00:00,341.10715
2013-11-17 12:00:00,337.40775
2013-11-17 15:00:00,334.18054
2013-11-17 18:00:00,330.8369
2013-11-17 21:00:00,331.80972
2013-11-18 00:00:00,332.65692
2013-11-18 03:00:00,332.3836
2013-11-18 06:00:00,332.15503
2013-11-18 09:00:00,332.59692
2013-11-18 12:00:00,331.37555
2013-11-18 15:00:00,329.3764
2013-11-18 18:00:00,327.5172
2013-11-18 21:00:00,325.40082
2013-11-19 00:00:00,322.5633
2013-11-19 03:00:00,323.03766
2013-11-19 06:00:00,326.09058
2013-11-19 09:00:00,327.97137
2013-11-19 12:00:00,328.10516
2013-11-19 15:00:00,327.5965
2013-11-19 18:00:00,329.49396
2013-11-19 21:00:00,330.51987
2013-11-20 00:00:00,330.18112
2013-11-20 03:00:00,329.3486
2013-11-20 06:00:00,329.97723
2013-11-20 09:00:00,330.50293
2013-11-20 12:00:00,331.6659
2013-11-20 15:00:00,331.84842
2013-11-20 18:00:00,332.44635
2013-11-20 21:00:00,332.98526
2013-11-21 00:00:00,333.18268
2013-11-21 03:00:00,333.30093
2013-11-21 06:00:00,332.9696
2013-11-21 09:00:00,332.65234
2013-11-21 12:00:00,332.20572
2013-11-21 15:00:00,331.63055
2013-11-21 18:00:00,330.41412
2013-11-21 21:00:00,323.3684
2013-11-22 00:00:00,307.2224
2013-11-22 03:00:00,287.2744
2013-11-22 06:00:00,284.1798
2013-11-22 09:00:00,285.33618
2013-11-22 12:00:00,286.2152
2013-11-22 15:00:00,287.29883
2013-11-22 18:00:00,288.1996
2013-11-22 21:00:00,288.6222
2013-11-23 00:00:00,288.72766
2013-11-23 03:00:00,288.83545
2013-11-23 06:00:00,288.5736
2013-11-23 09:00:00,286.0028
2013-11-23 12:00:00,279.20322
2013-11-23 15:00:00,272.47083
2013-11-23 18:00:00,281.68323
2013-11-23 21:00:00,286.2119
2013-11-24 00:00:00,288.14044
2013-11-24 03:00:00,289.65796
2013-11-24 06:00:00,290.715
2013-11-24 09:00:00,296.22772
2013-11-24 12:00:00,298.35168
2013-11-24 15:00:00,296.5421
2013-11-24 18:00:00,305.57983
2013-11-24 21:00:00,315.29712
2013-11-25 00:00:00,320.65826
2013-11-25 03:00:00,323.8581
2013-11-25 06:00:00,328.29944
2013-11-25 09:00:00,332.29065
2013-11-25 12:00:00,325.2196
2013-11-25 15:00:00,317.81403
2013-11-25 18:00:00,315.47748
2013-11-25 21:00:00,316.0548
2013-11-26 00:00:00,318.9845
2013-11-26 03:00:00,318.54492
2013-11-26 06:00:00,319.47922
2013-11-26 09:00:00,321.03326
2013-11-26 12:00:00,316.5256
2013-11-26 15:00:00,312.05292
2013-11-26 18:00:00,311.51465
2013-11-26 21:00:00,318.48145
2013-11-27 00:00:00,329.4309
2013-11-27 03:00:00,329.95117
2013-11-27 06:00:00,333.08643
2013-11-27 09:00:00,341.2883
2013-11-27 12:00:00,352.35284
2013-11-27 15:00:00,345.7583
2013-11-27 18:00:00,340.25146
2013-11-27 21:00:00,10.634183
2013-11-28 00:00:00,24.090668
2013-11-28 03:00:00,11.250547
2013-11-28 06:00:00,355.29144
2013-11-28 09:00:00,350.24585
2013-11-28 12:00:00,332.58804
2013-11-28 15:00:00,313.36133
2013-11-28 18:00:00,304.9651
2013-11-28 21:00:00,315.5681
2013-11-29 00:00:00,44.357086
2013-11-29 03:00:00,62.79309
2013-11-29 06:00:00,62.033417
2013-11-29 09:00:00,64.653534
2013-11-29 12:00:00,63.190857
2013-11-29 15:00:00,33.602203
2013-11-29 18:00:00,331.0061
2013-11-29 21:00:00,333.64606
2013-11-30 00:00:00,333.27124
2013-11-30 03:00:00,327.3042
2013-11-30 06:00:00,317.3518
2013-11-30 09:00:00,311.63452
2013-11-30 12:00:00,308.9768
2013-11-30 15:00:00,311.11816
2013-11-30 18:00:00,324.297
2013-11-30 21:00:00,331.11163
2013-12-01 00:00:00,335.14908
2013-12-01 03:00:00,335.51782
2013-12-01 06:00:00,353.32874
2013-12-01 09:00:00,21.104431
2013-12-01 12:00:00,37.27379
2013-12-01 15:00:00,23.675827
2013-12-01 18:00:00,14.767794
2013-12-01 21:00:00,17.049164
2013-12-02 00:00:00,21.958893
2013-12-02 03:00:00,15.946371
2013-12-02 06:00:00,12.369449
2013-12-02 09:00:00,18.296707
2013-12-02 12:00:00,12.984944
2013-12-02 15:00:00,351.50168
2013-12-02 18:00:00,337.49194
2013-12-02 21:00:00,332.96906
2013-12-03 00:00:00,339.59802
2013-12-03 03:00:00,344.66626
2013-12-03 06:00:00,344.90845
2013-12-03 09:00:00,348.12134
2013-12-03 12:00:00,338.61572
2013-12-03 15:00:00,315.52368
2013-12-03 18:00:00,306.17667
2013-12-03 21:00:00,303.94604
2013-12-04 00:00:00,305.03198
2013-12-04 03:00:00,311.9214
2013-12-04 06:00:00,322.1128
2013-12-04 09:00:00,344.39233
2013-12-04 12:00:00,338.91675
2013-12-04 15:00:00,308.8374
2013-12-04 18:00:00,300.3626
2013-12-04 21:00:00,299.79138
2013-12-05 00:00:00,302.97522
2013-12-05 03:00:00,307.4546
2013-12-05 06:00:00,310.24518
2013-12-05 09:00:00,315.33008
2013-12-05 12:00:00,314.0238
2013-12-05 15:00:00,312.76172
2013-12-05 18:00:00,314.70667
2013-12-05 21:00:00,318.35693
2013-12-06 00:00:00,323.2063
2013-12-06 03:00:00,326.29016
2013-12-06 06:00:00,327.92792
2013-12-06 09:00:00,329.2372
2013-12-06 12:00:00,330.32867
2013-12-06 15:00:00,328.0745
2013-12-06 18:00:00,326.4621
2013-12-06 21:00:00,325.4136
2013-12-07 00:00:00,324.52493
2013-12-07 03:00:00,323.73474
2013-12-07 06:00:00,322.84436
2013-12-07 09:00:00,321.7621
2013-12-07 12:00:00,320.21143
2013-12-07 15:00:00,318.22083
2013-12-07 18:00:00,315.8462
2013-12-07 21:00:00,313.16602
2013-12-08 00:00:00,309.9768
2013-12-08 03:00:00,306.23633
2013-12-08 06:00:00,301.6565
2013-12-08 09:00:00,297.13306
2013-12-08 12:00:00,293.03906
2013-12-08 15:00:00,290.04956
2013-12-08 18:00:00,288.8418
2013-12-08 21:00:00,288.57935
2013-12-09 00:00:00,288.25146
2013-12-09 03:00:00,288.19336
2013-12-09 06:00:00,288.08765
2013-12-09 09:00:00,287.69678
2013-12-09 12:00:00,285.69165
2013-12-09 15:00:00,284.37927
2013-12-09 18:00:00,284.0166
2013-12-09 21:00:00,284.22144
2013-12-10 00:00:00,287.3318
2013-12-10 03:00:00,276.01147
2013-12-10 06:00:00,122.43617
2013-12-10 09:00:00,130.22795
2013-12-10 12:00:00,136.60771
2013-12-10 15:00:00,138.05498
2013-12-10 18:00:00,141.03857
2013-12-10 21:00:00,140.69455
2013-12-11 00:00:00,140.08733
2013-12-11 03:00:00,142.27861
2013-12-11 06:00:00,144.1817
2013-12-11 09:00:00,152.41788
2013-12-11 12:00:00,164.69975
2013-12-11 15:00:00,180.0335
2013-12-11 18:00:00,209.86089
2013-12-11 21:00:00,216.62479
2013-12-12 00:00:00,215.69986
2013-12-12 03:00:00,217.555
2013-12-12 06:00:00,219.23712
2013-12-12 09:00:00,224.81398
2013-12-12 12:00:00,234.35945
2013-12-12 15:00:00,245.79483
2013-12-12 18:00:00,255.9516
2013-12-12 21:00:00,263.77502
2013-12-13 00:00:00,269.97656
2013-12-13 03:00:00,275.28442
2013-12-13 06:00:00,279.77515
2013-12-13 09:00:00,283.18335
2013-12-13 12:00:00,285.4292
2013-12-13 15:00:00,287.1245
2013-12-13 18:00:00,288.45532
2013-12-13 21:00:00,290.48657
2013-12-14 00:00:00,292.15173
2013-12-14 03:00:00,295.22662
2013-12-14 06:00:00,300.38794
2013-12-14 09:00:00,303.32236
2013-12-14 12:00:00,304.07135
2013-12-14 15:00:00,303.96948
2013-12-14 18:00:00,303.53375
2013-12-14 21:00:00,303.01935
2013-12-15 00:00:00,302.5536
2013-12-15 03:00:00,302.2718
2013-12-15 06:00:00,302.1725
2013-12-15 09:00:00,302.19824
2013-12-15 12:00:00,302.01923
2013-12-15 15:00:00,301.8598
2013-12-15 18:00:00,301.86884
2013-12-15 21:00:00,301.8988
2013-12-16 00:00:00,301.8637
2013-12-16 03:00:00,301.71967
2013-12-16 06:00:00,301.55902
2013-12-16 09:00:00,301.5338
2013-12-16 12:00:00,301.60956
2013-12-16 15:00:00,302.01947
2013-12-16 18:00:00,302.6922
2013-12-16 21:00:00,303.47034
2013-12-17 00:00:00,304.08954
2013-12-17 03:00:00,304.44104
2013-12-17 06:00:00,304.62866
2013-12-17 09:00:00,304.6985
2013-12-17 12:00:00,304.63086
2013-12-17 15:00:00,304.54083
2013-12-17 18:00:00,304.63513
2013-12-17 21:00:00,305.1424
2013-12-18 00:00:00,305.6504
2013-12-18 03:00:00,306.07318
2013-12-18 06:00:00,306.44165
2013-12-18 09:00:00,306.5719
2013-12-18 12:00:00,306.38794
2013-12-18 15:00:00,305.72015
2013-12-18 18:00:00,304.60248
2013-12-18 21:00:00,304.06628
2013-12-19 00:00:00,303.052
2013-12-19 03:00:00,301.16602
2013-12-19 06:00:00,298.63354
2013-12-19 09:00:00,297.3891
2013-12-19 12:00:00,301.0877
2013-12-19 15:00:00,306.9782
2013-12-19 18:00:00,311.1255
2013-12-19 21:00:00,314.03375
2013-12-20 00:00:00,316.32214
2013-12-20 03:00:00,316.17664
2013-12-20 06:00:00,315.53967
2013-12-20 09:00:00,313.71118
2013-12-20 12:00:00,312.6753
2013-12-20 15:00:00,312.92365
2013-12-20 18:00:00,314.49365
2013-12-20 21:00:00,314.97925
2013-12-21 00:00:00,315.19666
2013-12-21 03:00:00,315.67487
2013-12-21 06:00:00,315.8374
2013-12-21 09:00:00,315.89984
2013-12-21 12:00:00,315.78986
2013-12-21 15:00:00,315.60382
2013-12-21 18:00:00,315.0044
2013-12-21 21:00:00,313.6407
2013-12-22 00:00:00,312.2522
2013-12-22 03:00:00,311.14178
2013-12-22 06:00:00,310.19006
2013-12-22 09:00:00,309.2928
2013-12-22 12:00:00,308.45386
2013-12-22 15:00:00,307.71124
2013-12-22 18:00:00,307.09424
2013-12-22 21:00:00,306.61734
2013-12-23 00:00:00,306.35156
2013-12-23 03:00:00,306.3
2013-12-23 06:00:00,306.3841
2013-12-23 09:00:00,306.47668
2013-12-23 12:00:00,306.40094
2013-12-23 15:00:00,306.0758
2013-12-23 18:00:00,305.23682
2013-12-23 21:00:00,303.94177
2013-12-24 00:00:00,299.68115
2013-12-24 03:00:00,292.28198
2013-12-24 06:00:00,284.3855
2013-12-24 09:00:00,280.44604
2013-12-24 12:00:00,277.10986
2013-12-24 15:00:00,271.25952
2013-12-24 18:00:00,273.00745
2013-12-24 21:00:00,274.69873
2013-12-25 00:00:00,280.06274
2013-12-25 03:00:00,285.93097
2013-12-25 06:00:00,288.3062
2013-12-25 09:00:00,290.3482
2013-12-25 12:00:00,294.50854
2013-12-25 15:00:00,298.9701
2013-12-25 18:00:00,301.9859
2013-12-25 21:00:00,304.44672
2013-12-26 00:00:00,306.14465
2013-12-26 03:00:00,307.3482
2013-12-26 06:00:00,308.25098
2013-12-26 09:00:00,308.67273
2013-12-26 12:00:00,308.95898
2013-12-26 15:00:00,309.3567
2013-12-26 18:00:00,309.80603
2013-12-26 21:00:00,310.1977
2013-12-27 00:00:00,310.35187
2013-12-27 03:00:00,309.91846
2013-12-27 06:00:00,308.02454
2013-12-27 09:00:00,305.96118
2013-12-27 12:00:00,301.76782
2013-12-27 15:00:00,296.95337
2013-12-27 18:00:00,295.33716
2013-12-27 21:00:00,295.17102
2013-12-28 00:00:00,298.46307
2013-12-28 03:00:00,303.87787
2013-12-28 06:00:00,306.52637
2013-12-28 09:00:00,307.08826
2013-12-28 12:00:00,306.59412
2013-12-28 15:00:00,305.59424
2013-12-28 18:00:00,305.0553
2013-12-28 21:00:00,304.73083
2013-12-29 00:00:00,304.4391
2013-12-29 03:00:00,305.13483
2013-12-29 06:00:00,305.74414
2013-12-29 09:00:00,307.0777
2013-12-29 12:00:00,308.49542
2013-12-29 15:00:00,309.55707
2013-12-29 18:00:00,310.33698
2013-12-29 21:00:00,310.8222
2013-12-30 00:00:00,310.971
2013-12-30 03:00:00,310.95374
2013-12-30 06:00:00,310.68933
2013-12-30 09:00:00,309.96985
2013-12-30 12:00:00,308.15002
2013-12-30 15:00:00,305.00098
2013-12-30 18:00:00,301.03223
2013-12-30 21:00:00,297.06665
2013-12-31 00:00:00,293.3058
2013-12-31 03:00:00,290.79285
2013-12-31 06:00:00,289.1101
2013-12-31 09:00:00,287.2307
2013-12-31 12:00:00,286.3911
2013-12-31 15:00:00,286.20398
2013-12-31 18:00:00,288.72778
2013-12-31 21:00:00,296.1089
2014-01-01 00:00:00,300.80682
2014-01-01 03:00:00,303.24982
2014-01-01 06:00:00,304.51672
2014-01-01 09:00:00,305.2569
2014-01-01 12:00:00,305.3849
2014-01-01 15:00:00,304.56384
2014-01-01 18:00:00,303.1056
2014-01-01 21:00:00,301.73938
2014-01-02 00:00:00,300.9464
2014-01-02 03:00:00,300.89648
2014-01-02 06:00:00,299.3109
2014-01-02 09:00:00,297.9934
2014-01-02 12:00:00,297.73047
2014-01-02 15:00:00,297.9474
2014-01-02 18:00:00,298.2616
2014-01-02 21:00:00,299.46167
2014-01-03 00:00:00,299.4402
2014-01-03 03:00:00,298.2423
2014-01-03 06:00:00,296.9724
2014-01-03 09:00:00,295.69788
2014-01-03 12:00:00,293.7351
2014-01-03 15:00:00,295.24368
2014-01-03 18:00:00,299.55838
2014-01-03 21:00:00,302.8153
2014-01-04 00:00:00,304.19153
2014-01-04 03:00:00,302.8883
2014-01-04 06:00:00,301.458
2014-01-04 09:00:00,296.26782
2014-01-04 12:00:00,293.71313
2014-01-04 15:00:00,299.29773
2014-01-04 18:00:00,301.8994
2014-01-04 21:00:00,302.09766
2014-01-05 00:00:00,301.7547
2014-01-05 03:00:00,301.37933
2014-01-05 06:00:00,301.08887
2014-01-05 09:00:00,300.9651
2014-01-05 12:00:00,301.0006
2014-01-05 15:00:00,301.2434
2014-01-05 18:00:00,301.50024
2014-01-05 21:00:00,301.71045
2014-01-06 00:00:00,301.15503
2014-01-06 03:00:00,298.7456
2014-01-06 06:00:00,296.3275
2014-01-06 09:00:00,295.82483
2014-01-06 12:00:00,296.688
2014-01-06 15:00:00,298.76093
2014-01-06 18:00:00,299.4616
2014-01-06 21:00:00,299.32208
2014-01-07 00:00:00,298.67438
2014-01-07 03:00:00,298.028
2014-01-07 06:00:00,297.0008
2014-01-07 09:00:00,295.93182
2014-01-07 12:00:00,295.5323
2014-01-07 15:00:00,295.60297
2014-01-07 18:00:00,295.64642
2014-01-07 21:00:00,295.2036
2014-01-08 00:00:00,293.68494
2014-01-08 03:00:00,292.03918
2014-01-08 06:00:00,291.69543
2014-01-08 09:00:00,291.50732
2014-01-08 12:00:00,292.0293
2014-01-08 15:00:00,292.0238
2014-01-08 18:00:00,292.07825
2014-01-08 21:00:00,291.80493
2014-01-09 00:00:00,290.96912
2014-01-09 03:00:00,290.63733
2014-01-09 06:00:00,290.672
2014-01-09 09:00:00,290.8474
2014-01-09 12:00:00,291.52368
2014-01-09 15:00:00,292.495
2014-01-09 18:00:00,293.4768
2014-01-09 21:00:00,294.59406
2014-01-10 00:00:00,295.97668
2014-01-10 03:00:00,297.37622
2014-01-10 06:00:00,298.75
2014-01-10 09:00:00,300.22253
2014-01-10 12:00:00,301.5171
2014-01-10 15:00:00,303.29248
2014-01-10 18:00:00,305.28442
2014-01-10 21:00:00,307.5863
2014-01-11 00:00:00,309.40063
2014-01-11 03:00:00,310.8766
2014-01-11 06:00:00,311.9574
2014-01-11 09:00:00,311.93872
2014-01-11 12:00:00,311.1582
2014-01-11 15:00:00,310.2307
2014-01-11 18:00:00,309.1645
2014-01-11 21:00:00,308.20795
2014-01-12 00:00:00,307.1447
2014-01-12 03:00:00,305.3673
2014-01-12 06:00:00,302.08325
2014-01-12 09:00:00,295.14893
2014-01-12 12:00:00,288.7859
2014-01-12 15:00:00,287.64453
2014-01-12 18:00:00,287.14917
2014-01-12 21:00:00,289.5371
2014-01-13 00:00:00,289.4806
2014-01-13 03:00:00,291.7506
2014-01-13 06:00:00,294.82837
2014-01-13 09:00:00,296.84857
2014-01-13 12:00:00,297.8056
2014-01-13 15:00:00,298.89227
2014-01-13 18:00:00,299.85303
2014-01-13 21:00:00,300.59033
2014-01-14 00:00:00,301.43054
2014-01-14 03:00:00,302.20367
2014-01-14 06:00:00,302.9923
2014-01-14 09:00:00,304.29156
2014-01-14 12:00:00,305.75092
2014-01-14 15:00:00,307.26727
2014-01-14 18:00:00,308.7046
2014-01-14 21:00:00,309.24548
2014-01-15 00:00:00,309.49347
2014-01-15 03:00:00,309.779
2014-01-15 06:00:00,309.971
2014-01-15 09:00:00,309.969
2014-01-15 12:00:00,309.45465
2014-01-15 15:00:00,306.81482
2014-01-15 18:00:00,305.213
2014-01-15 21:00:00,301.6134
2014-01-16 00:00:00,299.36206
2014-01-16 03:00:00,301.294
2014-01-16 06:00:00,303.62292
2014-01-16 09:00:00,304.18884
2014-01-16 12:00:00,304.21246
2014-01-16 15:00:00,304.35193
2014-01-16 18:00:00,304.5489
2014-01-16 21:00:00,304.42975
2014-01-17 00:00:00,303.8316
2014-01-17 03:00:00,301.90625
2014-01-17 06:00:00,298.57843
2014-01-17 09:00:00,299.5984
2014-01-17 12:00:00,301.80597
2014-01-17 15:00:00,302.2035
2014-01-17 18:00:00,302.95642
2014-01-17 21:00:00,303.04907
2014-01-18 00:00:00,303.40656
2014-01-18 03:00:00,305.55566
2014-01-18 06:00:00,307.7143
2014-01-18 09:00:00,308.94812
2014-01-18 12:00:00,308.55542
2014-01-18 15:00:00,308.2984
2014-01-18 18:00:00,307.411
2014-01-18 21:00:00,305.11523
2014-01-19 00:00:00,296.03406
2014-01-19 03:00:00,303.20844
2014-01-19 06:00:00,310.495
2014-01-19 09:00:00,313.36212
2014-01-19 12:00:00,312.85162
2014-01-19 15:00:00,312.62665
2014-01-19 18:00:00,311.9214
2014-01-19 21:00:00,311.03485
2014-01-20 00:00:00,310.82068
2014-01-20 03:00:00,310.57434
2014-01-20 06:00:00,310.7198
2014-01-20 09:00:00,311.3761
2014-01-20 12:00:00,312.18176
2014-01-20 15:00:00,312.84467
2014-01-20 18:00:00,313.37775
2014-01-20 21:00:00,313.87756
2014-01-21 00:00:00,314.24683
2014-01-21 03:00:00,314.44946
2014-01-21 06:00:00,314.073
2014-01-21 09:00:00,313.18726
2014-01-21 12:00:00,310.6383
2014-01-21 15:00:00,301.01855
2014-01-21 18:00:00,295.58923
2014-01-21 21:00:00,300.57922
2014-01-22 00:00:00,303.2987
2014-01-22 03:00:00,304.46106
2014-01-22 06:00:00,306.4922
2014-01-22 09:00:00,307.58002
2014-01-22 12:00:00,309.0395
2014-01-22 15:00:00,314.4618
2014-01-22 18:00:00,322.58594
2014-01-22 21:00:00,325.14954
2014-01-23 00:00:00,326.93896
2014-01-23 03:00:00,328.44598
2014-01-23 06:00:00,331.05585
2014-01-23 09:00:00,332.0253
2014-01-23 12:00:00,330.17126
2014-01-23 15:00:00,329.14423
2014-01-23 18:00:00,327.28162
2014-01-23 21:00:00,326.09424
2014-01-24 00:00:00,324.55054
2014-01-24 03:00:00,324.21906
2014-01-24 06:00:00,323.88208
2014-01-24 09:00:00,323.9232
2014-01-24 12:00:00,326.32037
2014-01-24 15:00:00,326.75427
2014-01-24 18:00:00,329.72656
2014-01-24 21:00:00,331.04712
2014-01-25 00:00:00,330.87085
2014-01-25 03:00:00,331.26624
2014-01-25 06:00:00,331.45532
2014-01-25 09:00:00,332.53308
2014-01-25 12:00:00,330.23694
2014-01-25 15:00:00,329.11047
2014-01-25 18:00:00,326.82043
2014-01-25 21:00:00,325.67212
2014-01-26 00:00:00,325.8286
2014-01-26 03:00:00,324.33734
2014-01-26 06:00:00,322.92322
2014-01-26 09:00:00,319.11163
2014-01-26 12:00:00,316.79834
2014-01-26 15:00:00,316.88562
2014-01-26 18:00:00,316.6408
2014-01-26 21:00:00,314.9574
2014-01-27 00:00:00,312.6955
2014-01-27 03:00:00,310.96326
2014-01-27 06:00:00,310.18036
2014-01-27 09:00:00,312.3297
2014-01-27 12:00:00,314.53314
2014-01-27 15:00:00,315.99756
2014-01-27 18:00:00,318.83942
2014-01-27 21:00:00,320.84662
2014-01-28 00:00:00,321.51587
2014-01-28 03:00:00,321.77045
2014-01-28 06:00:00,322.34503
2014-01-28 09:00:00,322.78125
2014-01-28 12:00:00,321.6969
2014-01-28 15:00:00,319.72302
2014-01-28 18:00:00,317.78943
2014-01-28 21:00:00,318.94128
2014-01-29 00:00:00,317.91602
2014-01-29 03:00:00,315.02124
2014-01-29 06:00:00,317.0788
2014-01-29 09:00:00,317.85254
2014-01-29 12:00:00,318.10297
2014-01-29 15:00:00,318.75153
2014-01-29 18:00:00,318.96948
2014-01-29 21:00:00,319.34442
2014-01-30 00:00:00,319.57507
2014-01-30 03:00:00,319.706
2014-01-30 06:00:00,320.60492
2014-01-30 09:00:00,320.72803
2014-01-30 12:00:00,319.51587
2014-01-30 15:00:00,319.36023
2014-01-30 18:00:00,319.68036
2014-01-30 21:00:00,319.37512
2014-01-31 00:00:00,317.7505
2014-01-31 03:00:00,314.70874
2014-01-31 06:00:00,310.42224
2014-01-31 09:00:00,308.82446
2014-01-31 12:00:00,308.3695
2014-01-31 15:00:00,307.54773
2014-01-31 18:00:00,306.63354
2014-01-31 21:00:00,305.7876
2014-02-01 00:00:00,304.31372
2014-02-01 03:00:00,302.8839
2014-02-01 06:00:00,300.3676
2014-02-01 09:00:00,310.56378
2014-02-01 12:00:00,316.63324
2014-02-01 15:00:00,318.83594
2014-02-01 18:00:00,320.01642
2014-02-01 21:00:00,320.12524
2014-02-02 00:00:00,319.29816
2014-02-02 03:00:00,319.1021
2014-02-02 06:00:00,319.83136
2014-02-02 09:00:00,320.82962
2014-02-02 12:00:00,321.54108
2014-02-02 15:00:00,321.8059
2014-02-02 18:00:00,321.73608
2014-02-02 21:00:00,321.2597
2014-02-03 00:00:00,318.76184
2014-02-03 03:00:00,308.87524
2014-02-03 06:00:00,299.00977
2014-02-03 09:00:00,301.18152
2014-02-03 12:00:00,302.54724
2014-02-03 15:00:00,303.8286
2014-02-03 18:00:00,304.51575
2014-02-03 21:00:00,304.66516
2014-02-04 00:00:00,304.10986
2014-02-04 03:00:00,303.0005
2014-02-04 06:00:00,302.07397
2014-02-04 09:00:00,301.53247
2014-02-04 12:00:00,298.68823
2014-02-04 15:00:00,292.36328
2014-02-04 18:00:00,284.91455
2014-02-04 21:00:00,277.55176
2014-02-05 00:00:00,274.6422
2014-02-05 03:00:00,280.02432
2014-02-05 06:00:00,289.52298
2014-02-05 09:00:00,298.1776
2014-02-05 12:00:00,304.01813
2014-02-05 15:00:00,306.6897
2014-02-05 18:00:00,307.39984
2014-02-05 21:00:00,307.14893
2014-02-06 00:00:00,305.92334
2014-02-06 03:00:00,300.83875
2014-02-06 06:00:00,294.15356
2014-02-06 09:00:00,282.49414
2014-02-06 12:00:00,268.7815
2014-02-06 15:00:00,275.10303
2014-02-06 18:00:00,282.3993
2014-02-06 21:00:00,289.0348
2014-02-07 00:00:00,292.22687
2014-02-07 03:00:00,293.6731
2014-02-07 06:00:00,294.5475
2014-02-07 09:00:00,295.2046
2014-02-07 12:00:00,294.7849
2014-02-07 15:00:00,292.16333
2014-02-07 18:00:00,288.0713
2014-02-07 21:00:00,286.276
2014-02-08 00:00:00,282.12988
2014-02-08 03:00:00,275.83618
2014-02-08 06:00:00,271.6045
2014-02-08 09:00:00,273.0173
2014-02-08 12:00:00,284.9195
2014-02-08 15:00:00,295.75305
2014-02-08 18:00:00,303.67395
2014-02-08 21:00:00,307.4021
2014-02-09 00:00:00,308.41644
2014-02-09 03:00:00,308.15723
2014-02-09 06:00:00,307.86926
2014-02-09 09:00:00,306.3059
2014-02-09 12:00:00,294.79456
2014-02-09 15:00:00,281.141
2014-02-09 18:00:00,278.42493
2014-02-09 21:00:00,285.27136
2014-02-10 00:00:00,296.36322
2014-02-10 03:00:00,302.5473
2014-02-10 06:00:00,306.63306
2014-02-10 09:00:00,308.21912
2014-02-10 12:00:00,308.5985
2014-02-10 15:00:00,308.3694
2014-02-10 18:00:00,308.1858
2014-02-10 21:00:00,308.3147
2014-02-11 00:00:00,308.6571
2014-02-11 03:00:00,307.60425
2014-02-11 06:00:00,302.61572
2014-02-11 09:00:00,295.48633
2014-02-11 12:00:00,281.43115
2014-02-11 15:00:00,280.3838
2014-02-11 18:00:00,285.27112
2014-02-11 21:00:00,290.32825
2014-02-12 00:00:00,292.44934
2014-02-12 03:00:00,293.5901
2014-02-12 06:00:00,294.29053
2014-02-12 09:00:00,294.8777
2014-02-12 12:00:00,294.75586
2014-02-12 15:00:00,294.7157
2014-02-12 18:00:00,293.8318
2014-02-12 21:00:00,294.11438
2014-02-13 00:00:00,294.11877
2014-02-13 03:00:00,293.40234
2014-02-13 06:00:00,295.14185
2014-02-13 09:00:00,296.68945
2014-02-13 12:00:00,300.90674
2014-02-13 15:00:00,303.92676
2014-02-13 18:00:00,305.46936
2014-02-13 21:00:00,305.7224
2014-02-14 00:00:00,304.87708
2014-02-14 03:00:00,302.5393
2014-02-14 06:00:00,296.708
2014-02-14 09:00:00,288.6504
2014-02-14 12:00:00,279.26758
2014-02-14 15:00:00,270.34546
2014-02-14 18:00:00,269.01636
2014-02-14 21:00:00,282.2735
2014-02-15 00:00:00,287.60266
2014-02-15 03:00:00,289.30157
2014-02-15 06:00:00,289.4532
2014-02-15 09:00:00,289.99683
2014-02-15 12:00:00,291.14197
2014-02-15 15:00:00,293.24292
2014-02-15 18:00:00,296.89172
2014-02-15 21:00:00,300.12567
2014-02-16 00:00:00,302.29883
2014-02-16 03:00:00,304.19324
2014-02-16 06:00:00,306.5569
2014-02-16 09:00:00,308.76984
2014-02-16 12:00:00,310.7193
2014-02-16 15:00:00,312.3542
2014-02-16 18:00:00,313.62628
2014-02-16 21:00:00,314.53937
2014-02-17 00:00:00,314.84576
2014-02-17 03:00:00,314.82916
2014-02-17 06:00:00,314.38922
2014-02-17 09:00:00,313.323
2014-02-17 12:00:00,311.06543
2014-02-17 15:00:00,307.65833
2014-02-17 18:00:00,306.0835
2014-02-17 21:00:00,306.10016
2014-02-18 00:00:00,307.22015
2014-02-18 03:00:00,309.59888
2014-02-18 06:00:00,309.75037
2014-02-18 09:00:00,308.503
2014-02-18 12:00:00,307.4403
2014-02-18 15:00:00,308.34497
2014-02-18 18:00:00,310.0558
2014-02-18 21:00:00,311.2207
2014-02-19 00:00:00,309.36224
2014-02-19 03:00:00,308.88593
2014-02-19 06:00:00,308.59485
2014-02-19 09:00:00,307.9395
2014-02-19 12:00:00,306.67358
2014-02-19 15:00:00,305.70673
2014-02-19 18:00:00,305.167
2014-02-19 21:00:00,304.7132
2014-02-20 00:00:00,304.1955
2014-02-20 03:00:00,303.60956
2014-02-20 06:00:00,303.0786
2014-02-20 09:00:00,302.45685
2014-02-20 12:00:00,301.4862
2014-02-20 15:00:00,299.33643
2014-02-20 18:00:00,297.2674
2014-02-20 21:00:00,303.61646
2014-02-21 00:00:00,307.09735
2014-02-21 03:00:00,307.55524
2014-02-21 06:00:00,308.7221
2014-02-21 09:00:00,308.5865
2014-02-21 12:00:00,308.1565
2014-02-21 15:00:00,307.32556
2014-02-21 18:00:00,306.71234
2014-02-21 21:00:00,305.9391
2014-02-22 00:00:00,305.06372
2014-02-22 03:00:00,305.024
2014-02-22 06:00:00,305.90076
2014-02-22 09:00:00,307.35986
2014-02-22 12:00:00,309.04694
2014-02-22 15:00:00,310.4461
2014-02-22 18:00:00,311.38397
2014-02-22 21:00:00,311.93207
2014-02-23 00:00:00,312.08124
2014-02-23 03:00:00,312.01105
2014-02-23 06:00:00,311.6964
2014-02-23 09:00:00,310.85364
2014-02-23 12:00:00,304.67786
2014-02-23 15:00:00,295.71558
2014-02-23 18:00:00,283.25122
2014-02-23 21:00:00,280.04785
2014-02-24 00:00:00,284.8064
2014-02-24 03:00:00,288.35388
2014-02-24 06:00:00,291.11432
2014-02-24 09:00:00,291.995
2014-02-24 12:00:00,292.70428
2014-02-24 15:00:00,293.65173
2014-02-24 18:00:00,294.8167
2014-02-24 21:00:00,295.43292
2014-02-25 00:00:00,295.84314
2014-02-25 03:00:00,296.17645
2014-02-25 06:00:00,296.30157
2014-02-25 09:00:00,296.98273
2014-02-25 12:00:00,298.99408
2014-02-25 15:00:00,302.34683
2014-02-25 18:00:00,306.18643
2014-02-25 21:00:00,309.0714
2014-02-26 00:00:00,310.4068
2014-02-26 03:00:00,310.85962
2014-02-26 06:00:00,310.5161
2014-02-26 09:00:00,310.01556
2014-02-26 12:00:00,309.4408
2014-02-26 15:00:00,308.86908
2014-02-26 18:00:00,308.70654
2014-02-26 21:00:00,308.97156
2014-02-27 00:00:00,309.21387
2014-02-27 03:00:00,309.40643
2014-02-27 06:00:00,309.9806
2014-02-27 09:00:00,310.5235
2014-02-27 12:00:00,310.92212
2014-02-27 15:00:00,311.13892
2014-02-27 18:00:00,311.30518
2014-02-27 21:00:00,311.27496
2014-02-28 00:00:00,310.912
2014-02-28 03:00:00,310.24268
2014-02-28 06:00:00,309.45538
2014-02-28 09:00:00,309.19153
2014-02-28 12:00:00,309.149
2014-02-28 15:00:00,309.4248
2014-02-28 18:00:00,309.7751
2014-02-28 21:00:00,310.1684
2014-03-01 00:00:00,310.54517
2014-03-01 03:00:00,310.8013
2014-03-01 06:00:00,309.28937
2014-03-01 09:00:00,308.08807
2014-03-01 12:00:00,306.90973
2014-03-01 15:00:00,305.9615
2014-03-01 18:00:00,305.47552
2014-03-01 21:00:00,304.86005
2014-03-02 00:00:00,307.0041
2014-03-02 03:00:00,308.35004
2014-03-02 06:00:00,309.30505
2014-03-02 09:00:00,309.18823
2014-03-02 12:00:00,308.8219
2014-03-02 15:00:00,308.5315
2014-03-02 18:00:00,307.30505
2014-03-02 21:00:00,306.28564
2014-03-03 00:00:00,306.2234
2014-03-03 03:00:00,307.13763
2014-03-03 06:00:00,308.42474
2014-03-03 09:00:00,311.20508
2014-03-03 12:00:00,313.55554
2014-03-03 15:00:00,316.1208
2014-03-03 18:00:00,317.96564
2014-03-03 21:00:00,318.59662
2014-03-04 00:00:00,318.38428
2014-03-04 03:00:00,317.83612
2014-03-04 06:00:00,317.14154
2014-03-04 09:00:00,316.35236
2014-03-04 12:00:00,316.08136
2014-03-04 15:00:00,315.44202
2014-03-04 18:00:00,315.06317
2014-03-04 21:00:00,314.56427
2014-03-05 00:00:00,313.6352
2014-03-05 03:00:00,312.7785
2014-03-05 06:00:00,312.7516
2014-03-05 09:00:00,313.1424
2014-03-05 12:00:00,314.1021
2014-03-05 15:00:00,317.02527
2014-03-05 18:00:00,320.02484
2014-03-05 21:00:00,320.08276
2014-03-06 00:00:00,319.1878
2014-03-06 03:00:00,318.31592
2014-03-06 06:00:00,316.88495
2014-03-06 09:00:00,315.86768
2014-03-06 12:00:00,314.68066
2014-03-06 15:00:00,313.89612
2014-03-06 18:00:00,313.90186
2014-03-06 21:00:00,313.87018
2014-03-07 00:00:00,313.42352
2014-03-07 03:00:00,314.1634
2014-03-07 06:00:00,314.4712
2014-03-07 09:00:00,313.32214
2014-03-07 12:00:00,312.72412
2014-03-07 15:00:00,312.75214
2014-03-07 18:00:00,313.5561
2014-03-07 21:00:00,314.8852
2014-03-08 00:00:00,315.93036
2014-03-08 03:00:00,316.62598
2014-03-08 06:00:00,317.1883
2014-03-08 09:00:00,318.28528
2014-03-08 12:00:00,316.979
2014-03-08 15:00:00,315.47095
2014-03-08 18:00:00,314.94617
2014-03-08 21:00:00,315.1825
2014-03-09 00:00:00,313.3673
2014-03-09 03:00:00,311.85596
2014-03-09 06:00:00,311.33838
2014-03-09 09:00:00,320.73242
2014-03-09 12:00:00,310.51074
2014-03-09 15:00:00,341.66675
2014-03-09 18:00:00,332.90625
2014-03-09 21:00:00,318.61255
2014-03-10 00:00:00,310.71155
2014-03-10 03:00:00,308.4923
2014-03-10 06:00:00,307.67426
2014-03-10 09:00:00,308.50916
2014-03-10 12:00:00,308.18036
2014-03-10 15:00:00,306.96118
2014-03-10 18:00:00,307.0251
2014-03-10 21:00:00,307.7036
2014-03-11 00:00:00,308.51904
2014-03-11 03:00:00,308.97345
2014-03-11 06:00:00,309.28983
2014-03-11 09:00:00,309.66013
2014-03-11 12:00:00,309.75128
2014-03-11 15:00:00,309.55573
2014-03-11 18:00:00,309.3753
2014-03-11 21:00:00,309.8125
2014-03-12 00:00:00,310.1671
2014-03-12 03:00:00,309.37634
2014-03-12 06:00:00,308.88342
2014-03-12 09:00:00,307.70337
2014-03-12 12:00:00,306.12793
2014-03-12 15:00:00,304.67432
2014-03-12 18:00:00,304.07202
2014-03-12 21:00:00,303.78442
2014-03-13 00:00:00,303.073
2014-03-13 03:00:00,301.35217
2014-03-13 06:00:00,298.97998
2014-03-13 09:00:00,296.37476
2014-03-13 12:00:00,293.7677
2014-03-13 15:00:00,291.32153
2014-03-13 18:00:00,289.59692
2014-03-13 21:00:00,288.20117
2014-03-14 00:00:00,287.211
2014-03-14 03:00:00,286.91803
2014-03-14 06:00:00,286.43158
2014-03-14 09:00:00,286.00897
2014-03-14 12:00:00,285.46167
2014-03-14 15:00:00,284.7895
2014-03-14 18:00:00,285.08698
2014-03-14 21:00:00,288.19037
2014-03-15 00:00:00,292.0363
2014-03-15 03:00:00,293.50275
2014-03-15 06:00:00,293.94208
2014-03-15 09:00:00,293.9674
2014-03-15 12:00:00,292.56494
2014-03-15 15:00:00,292.58948
2014-03-15 18:00:00,297.35498
2014-03-15 21:00:00,305.2349
2014-03-16 00:00:00,307.48218
2014-03-16 03:00:00,306.74365
2014-03-16 06:00:00,306.15637
2014-03-16 09:00:00,306.00952
2014-03-16 12:00:00,306.1433
2014-03-16 15:00:00,307.11487
2014-03-16 18:00:00,309.73572
2014-03-16 21:00:00,311.88013
2014-03-17 00:00:00,313.4568
2014-03-17 03:00:00,314.19653
2014-03-17 06:00:00,315.85327
2014-03-17 09:00:00,318.76392
2014-03-17 12:00:00,319.70374
2014-03-17 15:00:00,322.9165
2014-03-17 18:00:00,326.2367
2014-03-17 21:00:00,328.37964
2014-03-18 00:00:00,331.6353
2014-03-18 03:00:00,333.83752
2014-03-18 06:00:00,336.67572
2014-03-18 09:00:00,335.64734
2014-03-18 12:00:00,331.76697
2014-03-18 15:00:00,330.5479
2014-03-18 18:00:00,328.84985
2014-03-18 21:00:00,328.2132
2014-03-19 00:00:00,326.5622
2014-03-19 03:00:00,322.94794
2014-03-19 06:00:00,319.78192
2014-03-19 09:00:00,317.16498
2014-03-19 12:00:00,314.61005
2014-03-19 15:00:00,312.1194
2014-03-19 18:00:00,309.96368
2014-03-19 21:00:00,308.7663
2014-03-20 00:00:00,308.0421
2014-03-20 03:00:00,307.5086
2014-03-20 06:00:00,307.05103
2014-03-20 09:00:00,306.67694
2014-03-20 12:00:00,306.3131
2014-03-20 15:00:00,306.1145
2014-03-20 18:00:00,306.35242
2014-03-20 21:00:00,309.36902
2014-03-21 00:00:00,310.75848
2014-03-21 03:00:00,311.25928
2014-03-21 06:00:00,311.23645
2014-03-21 09:00:00,309.96313
2014-03-21 12:00:00,309.06378
2014-03-21 15:00:00,308.27435
2014-03-21 18:00:00,307.35205
2014-03-21 21:00:00,306.33698
2014-03-22 00:00:00,304.90637
2014-03-22 03:00:00,304.0004
2014-03-22 06:00:00,309.71582
2014-03-22 09:00:00,313.69165
2014-03-22 12:00:00,312.04736
2014-03-22 15:00:00,311.667
2014-03-22 18:00:00,316.05164
2014-03-22 21:00:00,319.25354
2014-03-23 00:00:00,320.98492
2014-03-23 03:00:00,321.52472
2014-03-23 06:00:00,322.46277
2014-03-23 09:00:00,322.4679
2014-03-23 12:00:00,321.521
2014-03-23 15:00:00,321.10358
2014-03-23 18:00:00,321.149
2014-03-23 21:00:00,321.35315
2014-03-24 00:00:00,321.4203
2014-03-24 03:00:00,321.37048
2014-03-24 06:00:00,321.24713
2014-03-24 09:00:00,321.3073
2014-03-24 12:00:00,320.96667
2014-03-24 15:00:00,318.91333
2014-03-24 18:00:00,320.7622
2014-03-24 21:00:00,325.25415
2014-03-25 00:00:00,326.53442
2014-03-25 03:00:00,324.97083
2014-03-25 06:00:00,321.714
2014-03-25 09:00:00,320.78516
2014-03-25 12:00:00,319.97693
2014-03-25 15:00:00,319.2068
2014-03-25 18:00:00,318.8324
2014-03-25 21:00:00,318.72815
2014-03-26 00:00:00,319.40436
2014-03-26 03:00:00,321.3733
2014-03-26 06:00:00,322.60553
2014-03-26 09:00:00,322.81256
2014-03-26 12:00:00,322.15753
2014-03-26 15:00:00,322.81635
2014-03-26 18:00:00,323.44397
2014-03-26 21:00:00,324.778
2014-03-27 00:00:00,322.77057
2014-03-27 03:00:00,320.09277
2014-03-27 06:00:00,317.4632
2014-03-27 09:00:00,315.50262
2014-03-27 12:00:00,314.0644
2014-03-27 15:00:00,310.00134
2014-03-27 18:00:00,277.93774
2014-03-27 21:00:00,276.34448
2014-03-28 00:00:00,283.61035
2014-03-28 03:00:00,287.72827
2014-03-28 06:00:00,293.22308
2014-03-28 09:00:00,298.59723
2014-03-28 12:00:00,301.4782
2014-03-28 15:00:00,302.67987
2014-03-28 18:00:00,303.41235
2014-03-28 21:00:00,304.24298
2014-03-29 00:00:00,305.3689
2014-03-29 03:00:00,306.97668
2014-03-29 06:00:00,308.91412
2014-03-29 09:00:00,310.8474
2014-03-29 12:00:00,312.15726
2014-03-29 15:00:00,313.04013
2014-03-29 18:00:00,313.64987
2014-03-29 21:00:00,313.75937
2014-03-30 00:00:00,312.9784
2014-03-30 03:00:00,311.3297
2014-03-30 06:00:00,309.61975
2014-03-30 09:00:00,302.62817
2014-03-30 12:00:00,284.38867
2014-03-30 15:00:00,279.92993
2014-03-30 18:00:00,282.56458
2014-03-30 21:00:00,283.02295
2014-03-31 00:00:00,284.80933
2014-03-31 03:00:00,286.391
2014-03-31 06:00:00,287.54822
2014-03-31 09:00:00,287.30078
2014-03-31 12:00:00,279.79932
2014-03-31 15:00:00,264.6582
2014-03-31 18:00:00,261.071
2014-03-31 21:00:00,258.7224
2014-04-01 00:00:00,255.35306
2014-04-01 03:00:00,253.61784
2014-04-01 06:00:00,251.5098
2014-04-01 09:00:00,250.95792
2014-04-01 12:00:00,250.03448
2014-04-01 15:00:00,253.6509
2014-04-01 18:00:00,256.07263
2014-04-01 21:00:00,257.25415
2014-04-02 00:00:00,261.07178
2014-04-02 03:00:00,265.0647
2014-04-02 06:00:00,267.34387
2014-04-02 09:00:00,268.93542
2014-04-02 12:00:00,270.5254
2014-04-02 15:00:00,271.32544
2014-04-02 18:00:00,272.0337
2014-04-02 21:00:00,273.04712
2014-04-03 00:00:00,273.5238
2014-04-03 03:00:00,274.40308
2014-04-03 06:00:00,276.9402
2014-04-03 09:00:00,279.17065
2014-04-03 12:00:00,280.6488
2014-04-03 15:00:00,284.25897
2014-04-03 18:00:00,287.7409
2014-04-03 21:00:00,289.92816
2014-04-04 00:00:00,291.51398
2014-04-04 03:00:00,293.37665
2014-04-04 06:00:00,295.00354
2014-04-04 09:00:00,295.97717
2014-04-04 12:00:00,293.30762
2014-04-04 15:00:00,289.0
2014-04-04 18:00:00,285.86792
2014-04-04 21:00:00,284.80786
2014-04-05 00:00:00,285.4298
2014-04-05 03:00:00,286.6798
2014-04-05 06:00:00,287.58203
2014-04-05 09:00:00,287.8291
2014-04-05 12:00:00,287.65796
2014-04-05 15:00:00,287.32935
2014-04-05 18:00:00,286.85193
2014-04-05 21:00:00,286.60608
2014-04-06 00:00:00,286.5952
2014-04-06 03:00:00,287.3131
2014-04-06 06:00:00,287.6051
2014-04-06 09:00:00,286.771
2014-04-06 12:00:00,285.93866
2014-04-06 15:00:00,285.22345
2014-04-06 18:00:00,284.43787
2014-04-06 21:00:00,283.77588
2014-04-07 00:00:00,282.7527
2014-04-07 03:00:00,282.27356
2014-04-07 06:00:00,282.2937
2014-04-07 09:00:00,283.1811
2014-04-07 12:00:00,283.7511
2014-04-07 15:00:00,284.68024
2014-04-07 18:00:00,288.6955
2014-04-07 21:00:00,290.37103
2014-04-08 00:00:00,290.67468
2014-04-08 03:00:00,290.64142
2014-04-08 06:00:00,291.1596
2014-04-08 09:00:00,292.18835
2014-04-08 12:00:00,292.93372
2014-04-08 15:00:00,294.75183
2014-04-08 18:00:00,298.18323
2014-04-08 21:00:00,302.8944
2014-04-09 00:00:00,307.80838
2014-04-09 03:00:00,312.8226
2014-04-09 06:00:00,315.50137
2014-04-09 09:00:00,317.01782
2014-04-09 12:00:00,319.4021
2014-04-09 15:00:00,318.25977
2014-04-09 18:00:00,319.5968
2014-04-09 21:00:00,319.95605
2014-04-10 00:00:00,320.1443
2014-04-10 03:00:00,320.4101
2014-04-10 06:00:00,320.3288
2014-04-10 09:00:00,320.0044
2014-04-10 12:00:00,319.50934
2014-04-10 15:00:00,318.7589
2014-04-10 18:00:00,317.73596
2014-04-10 21:00:00,316.68103
2014-04-11 00:00:00,315.7976
2014-04-11 03:00:00,314.67273
2014-04-11 06:00:00,313.59668
2014-04-11 09:00:00,312.41675
2014-04-11 12:00:00,311.7732
2014-04-11 15:00:00,311.6125
2014-04-11 18:00:00,312.47064
2014-04-11 21:00:00,314.43372
2014-04-12 00:00:00,316.06378
2014-04-12 03:00:00,317.71594
2014-04-12 06:00:00,319.1692
2014-04-12 09:00:00,320.40833
2014-04-12 12:00:00,321.51672
2014-04-12 15:00:00,322.30566
2014-04-12 18:00:00,322.80194
2014-04-12 21:00:00,322.96167
2014-04-13 00:00:00,323.12164
2014-04-13 03:00:00,323.9532
2014-04-13 06:00:00,325.02417
2014-04-13 09:00:00,324.1961
2014-04-13 12:00:00,322.865
2014-04-13 15:00:00,321.36902
2014-04-13 18:00:00,320.56335
2014-04-13 21:00:00,320.90308
2014-04-14 00:00:00,319.5813
2014-04-14 03:00:00,317.87805
2014-04-14 06:00:00,316.9796
2014-04-14 09:00:00,318.60938
2014-04-14 12:00:00,314.43884
2014-04-14 15:00:00,311.66974
2014-04-14 18:00:00,312.4447
2014-04-14 21:00:00,312.71887
2014-04-15 00:00:00,312.6853
2014-04-15 03:00:00,312.39996
2014-04-15 06:00:00,311.5103
2014-04-15 09:00:00,310.62524
2014-04-15 12:00:00,309.33148
2014-04-15 15:00:00,307.11707
2014-04-15 18:00:00,304.82367
2014-04-15 21:00:00,304.95325
2014-04-16 00:00:00,304.61
2014-04-16 03:00:00,304.08105
2014-04-16 06:00:00,303.95142
2014-04-16 09:00:00,304.17078
2014-04-16 12:00:00,304.2826
2014-04-16 15:00:00,305.14502
2014-04-16 18:00:00,311.04077
2014-04-16 21:00:00,319.04712
2014-04-17 00:00:00,320.74695
2014-04-17 03:00:00,325.24316
2014-04-17 06:00:00,323.38892
2014-04-17 09:00:00,319.75818
2014-04-17 12:00:00,317.21118
2014-04-17 15:00:00,316.62012
2014-04-17 18:00:00,317.23364
2014-04-17 21:00:00,316.0796
2014-04-18 00:00:00,315.6825
2014-04-18 03:00:00,316.61578
2014-04-18 06:00:00,318.7826
2014-04-18 09:00:00,318.6836
2014-04-18 12:00:00,317.26648
2014-04-18 15:00:00,318.28076
2014-04-18 18:00:00,318.92627
2014-04-18 21:00:00,320.9599
2014-04-19 00:00:00,322.49536
2014-04-19 03:00:00,321.83008
2014-04-19 06:00:00,321.8562
2014-04-19 09:00:00,320.16614
2014-04-19 12:00:00,317.28723
2014-04-19 15:00:00,313.8219
2014-04-19 18:00:00,310.08582
2014-04-19 21:00:00,309.1654
2014-04-20 00:00:00,307.13428
2014-04-20 03:00:00,296.7431
2014-04-20 06:00:00,276.50928
2014-04-20 09:00:00,269.2735
2014-04-20 12:00:00,263.79626
2014-04-20 15:00:00,257.08374
2014-04-20 18:00:00,259.5988
2014-04-20 21:00:00,259.0268
2014-04-21 00:00:00,255.868
2014-04-21 03:00:00,257.78918
2014-04-21 06:00:00,262.97772
2014-04-21 09:00:00,270.18384
2014-04-21 12:00:00,277.15344
2014-04-21 15:00:00,284.60352
2014-04-21 18:00:00,291.25513
2014-04-21 21:00:00,295.38232
2014-04-22 00:00:00,298.68945
2014-04-22 03:00:00,300.47913
2014-04-22 06:00:00,301.3545
2014-04-22 09:00:00,301.7677
2014-04-22 12:00:00,301.99365
2014-04-22 15:00:00,301.68237
2014-04-22 18:00:00,300.55835
2014-04-22 21:00:00,299.90747
2014-04-23 00:00:00,298.0818
2014-04-23 03:00:00,295.75708
2014-04-23 06:00:00,293.87012
2014-04-23 09:00:00,293.86865
2014-04-23 12:00:00,295.41492
2014-04-23 15:00:00,297.51068
2014-04-23 18:00:00,298.8158
2014-04-23 21:00:00,299.48944
2014-04-24 00:00:00,299.8106
2014-04-24 03:00:00,299.91827
2014-04-24 06:00:00,299.93927
2014-04-24 09:00:00,299.7998
2014-04-24 12:00:00,299.26294
2014-04-24 15:00:00,299.4182
2014-04-24 18:00:00,300.93396
2014-04-24 21:00:00,303.22687
2014-04-25 00:00:00,303.60162
2014-04-25 03:00:00,303.19196
2014-04-25 06:00:00,302.72998
2014-04-25 09:00:00,302.45538
2014-04-25 12:00:00,302.28156
2014-04-25 15:00:00,302.2431
2014-04-25 18:00:00,302.37927
2014-04-25 21:00:00,302.5083
2014-04-26 00:00:00,302.2129
2014-04-26 03:00:00,302.24365
2014-04-26 06:00:00,303.23517
2014-04-26 09:00:00,304.3963
2014-04-26 12:00:00,305.11823
2014-04-26 15:00:00,305.36188
2014-04-26 18:00:00,305.26117
2014-04-26 21:00:00,305.81036
2014-04-27 00:00:00,305.75012
2014-04-27 03:00:00,306.61475
2014-04-27 06:00:00,308.44916
2014-04-27 09:00:00,309.83832
2014-04-27 12:00:00,310.70618
2014-04-27 15:00:00,313.04346
2014-04-27 18:00:00,315.79907
2014-04-27 21:00:00,318.2467
2014-04-28 00:00:00,320.51868
2014-04-28 03:00:00,321.12915
2014-04-28 06:00:00,321.23608
2014-04-28 09:00:00,322.08752
2014-04-28 12:00:00,322.4486
2014-04-28 15:00:00,322.16565
2014-04-28 18:00:00,320.96912
2014-04-28 21:00:00,321.87634
2014-04-29 00:00:00,324.5404
2014-04-29 03:00:00,327.3181
2014-04-29 06:00:00,326.94824
2014-04-29 09:00:00,323.4375
2014-04-29 12:00:00,315.39062
2014-04-29 15:00:00,311.04688
2014-04-29 18:00:00,309.66418
2014-04-29 21:00:00,311.485
2014-04-30 00:00:00,311.8595
2014-04-30 03:00:00,311.1101
2014-04-30 06:00:00,308.79126
2014-04-30 09:00:00,307.3999
2014-04-30 12:00:00,305.22876
2014-04-30 15:00:00,306.6023
2014-04-30 18:00:00,309.02527
2014-04-30 21:00:00,314.82263
2014-05-01 00:00:00,317.60718
2014-05-01 03:00:00,316.8369
2014-05-01 06:00:00,317.92554
2014-05-01 09:00:00,321.00464
2014-05-01 12:00:00,321.7058
2014-05-01 15:00:00,320.1034
2014-05-01 18:00:00,320.88416
2014-05-01 21:00:00,323.11908
2014-05-02 00:00:00,325.52484
2014-05-02 03:00:00,326.18204
2014-05-02 06:00:00,327.15234
2014-05-02 09:00:00,327.05078
2014-05-02 12:00:00,326.0194
2014-05-02 15:00:00,327.2124
2014-05-02 18:00:00,329.02588
2014-05-02 21:00:00,332.54852
2014-05-03 00:00:00,332.94742
2014-05-03 03:00:00,330.7898
2014-05-03 06:00:00,330.22934
2014-05-03 09:00:00,329.32184
2014-05-03 12:00:00,327.7909
2014-05-03 15:00:00,326.83673
2014-05-03 18:00:00,328.11005
2014-05-03 21:00:00,331.25537
2014-05-04 00:00:00,329.79932
2014-05-04 03:00:00,327.36786
2014-05-04 06:00:00,324.088
2014-05-04 09:00:00,320.297
2014-05-04 12:00:00,316.26587
2014-05-04 15:00:00,311.51147
2014-05-04 18:00:00,308.16614
2014-05-04 21:00:00,305.52997
2014-05-05 00:00:00,303.6432
2014-05-05 03:00:00,302.04407
2014-05-05 06:00:00,299.67297
2014-05-05 09:00:00,298.6441
2014-05-05 12:00:00,297.91034
2014-05-05 15:00:00,297.46686
2014-05-05 18:00:00,298.6641
2014-05-05 21:00:00,302.40863
2014-05-06 00:00:00,304.44885
2014-05-06 03:00:00,304.7611
2014-05-06 06:00:00,305.3429
2014-05-06 09:00:00,305.65253
2014-05-06 12:00:00,307.141
2014-05-06 15:00:00,309.71838
2014-05-06 18:00:00,308.7788
2014-05-06 21:00:00,312.71753
2014-05-07 00:00:00,310.92493
2014-05-07 03:00:00,311.88696
2014-05-07 06:00:00,315.24597
2014-05-07 09:00:00,314.13306
2014-05-07 12:00:00,309.75183
2014-05-07 15:00:00,309.06396
2014-05-07 18:00:00,310.80054
2014-05-07 21:00:00,313.32666
2014-05-08 00:00:00,313.71973
2014-05-08 03:00:00,317.1521
2014-05-08 06:00:00,317.39673
2014-05-08 09:00:00,317.1964
2014-05-08 12:00:00,317.8479
2014-05-08 15:00:00,318.08032
2014-05-08 18:00:00,320.68753
2014-05-08 21:00:00,323.20087
2014-05-09 00:00:00,323.26703
2014-05-09 03:00:00,325.6563
2014-05-09 06:00:00,328.43158
2014-05-09 09:00:00,328.16016
2014-05-09 12:00:00,325.09692
2014-05-09 15:00:00,322.17395
2014-05-09 18:00:00,322.1148
2014-05-09 21:00:00,323.9275
2014-05-10 00:00:00,324.58112
2014-05-10 03:00:00,324.23767
2014-05-10 06:00:00,323.5398
2014-05-10 09:00:00,323.3567
2014-05-10 12:00:00,323.9618
2014-05-10 15:00:00,321.33105
2014-05-10 18:00:00,322.56348
2014-05-10 21:00:00,324.40424
2014-05-11 00:00:00,324.67334
2014-05-11 03:00:00,324.11536
2014-05-11 06:00:00,322.15784
2014-05-11 09:00:00,324.47192
2014-05-11 12:00:00,321.9126
2014-05-11 15:00:00,320.2721
2014-05-11 18:00:00,320.1731
2014-05-11 21:00:00,321.15637
2014-05-12 00:00:00,320.40027
2014-05-12 03:00:00,320.7044
2014-05-12 06:00:00,320.29034
2014-05-12 09:00:00,322.92688
2014-05-12 12:00:00,321.47913
2014-05-12 15:00:00,322.46167
2014-05-12 18:00:00,326.1219
2014-05-12 21:00:00,330.38348
2014-05-13 00:00:00,333.27524
2014-05-13 03:00:00,336.77072
2014-05-13 06:00:00,334.72314
2014-05-13 09:00:00,335.1126
2014-05-13 12:00:00,332.29907
2014-05-13 15:00:00,330.49133
2014-05-13 18:00:00,330.2898
2014-05-13 21:00:00,331.25522
2014-05-14 00:00:00,330.80078
2014-05-14 03:00:00,330.23328
2014-05-14 06:00:00,329.9967
2014-05-14 09:00:00,331.2898
2014-05-14 12:00:00,334.18787
2014-05-14 15:00:00,337.50586
2014-05-14 18:00:00,339.78296
2014-05-14 21:00:00,339.98682
2014-05-15 00:00:00,339.7124
2014-05-15 03:00:00,340.7019
2014-05-15 06:00:00,342.20752
2014-05-15 09:00:00,341.84766
2014-05-15 12:00:00,336.0996
2014-05-15 15:00:00,324.32275
2014-05-15 18:00:00,317.083
2014-05-15 21:00:00,316.03955
2014-05-16 00:00:00,314.745
2014-05-16 03:00:00,312.88806
2014-05-16 06:00:00,311.73962
2014-05-16 09:00:00,311.46558
2014-05-16 12:00:00,310.6444
2014-05-16 15:00:00,310.33923
2014-05-16 18:00:00,310.58795
2014-05-16 21:00:00,310.4851
2014-05-17 00:00:00,310.22766
2014-05-17 03:00:00,310.0653
2014-05-17 06:00:00,310.09158
2014-05-17 09:00:00,309.56995
2014-05-17 12:00:00,305.64746
2014-05-17 15:00:00,302.2755
2014-05-17 18:00:00,304.83728
2014-05-17 21:00:00,308.6189
2014-05-18 00:00:00,310.5105
2014-05-18 03:00:00,311.58276
2014-05-18 06:00:00,311.45935
2014-05-18 09:00:00,311.58276
2014-05-18 12:00:00,311.51184
2014-05-18 15:00:00,312.2724
2014-05-18 18:00:00,312.302
2014-05-18 21:00:00,313.47437
2014-05-19 00:00:00,313.25232
2014-05-19 03:00:00,312.26007
2014-05-19 06:00:00,310.02414
2014-05-19 09:00:00,310.83862
2014-05-19 12:00:00,307.7301
2014-05-19 15:00:00,302.0149
2014-05-19 18:00:00,306.2323
2014-05-19 21:00:00,307.72717
2014-05-20 00:00:00,308.3225
2014-05-20 03:00:00,307.36682
2014-05-20 06:00:00,306.16602
2014-05-20 09:00:00,304.76575
2014-05-20 12:00:00,302.4906
2014-05-20 15:00:00,300.73682
2014-05-20 18:00:00,284.90063
2014-05-20 21:00:00,268.2207
2014-05-21 00:00:00,271.96362
2014-05-21 03:00:00,276.03455
2014-05-21 06:00:00,277.85974
2014-05-21 09:00:00,277.64258
2014-05-21 12:00:00,269.60376
2014-05-21 15:00:00,276.74792
2014-05-21 18:00:00,282.32544
2014-05-21 21:00:00,287.2682
2014-05-22 00:00:00,291.9862
2014-05-22 03:00:00,296.10413
2014-05-22 06:00:00,299.74402
2014-05-22 09:00:00,302.75867
2014-05-22 12:00:00,305.22815
2014-05-22 15:00:00,306.1819
2014-05-22 18:00:00,306.9568
2014-05-22 21:00:00,309.66687
2014-05-23 00:00:00,312.00415
2014-05-23 03:00:00,313.8047
2014-05-23 06:00:00,315.36145
2014-05-23 09:00:00,317.26257
2014-05-23 12:00:00,318.7445
2014-05-23 15:00:00,320.4306
2014-05-23 18:00:00,323.3694
2014-05-23 21:00:00,328.8673
2014-05-24 00:00:00,332.79315
2014-05-24 03:00:00,336.17255
2014-05-24 06:00:00,337.94788
2014-05-24 09:00:00,337.19226
2014-05-24 12:00:00,333.7688
2014-05-24 15:00:00,330.93933
2014-05-24 18:00:00,330.86176
2014-05-24 21:00:00,333.49347
2014-05-25 00:00:00,335.64026
2014-05-25 03:00:00,337.03357
2014-05-25 06:00:00,338.53955
2014-05-25 09:00:00,336.93286
2014-05-25 12:00:00,332.79297
2014-05-25 15:00:00,330.07263
2014-05-25 18:00:00,330.95764
2014-05-25 21:00:00,334.5183
2014-05-26 00:00:00,337.26868
2014-05-26 03:00:00,340.0172
2014-05-26 06:00:00,341.63184
2014-05-26 09:00:00,341.96655
2014-05-26 12:00:00,338.011
2014-05-26 15:00:00,333.88733
2014-05-26 18:00:00,333.73572
2014-05-26 21:00:00,338.18298
2014-05-27 00:00:00,340.40765
2014-05-27 03:00:00,340.4878
2014-05-27 06:00:00,338.64966
2014-05-27 09:00:00,335.79773
2014-05-27 12:00:00,329.45386
2014-05-27 15:00:00,322.12646
2014-05-27 18:00:00,315.5752
2014-05-27 21:00:00,308.68628
2014-05-28 00:00:00,300.02124
2014-05-28 03:00:00,300.63843
2014-05-28 06:00:00,301.69873
2014-05-28 09:00:00,302.37097
2014-05-28 12:00:00,303.0249
2014-05-28 15:00:00,303.3916
2014-05-28 18:00:00,303.26843
2014-05-28 21:00:00,302.62866
2014-05-29 00:00:00,302.89514
2014-05-29 03:00:00,306.08667
2014-05-29 06:00:00,304.76038
2014-05-29 09:00:00,303.66187
2014-05-29 12:00:00,304.58423
2014-05-29 15:00:00,308.2827
2014-05-29 18:00:00,310.58997
2014-05-29 21:00:00,315.23132
2014-05-30 00:00:00,314.6023
2014-05-30 03:00:00,314.16382
2014-05-30 06:00:00,316.6062
2014-05-30 09:00:00,320.88306
2014-05-30 12:00:00,321.88867
2014-05-30 15:00:00,321.3053
2014-05-30 18:00:00,323.3584
2014-05-30 21:00:00,327.4939
2014-05-31 00:00:00,329.5904
2014-05-31 03:00:00,331.47107
2014-05-31 06:00:00,330.6338
2014-05-31 09:00:00,330.26764
2014-05-31 12:00:00,328.0476
2014-05-31 15:00:00,326.47675
2014-05-31 18:00:00,328.23453
2014-05-31 21:00:00,331.72122
2014-06-01 00:00:00,333.37396
2014-06-01 03:00:00,333.0492
2014-06-01 06:00:00,334.30386
2014-06-01 09:00:00,332.3636
2014-06-01 12:00:00,328.47522
2014-06-01 15:00:00,326.12622
2014-06-01 18:00:00,326.82117
2014-06-01 21:00:00,329.84558
2014-06-02 00:00:00,328.3286
2014-06-02 03:00:00,325.71313
2014-06-02 06:00:00,322.9143
2014-06-02 09:00:00,320.80096
2014-06-02 12:00:00,319.9496
2014-06-02 15:00:00,320.43945
2014-06-02 18:00:00,322.46417
2014-06-02 21:00:00,325.3133
2014-06-03 00:00:00,326.55634
2014-06-03 03:00:00,327.69592
2014-06-03 06:00:00,326.97156
2014-06-03 09:00:00,323.36548
2014-06-03 12:00:00,319.38562
2014-06-03 15:00:00,320.2765
2014-06-03 18:00:00,321.24365
2014-06-03 21:00:00,323.87683
2014-06-04 00:00:00,325.71973
2014-06-04 03:00:00,321.9795
2014-06-04 06:00:00,318.52966
2014-06-04 09:00:00,321.42358
2014-06-04 12:00:00,321.37415
2014-06-04 15:00:00,319.06482
2014-06-04 18:00:00,320.11035
2014-06-04 21:00:00,322.8015
2014-06-05 00:00:00,322.39246
2014-06-05 03:00:00,323.19067
2014-06-05 06:00:00,322.98438
2014-06-05 09:00:00,319.75342
2014-06-05 12:00:00,316.78955
2014-06-05 15:00:00,315.51074
2014-06-05 18:00:00,312.4546
2014-06-05 21:00:00,311.3015
2014-06-06 00:00:00,306.8623
2014-06-06 03:00:00,297.84424
2014-06-06 06:00:00,283.34888
2014-06-06 09:00:00,271.59424
2014-06-06 12:00:00,269.56494
2014-06-06 15:00:00,267.22668
2014-06-06 18:00:00,272.23718
2014-06-06 21:00:00,280.0116
2014-06-07 00:00:00,285.7771
2014-06-07 03:00:00,289.59174
2014-06-07 06:00:00,291.9688
2014-06-07 09:00:00,293.8678
2014-06-07 12:00:00,295.45386
2014-06-07 15:00:00,296.68762
2014-06-07 18:00:00,297.49237
2014-06-07 21:00:00,297.95325
2014-06-08 00:00:00,298.2312
2014-06-08 03:00:00,298.5542
2014-06-08 06:00:00,298.7666
2014-06-08 09:00:00,298.8363
2014-06-08 12:00:00,298.79785
2014-06-08 15:00:00,298.7577
2014-06-08 18:00:00,298.78186
2014-06-08 21:00:00,298.78174
2014-06-09 00:00:00,298.7754
2014-06-09 03:00:00,298.8208
2014-06-09 06:00:00,298.92548
2014-06-09 09:00:00,299.18958
2014-06-09 12:00:00,299.61914
2014-06-09 15:00:00,300.21893
2014-06-09 18:00:00,301.00183
2014-06-09 21:00:00,301.7229
2014-06-10 00:00:00,302.41962
2014-06-10 03:00:00,303.36884
2014-06-10 06:00:00,305.10962
2014-06-10 09:00:00,307.04028
2014-06-10 12:00:00,306.97925
2014-06-10 15:00:00,308.49316
2014-06-10 18:00:00,312.06445
2014-06-10 21:00:00,315.19177
2014-06-11 00:00:00,316.55505
2014-06-11 03:00:00,316.9707
2014-06-11 06:00:00,318.05945
2014-06-11 09:00:00,319.57178
2014-06-11 12:00:00,319.89392
2014-06-11 15:00:00,317.10498
2014-06-11 18:00:00,315.74408
2014-06-11 21:00:00,317.1532
2014-06-12 00:00:00,316.39417
2014-06-12 03:00:00,313.93542
2014-06-12 06:00:00,310.98364
2014-06-12 09:00:00,308.4154
2014-06-12 12:00:00,306.30334
2014-06-12 15:00:00,304.3473
2014-06-12 18:00:00,304.59534
2014-06-12 21:00:00,307.31696
2014-06-13 00:00:00,308.71677
2014-06-13 03:00:00,308.20343
2014-06-13 06:00:00,307.25006
2014-06-13 09:00:00,306.37115
2014-06-13 12:00:00,305.49347
2014-06-13 15:00:00,304.90417
2014-06-13 18:00:00,305.2621
2014-06-13 21:00:00,306.1963
2014-06-14 00:00:00,307.78983
2014-06-14 03:00:00,309.06128
2014-06-14 06:00:00,308.53528
2014-06-14 09:00:00,307.7401
2014-06-14 12:00:00,307.40955
2014-06-14 15:00:00,309.4334
2014-06-14 18:00:00,314.03436
2014-06-14 21:00:00,317.95435
2014-06-15 00:00:00,317.12976
2014-06-15 03:00:00,316.08606
2014-06-15 06:00:00,314.8523
2014-06-15 09:00:00,314.6598
2014-06-15 12:00:00,315.5735
2014-06-15 15:00:00,315.7527
2014-06-15 18:00:00,315.33728
2014-06-15 21:00:00,314.98486
2014-06-16 00:00:00,310.94226
2014-06-16 03:00:00,306.59546
2014-06-16 06:00:00,302.83936
2014-06-16 09:00:00,299.5724
2014-06-16 12:00:00,297.68262
2014-06-16 15:00:00,295.8938
2014-06-16 18:00:00,296.14673
2014-06-16 21:00:00,298.8451
2014-06-17 00:00:00,299.91553
2014-06-17 03:00:00,299.75134
2014-06-17 06:00:00,298.75818
2014-06-17 09:00:00,296.96936
2014-06-17 12:00:00,292.33618
2014-06-17 15:00:00,289.8053
2014-06-17 18:00:00,287.37524
2014-06-17 21:00:00,289.67773
2014-06-18 00:00:00,291.85693
2014-06-18 03:00:00,291.06506
2014-06-18 06:00:00,286.52393
2014-06-18 09:00:00,285.40466
2014-06-18 12:00:00,284.2699
2014-06-18 15:00:00,282.9729
2014-06-18 18:00:00,282.57947
2014-06-18 21:00:00,283.0724
2014-06-19 00:00:00,283.34937
2014-06-19 03:00:00,283.52686
2014-06-19 06:00:00,283.65894
2014-06-19 09:00:00,283.22803
2014-06-19 12:00:00,282.4027
2014-06-19 15:00:00,281.05347
2014-06-19 18:00:00,280.09497
2014-06-19 21:00:00,279.911
2014-06-20 00:00:00,279.62024
2014-06-20 03:00:00,279.3164
2014-06-20 06:00:00,278.5155
2014-06-20 09:00:00,276.8059
2014-06-20 12:00:00,271.10583
2014-06-20 15:00:00,261.1931
2014-06-20 18:00:00,250.74084
2014-06-20 21:00:00,246.50377
2014-06-21 00:00:00,246.35944
2014-06-21 03:00:00,248.70877
2014-06-21 06:00:00,250.61743
2014-06-21 09:00:00,251.41316
2014-06-21 12:00:00,251.94516
2014-06-21 15:00:00,252.75967
2014-06-21 18:00:00,254.443
2014-06-21 21:00:00,256.1333
2014-06-22 00:00:00,257.22034
2014-06-22 03:00:00,258.08643
2014-06-22 06:00:00,259.10803
2014-06-22 09:00:00,259.80612
2014-06-22 12:00:00,258.758
2014-06-22 15:00:00,255.76665
2014-06-22 18:00:00,257.8523
2014-06-22 21:00:00,260.22626
2014-06-23 00:00:00,262.00787
2014-06-23 03:00:00,262.07617
2014-06-23 06:00:00,262.04248
2014-06-23 09:00:00,256.77997
2014-06-23 12:00:00,252.41248
2014-06-23 15:00:00,253.92993
2014-06-23 18:00:00,258.14606
2014-06-23 21:00:00,261.46613
2014-06-24 00:00:00,264.1563
2014-06-24 03:00:00,269.8083
2014-06-24 06:00:00,278.63745
2014-06-24 09:00:00,287.40125
2014-06-24 12:00:00,293.3949
2014-06-24 15:00:00,299.04718
2014-06-24 18:00:00,305.03217
2014-06-24 21:00:00,313.00537
2014-06-25 00:00:00,314.44794
2014-06-25 03:00:00,319.1512
2014-06-25 06:00:00,322.20557
2014-06-25 09:00:00,322.89264
2014-06-25 12:00:00,322.10956
2014-06-25 15:00:00,321.2301
2014-06-25 18:00:00,322.0708
2014-06-25 21:00:00,324.74927
2014-06-26 00:00:00,322.42505
2014-06-26 03:00:00,320.86023
2014-06-26 06:00:00,321.01685
2014-06-26 09:00:00,320.39087
2014-06-26 12:00:00,315.89307
2014-06-26 15:00:00,313.39746
2014-06-26 18:00:00,314.6245
2014-06-26 21:00:00,319.20044
2014-06-27 00:00:00,323.5194
2014-06-27 03:00:00,326.3794
2014-06-27 06:00:00,324.80127
2014-06-27 09:00:00,321.86353
2014-06-27 12:00:00,317.89648
2014-06-27 15:00:00,314.64014
2014-06-27 18:00:00,315.98523
2014-06-27 21:00:00,319.46436
2014-06-28 00:00:00,317.6621
2014-06-28 03:00:00,316.0099
2014-06-28 06:00:00,314.0393
2014-06-28 09:00:00,311.53442
2014-06-28 12:00:00,309.69836
2014-06-28 15:00:00,307.49927
2014-06-28 18:00:00,305.5359
2014-06-28 21:00:00,309.73892
2014-06-29 00:00:00,320.2897
2014-06-29 03:00:00,327.48706
2014-06-29 06:00:00,330.6842
2014-06-29 09:00:00,331.0243
2014-06-29 12:00:00,326.688
2014-06-29 15:00:00,324.7052
2014-06-29 18:00:00,327.52637
2014-06-29 21:00:00,330.83148
2014-06-30 00:00:00,332.86902
2014-06-30 03:00:00,332.4701
2014-06-30 06:00:00,331.16516
2014-06-30 09:00:00,331.33313
2014-06-30 12:00:00,326.79834
2014-06-30 15:00:00,323.98572
2014-06-30 18:00:00,323.16956
2014-06-30 21:00:00,323.63623
2014-07-01 00:00:00,320.24365
2014-07-01 03:00:00,315.4099
2014-07-01 06:00:00,309.98755
2014-07-01 09:00:00,306.93787
2014-07-01 12:00:00,308.47272
2014-07-01 15:00:00,310.34888
2014-07-01 18:00:00,311.6187
2014-07-01 21:00:00,313.30255
2014-07-02 00:00:00,313.1607
2014-07-02 03:00:00,313.9317
2014-07-02 06:00:00,314.08008
2014-07-02 09:00:00,314.2697
2014-07-02 12:00:00,313.81122
2014-07-02 15:00:00,313.76843
2014-07-02 18:00:00,315.10266
2014-07-02 21:00:00,317.15295
2014-07-03 00:00:00,317.28955
2014-07-03 03:00:00,318.73965
2014-07-03 06:00:00,319.21106
2014-07-03 09:00:00,319.33173
2014-07-03 12:00:00,319.42993
2014-07-03 15:00:00,319.6546
2014-07-03 18:00:00,320.8855
2014-07-03 21:00:00,322.70044
2014-07-04 00:00:00,324.32233
2014-07-04 03:00:00,326.76062
2014-07-04 06:00:00,326.7079
2014-07-04 09:00:00,326.04053
2014-07-04 12:00:00,326.04297
2014-07-04 15:00:00,325.48474
2014-07-04 18:00:00,325.3817
2014-07-04 21:00:00,326.9535
2014-07-05 00:00:00,326.8454
2014-07-05 03:00:00,328.64087
2014-07-05 06:00:00,330.0039
2014-07-05 09:00:00,329.42578
2014-07-05 12:00:00,327.22168
2014-07-05 15:00:00,323.5188
2014-07-05 18:00:00,321.88672
2014-07-05 21:00:00,322.06262
2014-07-06 00:00:00,320.70227
2014-07-06 03:00:00,319.1996
2014-07-06 06:00:00,317.45007
2014-07-06 09:00:00,315.41602
2014-07-06 12:00:00,310.42273
2014-07-06 15:00:00,310.2583
2014-07-06 18:00:00,310.8855
2014-07-06 21:00:00,312.6051
2014-07-07 00:00:00,316.35242
2014-07-07 03:00:00,322.2141
2014-07-07 06:00:00,325.29858
2014-07-07 09:00:00,325.9486
2014-07-07 12:00:00,323.1471
2014-07-07 15:00:00,323.45776
2014-07-07 18:00:00,325.57672
2014-07-07 21:00:00,328.50586
2014-07-08 00:00:00,332.16046
2014-07-08 03:00:00,335.6273
2014-07-08 06:00:00,336.46207
2014-07-08 09:00:00,337.8169
2014-07-08 12:00:00,334.49316
2014-07-08 15:00:00,330.8529
2014-07-08 18:00:00,330.98474
2014-07-08 21:00:00,332.22055
2014-07-09 00:00:00,332.52252
2014-07-09 03:00:00,331.48712
2014-07-09 06:00:00,329.85962
2014-07-09 09:00:00,329.29608
2014-07-09 12:00:00,328.98596
2014-07-09 15:00:00,328.86188
2014-07-09 18:00:00,329.66522
2014-07-09 21:00:00,330.60187
2014-07-10 00:00:00,330.4707
2014-07-10 03:00:00,330.05164
2014-07-10 06:00:00,329.8416
2014-07-10 09:00:00,329.84436
2014-07-10 12:00:00,329.87238
2014-07-10 15:00:00,329.97668
2014-07-10 18:00:00,330.20453
2014-07-10 21:00:00,330.55194
2014-07-11 00:00:00,330.7746
2014-07-11 03:00:00,330.64233
2014-07-11 06:00:00,330.52362
2014-07-11 09:00:00,330.30475
2014-07-11 12:00:00,330.0854
2014-07-11 15:00:00,329.64874
2014-07-11 18:00:00,329.75513
2014-07-11 21:00:00,330.54376
2014-07-12 00:00:00,330.7496
2014-07-12 03:00:00,330.40106
2014-07-12 06:00:00,329.62134
2014-07-12 09:00:00,328.73615
2014-07-12 12:00:00,327.67426
2014-07-12 15:00:00,327.3156
2014-07-12 18:00:00,328.79794
2014-07-12 21:00:00,329.98343
2014-07-13 00:00:00,330.39972
2014-07-13 03:00:00,330.99707
2014-07-13 06:00:00,330.74078
2014-07-13 09:00:00,330.263
2014-07-13 12:00:00,329.01318
2014-07-13 15:00:00,327.92767
2014-07-13 18:00:00,328.9726
2014-07-13 21:00:00,330.67267
2014-07-14 00:00:00,333.0824
2014-07-14 03:00:00,335.26324
2014-07-14 06:00:00,334.84253
2014-07-14 09:00:00,331.91553
2014-07-14 12:00:00,328.94678
2014-07-14 15:00:00,326.3518
2014-07-14 18:00:00,325.70288
2014-07-14 21:00:00,326.2592
2014-07-15 00:00:00,327.685
2014-07-15 03:00:00,329.4242
2014-07-15 06:00:00,330.08914
2014-07-15 09:00:00,330.5733
2014-07-15 12:00:00,330.13885
2014-07-15 15:00:00,328.8048
2014-07-15 18:00:00,328.4798
2014-07-15 21:00:00,328.80664
2014-07-16 00:00:00,328.73737
2014-07-16 03:00:00,328.06534
2014-07-16 06:00:00,327.53082
2014-07-16 09:00:00,327.02863
2014-07-16 12:00:00,326.08582
2014-07-16 15:00:00,325.99164
2014-07-16 18:00:00,326.0119
2014-07-16 21:00:00,325.9961
2014-07-17 00:00:00,325.69592
2014-07-17 03:00:00,324.83325
2014-07-17 06:00:00,326.1289
2014-07-17 09:00:00,328.39343
2014-07-17 12:00:00,329.0442
2014-07-17 15:00:00,324.54956
2014-07-17 18:00:00,324.70703
2014-07-17 21:00:00,326.25134
2014-07-18 00:00:00,325.53442
2014-07-18 03:00:00,326.13806
2014-07-18 06:00:00,324.7378
2014-07-18 09:00:00,321.375
2014-07-18 12:00:00,316.0293
2014-07-18 15:00:00,309.4856
2014-07-18 18:00:00,300.64355
2014-07-18 21:00:00,292.8506
2014-07-19 00:00:00,277.469
2014-07-19 03:00:00,269.65784
2014-07-19 06:00:00,270.5957
2014-07-19 09:00:00,273.69666
2014-07-19 12:00:00,277.10022
2014-07-19 15:00:00,280.0083
2014-07-19 18:00:00,282.62146
2014-07-19 21:00:00,284.92712
2014-07-20 00:00:00,286.5713
2014-07-20 03:00:00,288.29553
2014-07-20 06:00:00,290.85315
2014-07-20 09:00:00,293.17426
2014-07-20 12:00:00,295.43372
2014-07-20 15:00:00,298.67957
2014-07-20 18:00:00,303.51404
2014-07-20 21:00:00,310.0968
2014-07-21 00:00:00,311.99133
2014-07-21 03:00:00,312.60333
2014-07-21 06:00:00,314.01617
2014-07-21 09:00:00,314.35248
2014-07-21 12:00:00,313.95874
2014-07-21 15:00:00,314.91357
2014-07-21 18:00:00,316.2506
2014-07-21 21:00:00,318.65216
2014-07-22 00:00:00,318.83936
2014-07-22 03:00:00,317.99158
2014-07-22 06:00:00,318.5874
2014-07-22 09:00:00,318.67145
2014-07-22 12:00:00,318.51575
2014-07-22 15:00:00,318.50537
2014-07-22 18:00:00,319.48474
2014-07-22 21:00:00,319.83148
2014-07-23 00:00:00,319.5016
2014-07-23 03:00:00,322.71497
2014-07-23 06:00:00,324.48492
2014-07-23 09:00:00,323.31122
2014-07-23 12:00:00,321.98718
2014-07-23 15:00:00,321.01782
2014-07-23 18:00:00,321.5263
2014-07-23 21:00:00,322.18268
2014-07-24 00:00:00,321.26575
2014-07-24 03:00:00,321.20532
2014-07-24 06:00:00,321.18396
2014-07-24 09:00:00,318.62744
2014-07-24 12:00:00,316.13965
2014-07-24 15:00:00,315.61328
2014-07-24 18:00:00,316.44666
2014-07-24 21:00:00,317.8321
2014-07-25 00:00:00,316.66992
2014-07-25 03:00:00,316.19208
2014-07-25 06:00:00,317.11743
2014-07-25 09:00:00,316.76447
2014-07-25 12:00:00,317.0866
2014-07-25 15:00:00,316.68756
2014-07-25 18:00:00,317.47882
2014-07-25 21:00:00,319.66418
2014-07-26 00:00:00,320.6797
2014-07-26 03:00:00,321.2138
2014-07-26 06:00:00,320.98694
2014-07-26 09:00:00,320.10962
2014-07-26 12:00:00,319.38702
2014-07-26 15:00:00,318.95612
2014-07-26 18:00:00,318.35333
2014-07-26 21:00:00,317.97406
2014-07-27 00:00:00,316.62677
2014-07-27 03:00:00,314.04077
2014-07-27 06:00:00,310.4303
2014-07-27 09:00:00,306.90063
2014-07-27 12:00:00,303.771
2014-07-27 15:00:00,301.31653
2014-07-27 18:00:00,299.79993
2014-07-27 21:00:00,298.81506
2014-07-28 00:00:00,298.30176
2014-07-28 03:00:00,298.07843
2014-07-28 06:00:00,298.2002
2014-07-28 09:00:00,298.74585
2014-07-28 12:00:00,299.9013
2014-07-28 15:00:00,302.3171
2014-07-28 18:00:00,306.99338
2014-07-28 21:00:00,313.485
2014-07-29 00:00:00,319.11417
2014-07-29 03:00:00,322.7772
2014-07-29 06:00:00,324.58856
2014-07-29 09:00:00,325.697
2014-07-29 12:00:00,326.63153
2014-07-29 15:00:00,327.4563
2014-07-29 18:00:00,328.09766
2014-07-29 21:00:00,328.52795
2014-07-30 00:00:00,328.4386
2014-07-30 03:00:00,328.02783
2014-07-30 06:00:00,327.75037
2014-07-30 09:00:00,327.6413
2014-07-30 12:00:00,326.0973
2014-07-30 15:00:00,324.83716
2014-07-30 18:00:00,326.4004
2014-07-30 21:00:00,327.2527
2014-07-31 00:00:00,327.1261
2014-07-31 03:00:00,326.32324
2014-07-31 06:00:00,325.16406
2014-07-31 09:00:00,324.1908
2014-07-31 12:00:00,323.28967
2014-07-31 15:00:00,322.31348
2014-07-31 18:00:00,322.93018
2014-07-31 21:00:00,323.54248
2014-08-01 00:00:00,323.55463
2014-08-01 03:00:00,323.0456
2014-08-01 06:00:00,322.96448
2014-08-01 09:00:00,324.2843
2014-08-01 12:00:00,323.53973
2014-08-01 15:00:00,322.1819
2014-08-01 18:00:00,321.37695
2014-08-01 21:00:00,322.4192
2014-08-02 00:00:00,321.64587
2014-08-02 03:00:00,319.80066
2014-08-02 06:00:00,317.43066
2014-08-02 09:00:00,314.97754
2014-08-02 12:00:00,312.6101
2014-08-02 15:00:00,310.30103
2014-08-02 18:00:00,308.91785
2014-08-02 21:00:00,308.6891
2014-08-03 00:00:00,309.12524
2014-08-03 03:00:00,309.6654
2014-08-03 06:00:00,309.82776
2014-08-03 09:00:00,309.43884
2014-08-03 12:00:00,308.77344
2014-08-03 15:00:00,308.82104
2014-08-03 18:00:00,312.0708
2014-08-03 21:00:00,316.61035
2014-08-04 00:00:00,320.6364
2014-08-04 03:00:00,324.86768
2014-08-04 06:00:00,326.57898
2014-08-04 09:00:00,327.505
2014-08-04 12:00:00,324.16272
2014-08-04 15:00:00,322.36816
2014-08-04 18:00:00,322.8756
2014-08-04 21:00:00,324.66406
2014-08-05 00:00:00,325.61072
2014-08-05 03:00:00,324.62683
2014-08-05 06:00:00,326.93042
2014-08-05 09:00:00,330.52124
2014-08-05 12:00:00,325.86108
2014-08-05 15:00:00,323.49426
2014-08-05 18:00:00,324.70972
2014-08-05 21:00:00,327.6748
2014-08-06 00:00:00,328.6797
2014-08-06 03:00:00,328.19604
2014-08-06 06:00:00,328.97778
2014-08-06 09:00:00,329.64197
2014-08-06 12:00:00,325.5227
2014-08-06 15:00:00,323.46582
2014-08-06 18:00:00,324.30237
2014-08-06 21:00:00,327.49304
2014-08-07 00:00:00,330.83862
2014-08-07 03:00:00,331.66248
2014-08-07 06:00:00,328.76733
2014-08-07 09:00:00,326.8518
2014-08-07 12:00:00,323.18848
2014-08-07 15:00:00,320.42297
2014-08-07 18:00:00,320.5514
2014-08-07 21:00:00,321.98914
2014-08-08 00:00:00,322.46118
2014-08-08 03:00:00,322.26636
2014-08-08 06:00:00,319.6067
2014-08-08 09:00:00,314.4392
2014-08-08 12:00:00,311.3689
2014-08-08 15:00:00,311.54346
2014-08-08 18:00:00,311.8938
2014-08-08 21:00:00,313.07837
2014-08-09 00:00:00,312.33777
2014-08-09 03:00:00,311.8479
2014-08-09 06:00:00,311.09534
2014-08-09 09:00:00,311.01
2014-08-09 12:00:00,310.84338
2014-08-09 15:00:00,310.22913
2014-08-09 18:00:00,309.92102
2014-08-09 21:00:00,310.6147
2014-08-10 00:00:00,310.91974
2014-08-10 03:00:00,311.06396
2014-08-10 06:00:00,311.232
2014-08-10 09:00:00,311.30786
2014-08-10 12:00:00,311.14148
2014-08-10 15:00:00,310.44543
2014-08-10 18:00:00,309.8628
2014-08-10 21:00:00,309.7273
2014-08-11 00:00:00,309.63635
2014-08-11 03:00:00,309.20154
2014-08-11 06:00:00,309.50323
2014-08-11 09:00:00,312.3948
2014-08-11 12:00:00,316.4942
2014-08-11 15:00:00,317.57532
2014-08-11 18:00:00,321.05438
2014-08-11 21:00:00,324.13934
2014-08-12 00:00:00,325.59692
2014-08-12 03:00:00,324.41724
2014-08-12 06:00:00,322.72083
2014-08-12 09:00:00,321.80176
2014-08-12 12:00:00,320.23303
2014-08-12 15:00:00,318.22522
2014-08-12 18:00:00,317.64795
2014-08-12 21:00:00,317.26025
2014-08-13 00:00:00,314.21082
2014-08-13 03:00:00,311.27148
2014-08-13 06:00:00,313.12042
2014-08-13 09:00:00,322.74524
2014-08-13 12:00:00,325.9702
2014-08-13 15:00:00,326.10568
2014-08-13 18:00:00,327.58246
2014-08-13 21:00:00,330.18246
2014-08-14 00:00:00,333.18317
2014-08-14 03:00:00,333.73596
2014-08-14 06:00:00,332.8534
2014-08-14 09:00:00,332.7306
2014-08-14 12:00:00,329.70172
2014-08-14 15:00:00,328.16638
2014-08-14 18:00:00,329.17285
2014-08-14 21:00:00,331.5469
2014-08-15 00:00:00,331.12506
2014-08-15 03:00:00,330.726
2014-08-15 06:00:00,331.20605
2014-08-15 09:00:00,331.66272
2014-08-15 12:00:00,330.54138
2014-08-15 15:00:00,330.04797
2014-08-15 18:00:00,331.15527
2014-08-15 21:00:00,332.90942
2014-08-16 00:00:00,333.85303
2014-08-16 03:00:00,332.86713
2014-08-16 06:00:00,332.2447
2014-08-16 09:00:00,331.40576
2014-08-16 12:00:00,329.58856
2014-08-16 15:00:00,328.13367
2014-08-16 18:00:00,327.86682
2014-08-16 21:00:00,328.28427
2014-08-17 00:00:00,327.69415
2014-08-17 03:00:00,326.82092
2014-08-17 06:00:00,326.01642
2014-08-17 09:00:00,325.4574
2014-08-17 12:00:00,325.2777
2014-08-17 15:00:00,325.1289
2014-08-17 18:00:00,325.79553
2014-08-17 21:00:00,326.18958
2014-08-18 00:00:00,326.29944
2014-08-18 03:00:00,325.93384
2014-08-18 06:00:00,325.4071
2014-08-18 09:00:00,323.6521
2014-08-18 12:00:00,322.28906
2014-08-18 15:00:00,320.85107
2014-08-18 18:00:00,321.88928
2014-08-18 21:00:00,322.83997
2014-08-19 00:00:00,322.81897
2014-08-19 03:00:00,324.08765
2014-08-19 06:00:00,324.39966
2014-08-19 09:00:00,324.37708
2014-08-19 12:00:00,323.75
2014-08-19 15:00:00,322.55725
2014-08-19 18:00:00,322.229
2014-08-19 21:00:00,323.98657
2014-08-20 00:00:00,325.53186
2014-08-20 03:00:00,327.19275
2014-08-20 06:00:00,327.8075
2014-08-20 09:00:00,327.0005
2014-08-20 12:00:00,326.07104
2014-08-20 15:00:00,324.03674
2014-08-20 18:00:00,323.08008
2014-08-20 21:00:00,323.12268
2014-08-21 00:00:00,321.98047
2014-08-21 03:00:00,320.53857
2014-08-21 06:00:00,318.0515
2014-08-21 09:00:00,315.1062
2014-08-21 12:00:00,312.06836
2014-08-21 15:00:00,309.43164
2014-08-21 18:00:00,308.89465
2014-08-21 21:00:00,311.0658
2014-08-22 00:00:00,310.54504
2014-08-22 03:00:00,309.292
2014-08-22 06:00:00,307.41626
2014-08-22 09:00:00,305.72742
2014-08-22 12:00:00,304.71875
2014-08-22 15:00:00,305.93872
2014-08-22 18:00:00,308.7694
2014-08-22 21:00:00,315.50037
2014-08-23 00:00:00,317.2827
2014-08-23 03:00:00,318.74243
2014-08-23 06:00:00,319.88477
2014-08-23 09:00:00,318.87036
2014-08-23 12:00:00,318.27393
2014-08-23 15:00:00,317.0581
2014-08-23 18:00:00,318.01184
2014-08-23 21:00:00,322.0033
2014-08-24 00:00:00,323.7119
2014-08-24 03:00:00,324.47687
2014-08-24 06:00:00,328.96344
2014-08-24 09:00:00,328.88745
2014-08-24 12:00:00,327.97827
2014-08-24 15:00:00,327.84705
2014-08-24 18:00:00,328.2744
2014-08-24 21:00:00,330.34674
2014-08-25 00:00:00,330.78375
2014-08-25 03:00:00,332.67554
2014-08-25 06:00:00,333.53394
2014-08-25 09:00:00,333.8733
2014-08-25 12:00:00,333.96582
2014-08-25 15:00:00,329.25854
2014-08-25 18:00:00,329.0376
2014-08-25 21:00:00,332.85352
2014-08-26 00:00:00,335.53345
2014-08-26 03:00:00,334.80542
2014-08-26 06:00:00,332.62866
2014-08-26 09:00:00,328.74658
2014-08-26 12:00:00,326.18262
2014-08-26 15:00:00,322.22803
2014-08-26 18:00:00,320.47217
2014-08-26 21:00:00,319.92102
2014-08-27 00:00:00,317.00098
2014-08-27 03:00:00,313.35608
2014-08-27 06:00:00,310.85693
2014-08-27 09:00:00,310.72998
2014-08-27 12:00:00,310.71228
2014-08-27 15:00:00,309.34827
2014-08-27 18:00:00,308.57666
2014-08-27 21:00:00,310.5912
2014-08-28 00:00:00,309.7467
2014-08-28 03:00:00,306.9336
2014-08-28 06:00:00,306.39563
2014-08-28 09:00:00,303.86243
2014-08-28 12:00:00,300.8927
2014-08-28 15:00:00,301.03857
2014-08-28 18:00:00,304.1305
2014-08-28 21:00:00,305.36902
2014-08-29 00:00:00,307.47888
2014-08-29 03:00:00,307.75208
2014-08-29 06:00:00,310.3319
2014-08-29 09:00:00,315.43066
2014-08-29 12:00:00,315.11572
2014-08-29 15:00:00,313.7744
2014-08-29 18:00:00,316.3211
2014-08-29 21:00:00,319.9264
2014-08-30 00:00:00,320.60132
2014-08-30 03:00:00,320.12848
2014-08-30 06:00:00,319.06555
2014-08-30 09:00:00,318.1554
2014-08-30 12:00:00,317.01318
2014-08-30 15:00:00,316.05487
2014-08-30 18:00:00,315.6737
2014-08-30 21:00:00,315.64996
2014-08-31 00:00:00,314.83685
2014-08-31 03:00:00,314.0213
2014-08-31 06:00:00,313.10962
2014-08-31 09:00:00,312.02893
2014-08-31 12:00:00,311.00842
2014-08-31 15:00:00,310.24622
2014-08-31 18:00:00,309.7826
2014-08-31 21:00:00,309.46155
2014-09-01 00:00:00,308.83984
2014-09-01 03:00:00,307.96533
2014-09-01 06:00:00,306.9386
2014-09-01 09:00:00,305.68323
2014-09-01 12:00:00,304.57214
2014-09-01 15:00:00,303.73865
2014-09-01 18:00:00,303.62158
2014-09-01 21:00:00,303.86224
2014-09-02 00:00:00,304.1806
2014-09-02 03:00:00,304.3875
2014-09-02 06:00:00,304.3919
2014-09-02 09:00:00,304.29547
2014-09-02 12:00:00,304.26636
2014-09-02 15:00:00,304.35974
2014-09-02 18:00:00,304.79645
2014-09-02 21:00:00,305.55536
2014-09-03 00:00:00,306.4076
2014-09-03 03:00:00,307.27362
2014-09-03 06:00:00,308.05048
2014-09-03 09:00:00,308.80273
2014-09-03 12:00:00,309.2655
2014-09-03 15:00:00,309.46204
2014-09-03 18:00:00,309.58673
2014-09-03 21:00:00,309.55603
2014-09-04 00:00:00,309.37097
2014-09-04 03:00:00,308.99036
2014-09-04 06:00:00,308.49756
2014-09-04 09:00:00,307.93884
2014-09-04 12:00:00,307.35327
2014-09-04 15:00:00,306.7345
2014-09-04 18:00:00,306.29675
2014-09-04 21:00:00,305.6693
2014-09-05 00:00:00,305.11194
2014-09-05 03:00:00,304.5476
2014-09-05 06:00:00,303.98645
2014-09-05 09:00:00,303.57483
2014-09-05 12:00:00,303.13367
2014-09-05 15:00:00,301.53223
2014-09-05 18:00:00,299.84436
2014-09-05 21:00:00,297.188
2014-09-06 00:00:00,292.7124
2014-09-06 03:00:00,287.1587
2014-09-06 06:00:00,282.51257
2014-09-06 09:00:00,279.9624
2014-09-06 12:00:00,279.20532
2014-09-06 15:00:00,280.11755
2014-09-06 18:00:00,281.73828
2014-09-06 21:00:00,284.13818
2014-09-07 00:00:00,285.6571
2014-09-07 03:00:00,286.0536
2014-09-07 06:00:00,286.35974
2014-09-07 09:00:00,286.52466
2014-09-07 12:00:00,286.1034
2014-09-07 15:00:00,285.34204
2014-09-07 18:00:00,284.61853
2014-09-07 21:00:00,283.2527
2014-09-08 00:00:00,281.0365
2014-09-08 03:00:00,279.44617
2014-09-08 06:00:00,278.32776
2014-09-08 09:00:00,277.80737
2014-09-08 12:00:00,277.82043
2014-09-08 15:00:00,278.4618
2014-09-08 18:00:00,279.58777
2014-09-08 21:00:00,280.81274
2014-09-09 00:00:00,281.74426
2014-09-09 03:00:00,282.40784
2014-09-09 06:00:00,282.53455
2014-09-09 09:00:00,281.36926
2014-09-09 12:00:00,277.60815
2014-09-09 15:00:00,269.74487
2014-09-09 18:00:00,260.0351
2014-09-09 21:00:00,255.04236
2014-09-10 00:00:00,250.29755
2014-09-10 03:00:00,248.87852
2014-09-10 06:00:00,247.61072
2014-09-10 09:00:00,247.55629
2014-09-10 12:00:00,246.69308
2014-09-10 15:00:00,243.32329
2014-09-10 18:00:00,243.94122
2014-09-10 21:00:00,247.84792
2014-09-11 00:00:00,250.24556
2014-09-11 03:00:00,251.88521
2014-09-11 06:00:00,252.60501
2014-09-11 09:00:00,253.05711
2014-09-11 12:00:00,253.54929
2014-09-11 15:00:00,254.7127
2014-09-11 18:00:00,256.28992
2014-09-11 21:00:00,257.87964
2014-09-12 00:00:00,260.14038
2014-09-12 03:00:00,264.5398
2014-09-12 06:00:00,271.65106
2014-09-12 09:00:00,279.71765
2014-09-12 12:00:00,284.28296
2014-09-12 15:00:00,285.74786
2014-09-12 18:00:00,286.41766
2014-09-12 21:00:00,286.77386
2014-09-13 00:00:00,286.98358
2014-09-13 03:00:00,287.12048
2014-09-13 06:00:00,287.23486
2014-09-13 09:00:00,287.292
2014-09-13 12:00:00,287.25928
2014-09-13 15:00:00,286.98145
2014-09-13 18:00:00,286.8214
2014-09-13 21:00:00,286.588
2014-09-14 00:00:00,286.28442
2014-09-14 03:00:00,286.14307
2014-09-14 06:00:00,286.00208
2014-09-14 09:00:00,284.56348
2014-09-14 12:00:00,282.77393
2014-09-14 15:00:00,281.40283
2014-09-14 18:00:00,280.6145
2014-09-14 21:00:00,279.3152
2014-09-15 00:00:00,276.92456
2014-09-15 03:00:00,274.74707
2014-09-15 06:00:00,274.35876
2014-09-15 09:00:00,273.7444
2014-09-15 12:00:00,271.12622
2014-09-15 15:00:00,267.8037
2014-09-15 18:00:00,266.33673
2014-09-15 21:00:00,260.9491
2014-09-16 00:00:00,240.26639
2014-09-16 03:00:00,231.22632
2014-09-16 06:00:00,230.57477
2014-09-16 09:00:00,234.86224
2014-09-16 12:00:00,239.00893
2014-09-16 15:00:00,240.54703
2014-09-16 18:00:00,240.47546
2014-09-16 21:00:00,244.1371
2014-09-17 00:00:00,250.96117
2014-09-17 03:00:00,257.91104
2014-09-17 06:00:00,266.2622
2014-09-17 09:00:00,274.08496
2014-09-17 12:00:00,280.8191
2014-09-17 15:00:00,284.73828
2014-09-17 18:00:00,287.40002
2014-09-17 21:00:00,289.88892
2014-09-18 00:00:00,291.97363
2014-09-18 03:00:00,293.25977
2014-09-18 06:00:00,293.9944
2014-09-18 09:00:00,293.63647
2014-09-18 12:00:00,293.87524
2014-09-18 15:00:00,292.96313
2014-09-18 18:00:00,290.7041
2014-09-18 21:00:00,290.79065
2014-09-19 00:00:00,292.0797
2014-09-19 03:00:00,294.2558
2014-09-19 06:00:00,296.63367
2014-09-19 09:00:00,299.01825
2014-09-19 12:00:00,300.82855
2014-09-19 15:00:00,302.09656
2014-09-19 18:00:00,303.0818
2014-09-19 21:00:00,303.8463
2014-09-20 00:00:00,304.38257
2014-09-20 03:00:00,304.7721
2014-09-20 06:00:00,304.98572
2014-09-20 09:00:00,305.02417
2014-09-20 12:00:00,304.6156
2014-09-20 15:00:00,304.00842
2014-09-20 18:00:00,303.36768
2014-09-20 21:00:00,302.9353
2014-09-21 00:00:00,301.9807
2014-09-21 03:00:00,300.85522
2014-09-21 06:00:00,299.9403
2014-09-21 09:00:00,299.18774
2014-09-21 12:00:00,298.72003
2014-09-21 15:00:00,298.42224
2014-09-21 18:00:00,298.28418
2014-09-21 21:00:00,298.47107
2014-09-22 00:00:00,298.5597
2014-09-22 03:00:00,298.00073
2014-09-22 06:00:00,296.76953
2014-09-22 09:00:00,296.03162
2014-09-22 12:00:00,294.38306
2014-09-22 15:00:00,290.4082
2014-09-22 18:00:00,289.0244
2014-09-22 21:00:00,288.7544
2014-09-23 00:00:00,288.60632
2014-09-23 03:00:00,288.8838
2014-09-23 06:00:00,289.68518
2014-09-23 09:00:00,291.34558
2014-09-23 12:00:00,294.1349
2014-09-23 15:00:00,297.85904
2014-09-23 18:00:00,302.10275
2014-09-23 21:00:00,305.92996
2014-09-24 00:00:00,308.8419
2014-09-24 03:00:00,310.67657
2014-09-24 06:00:00,312.55103
2014-09-24 09:00:00,314.02203
2014-09-24 12:00:00,315.10162
2014-09-24 15:00:00,315.7096
2014-09-24 18:00:00,316.55096
2014-09-24 21:00:00,317.3474
2014-09-25 00:00:00,317.47696
2014-09-25 03:00:00,317.50214
2014-09-25 06:00:00,317.39404
2014-09-25 09:00:00,317.56482
2014-09-25 12:00:00,317.58722
2014-09-25 15:00:00,317.51617
2014-09-25 18:00:00,317.6712
2014-09-25 21:00:00,317.8841
2014-09-26 00:00:00,317.92725
2014-09-26 03:00:00,317.87418
2014-09-26 06:00:00,317.7027
2014-09-26 09:00:00,317.38928
2014-09-26 12:00:00,316.6049
2014-09-26 15:00:00,316.01276
2014-09-26 18:00:00,315.61652
2014-09-26 21:00:00,315.56464
2014-09-27 00:00:00,315.23627
2014-09-27 03:00:00,314.7442
2014-09-27 06:00:00,314.15277
2014-09-27 09:00:00,313.68152
2014-09-27 12:00:00,313.23224
2014-09-27 15:00:00,312.85846
2014-09-27 18:00:00,312.7738
2014-09-27 21:00:00,312.3241
2014-09-28 00:00:00,312.06454
2014-09-28 03:00:00,311.93427
2014-09-28 06:00:00,311.96445
2014-09-28 09:00:00,312.08707
2014-09-28 12:00:00,312.42474
2014-09-28 15:00:00,312.64886
2014-09-28 18:00:00,313.19702
2014-09-28 21:00:00,314.06693
2014-09-29 00:00:00,315.27362
2014-09-29 03:00:00,315.7039
2014-09-29 06:00:00,315.79797
2014-09-29 09:00:00,315.46362
2014-09-29 12:00:00,314.90735
2014-09-29 15:00:00,315.0158
2014-09-29 18:00:00,318.0396
2014-09-29 21:00:00,320.83752
2014-09-30 00:00:00,322.51074
2014-09-30 03:00:00,324.29706
2014-09-30 06:00:00,326.31335
2014-09-30 09:00:00,327.62787
2014-09-30 12:00:00,326.8474
2014-09-30 15:00:00,325.2755
2014-09-30 18:00:00,326.16614
2014-09-30 21:00:00,328.16162
2014-10-01 00:00:00,331.97308
2014-10-01 03:00:00,332.9698
2014-10-01 06:00:00,332.46527
2014-10-01 09:00:00,329.74417
2014-10-01 12:00:00,327.39114
2014-10-01 15:00:00,325.62994
2014-10-01 18:00:00,324.5066
2014-10-01 21:00:00,324.83737
2014-10-02 00:00:00,324.80945
2014-10-02 03:00:00,324.24854
2014-10-02 06:00:00,323.3724
2014-10-02 09:00:00,322.5963
2014-10-02 12:00:00,322.12073
2014-10-02 15:00:00,322.07138
2014-10-02 18:00:00,322.31494
2014-10-02 21:00:00,322.6509
2014-10-03 00:00:00,322.872
2014-10-03 03:00:00,322.7775
2014-10-03 06:00:00,322.4861
2014-10-03 09:00:00,322.08664
2014-10-03 12:00:00,321.60785
2014-10-03 15:00:00,321.1755
2014-10-03 18:00:00,320.78165
2014-10-03 21:00:00,320.4311
2014-10-04 00:00:00,320.1412
2014-10-04 03:00:00,319.98672
2014-10-04 06:00:00,319.93387
2014-10-04 09:00:00,320.75406
2014-10-04 12:00:00,321.41064
2014-10-04 15:00:00,322.47583
2014-10-04 18:00:00,323.57434
2014-10-04 21:00:00,326.09567
2014-10-05 00:00:00,326.4157
2014-10-05 03:00:00,327.4422
2014-10-05 06:00:00,326.70532
2014-10-05 09:00:00,325.65356
2014-10-05 12:00:00,323.84375
2014-10-05 15:00:00,322.847
2014-10-05 18:00:00,323.39282
2014-10-05 21:00:00,324.211
2014-10-06 00:00:00,323.41638
2014-10-06 03:00:00,323.22675
2014-10-06 06:00:00,321.7433
2014-10-06 09:00:00,320.4709
2014-10-06 12:00:00,320.05847
2014-10-06 15:00:00,320.0462
2014-10-06 18:00:00,320.0244
2014-10-06 21:00:00,319.9394
2014-10-07 00:00:00,319.87103
2014-10-07 03:00:00,319.5569
2014-10-07 06:00:00,319.0633
2014-10-07 09:00:00,318.61792
2014-10-07 12:00:00,318.3072
2014-10-07 15:00:00,318.4193
2014-10-07 18:00:00,318.81805
2014-10-07 21:00:00,319.04175
2014-10-08 00:00:00,319.10547
2014-10-08 03:00:00,318.93353
2014-10-08 06:00:00,318.37048
2014-10-08 09:00:00,317.34387
2014-10-08 12:00:00,316.21484
2014-10-08 15:00:00,314.13684
2014-10-08 18:00:00,311.9712
2014-10-08 21:00:00,311.8877
2014-10-09 00:00:00,312.58887
2014-10-09 03:00:00,314.27478
2014-10-09 06:00:00,316.00372
2014-10-09 09:00:00,316.8877
2014-10-09 12:00:00,317.60382
2014-10-09 15:00:00,317.06683
2014-10-09 18:00:00,315.80566
2014-10-09 21:00:00,313.56052
2014-10-10 00:00:00,313.5973
2014-10-10 03:00:00,313.5603
2014-10-10 06:00:00,313.25092
2014-10-10 09:00:00,313.3083
2014-10-10 12:00:00,313.26074
2014-10-10 15:00:00,313.12585
2014-10-10 18:00:00,312.88013
2014-10-10 21:00:00,312.17407
2014-10-11 00:00:00,311.10315
2014-10-11 03:00:00,310.32874
2014-10-11 06:00:00,309.91443
2014-10-11 09:00:00,309.72742
2014-10-11 12:00:00,309.75793
2014-10-11 15:00:00,308.9475
2014-10-11 18:00:00,306.13354
2014-10-11 21:00:00,287.62598
2014-10-12 00:00:00,285.55408
2014-10-12 03:00:00,283.1859
2014-10-12 06:00:00,290.12793
2014-10-12 09:00:00,294.297
2014-10-12 12:00:00,298.83643
2014-10-12 15:00:00,302.2058
2014-10-12 18:00:00,305.1803
2014-10-12 21:00:00,308.50073
2014-10-13 00:00:00,310.52856
2014-10-13 03:00:00,311.6858
2014-10-13 06:00:00,311.99817
2014-10-13 09:00:00,308.75903
2014-10-13 12:00:00,294.3296
2014-10-13 15:00:00,269.9226
2014-10-13 18:00:00,255.83867
2014-10-13 21:00:00,269.31482
2014-10-14 00:00:00,274.2384
2014-10-14 03:00:00,277.59833
2014-10-14 06:00:00,283.31848
2014-10-14 09:00:00,287.35193
2014-10-14 12:00:00,290.47913
2014-10-14 15:00:00,292.93408
2014-10-14 18:00:00,294.75903
2014-10-14 21:00:00,295.93127
2014-10-15 00:00:00,295.69446
2014-10-15 03:00:00,291.6504
2014-10-15 06:00:00,287.29004
2014-10-15 09:00:00,285.19873
2014-10-15 12:00:00,283.04956
2014-10-15 15:00:00,284.76636
2014-10-15 18:00:00,289.6577
2014-10-15 21:00:00,293.17017
2014-10-16 00:00:00,295.07233
2014-10-16 03:00:00,295.96143
2014-10-16 06:00:00,296.0946
2014-10-16 09:00:00,295.96362
2014-10-16 12:00:00,295.68054
2014-10-16 15:00:00,295.23596
2014-10-16 18:00:00,294.9458
2014-10-16 21:00:00,294.68127
2014-10-17 00:00:00,294.24536
2014-10-17 03:00:00,293.70056
2014-10-17 06:00:00,292.4392
2014-10-17 09:00:00,290.08765
2014-10-17 12:00:00,287.386
2014-10-17 15:00:00,284.8379
2014-10-17 18:00:00,283.71143
2014-10-17 21:00:00,282.51587
2014-10-18 00:00:00,280.37622
2014-10-18 03:00:00,278.54077
2014-10-18 06:00:00,277.66553
2014-10-18 09:00:00,279.36853
2014-10-18 12:00:00,281.9372
2014-10-18 15:00:00,283.59705
2014-10-18 18:00:00,284.60358
2014-10-18 21:00:00,285.39514
2014-10-19 00:00:00,285.8241
2014-10-19 03:00:00,286.11786
2014-10-19 06:00:00,286.48346
2014-10-19 09:00:00,286.97388
2014-10-19 12:00:00,287.628
2014-10-19 15:00:00,288.72943
2014-10-19 18:00:00,290.80322
2014-10-19 21:00:00,293.93835
2014-10-20 00:00:00,297.5293
2014-10-20 03:00:00,300.54712
2014-10-20 06:00:00,303.13312
2014-10-20 09:00:00,305.51794
2014-10-20 12:00:00,307.70007
2014-10-20 15:00:00,309.50452
2014-10-20 18:00:00,310.89185
2014-10-20 21:00:00,311.98688
2014-10-21 00:00:00,312.79865
2014-10-21 03:00:00,312.8327
2014-10-21 06:00:00,311.66138
2014-10-21 09:00:00,309.23914
2014-10-21 12:00:00,305.51123
2014-10-21 15:00:00,301.04785
2014-10-21 18:00:00,296.86743
2014-10-21 21:00:00,293.64648
2014-10-22 00:00:00,291.40405
2014-10-22 03:00:00,289.72827
2014-10-22 06:00:00,288.25366
2014-10-22 09:00:00,287.92188
2014-10-22 12:00:00,289.30273
2014-10-22 15:00:00,292.20618
2014-10-22 18:00:00,296.3872
2014-10-22 21:00:00,300.91724
2014-10-23 00:00:00,304.27405
2014-10-23 03:00:00,307.41003
2014-10-23 06:00:00,310.61133
2014-10-23 09:00:00,313.43774
2014-10-23 12:00:00,315.50073
2014-10-23 15:00:00,316.95105
2014-10-23 18:00:00,317.7345
2014-10-23 21:00:00,318.6195
2014-10-24 00:00:00,319.40063
2014-10-24 03:00:00,318.8778
2014-10-24 06:00:00,317.76013
2014-10-24 09:00:00,315.9923
2014-10-24 12:00:00,314.32385
2014-10-24 15:00:00,312.91418
2014-10-24 18:00:00,311.7002
2014-10-24 21:00:00,310.9054
2014-10-25 00:00:00,310.5133
2014-10-25 03:00:00,310.41516
2014-10-25 06:00:00,310.6095
2014-10-25 09:00:00,311.48315
2014-10-25 12:00:00,311.91547
2014-10-25 15:00:00,312.53027
2014-10-25 18:00:00,314.28687
2014-10-25 21:00:00,316.5951
2014-10-26 00:00:00,318.76025
2014-10-26 03:00:00,320.2701
2014-10-26 06:00:00,321.12747
2014-10-26 09:00:00,321.3207
2014-10-26 12:00:00,321.18915
2014-10-26 15:00:00,320.77603
2014-10-26 18:00:00,320.64496
2014-10-26 21:00:00,320.68146
2014-10-27 00:00:00,320.83716
2014-10-27 03:00:00,321.09442
2014-10-27 06:00:00,321.6247
2014-10-27 09:00:00,322.23624
2014-10-27 12:00:00,322.80942
2014-10-27 15:00:00,323.4616
2014-10-27 18:00:00,323.752
2014-10-27 21:00:00,323.78903
2014-10-28 00:00:00,324.29114
2014-10-28 03:00:00,324.13495
2014-10-28 06:00:00,322.893
2014-10-28 09:00:00,321.6814
2014-10-28 12:00:00,321.3766
2014-10-28 15:00:00,320.84424
2014-10-28 18:00:00,321.4237
2014-10-28 21:00:00,329.20508
2014-10-29 00:00:00,320.56714
2014-10-29 03:00:00,317.8213
2014-10-29 06:00:00,316.3313
2014-10-29 09:00:00,315.45886
2014-10-29 12:00:00,314.72046
2014-10-29 15:00:00,313.5338
2014-10-29 18:00:00,312.56494
2014-10-29 21:00:00,312.10315
2014-10-30 00:00:00,312.30786
2014-10-30 03:00:00,312.82922
2014-10-30 06:00:00,313.74585
2014-10-30 09:00:00,314.29102
2014-10-30 12:00:00,312.86157
2014-10-30 15:00:00,310.792
2014-10-30 18:00:00,309.62634
2014-10-30 21:00:00,308.0879
2014-10-31 00:00:00,298.60986
2014-10-31 03:00:00,285.20605
2014-10-31 06:00:00,210.40697
2014-10-31 09:00:00,142.4691
2014-10-31 12:00:00,168.08788
2014-10-31 15:00:00,255.64491
2014-10-31 18:00:00,277.9485
2014-10-31 21:00:00,283.91833
2014-11-01 00:00:00,285.62854
2014-11-01 03:00:00,287.71063
2014-11-01 06:00:00,288.68195
2014-11-01 09:00:00,290.0307
2014-11-01 12:00:00,291.55576
2014-11-01 15:00:00,293.6418
2014-11-01 18:00:00,296.80548
2014-11-01 21:00:00,299.47693
2014-11-02 00:00:00,300.88504
2014-11-02 03:00:00,303.33124
2014-11-02 06:00:00,306.63092
2014-11-02 09:00:00,306.93884
2014-11-02 12:00:00,306.39258
2014-11-02 15:00:00,308.3369
2014-11-02 18:00:00,310.17615
2014-11-02 21:00:00,310.47272
2014-11-03 00:00:00,310.76666
2014-11-03 03:00:00,310.87842
2014-11-03 06:00:00,310.6023
2014-11-03 09:00:00,308.92438
2014-11-03 12:00:00,303.5282
2014-11-03 15:00:00,298.50134
2014-11-03 18:00:00,295.08374
2014-11-03 21:00:00,288.94543
2014-11-04 00:00:00,292.7357
2014-11-04 03:00:00,304.7597
2014-11-04 06:00:00,311.31604
2014-11-04 09:00:00,315.19568
2014-11-04 12:00:00,316.0086
2014-11-04 15:00:00,317.7896
2014-11-04 18:00:00,319.20172
2014-11-04 21:00:00,319.9939
2014-11-05 00:00:00,319.91095
2014-11-05 03:00:00,320.60754
2014-11-05 06:00:00,321.61877
2014-11-05 09:00:00,322.77734
2014-11-05 12:00:00,322.75134
2014-11-05 15:00:00,323.1026
2014-11-05 18:00:00,323.78204
2014-11-05 21:00:00,324.2837
2014-11-06 00:00:00,323.81274
2014-11-06 03:00:00,323.1535
2014-11-06 06:00:00,322.581
2014-11-06 09:00:00,322.4618
2014-11-06 12:00:00,322.16492
2014-11-06 15:00:00,321.34387
2014-11-06 18:00:00,318.98035
2014-11-06 21:00:00,312.77905
2014-11-07 00:00:00,300.22754
2014-11-07 03:00:00,290.7976
2014-11-07 06:00:00,289.48157
2014-11-07 09:00:00,292.02393
2014-11-07 12:00:00,295.67896
2014-11-07 15:00:00,300.36407
2014-11-07 18:00:00,305.04718
2014-11-07 21:00:00,308.45538
2014-11-08 00:00:00,310.30646
2014-11-08 03:00:00,311.102
2014-11-08 06:00:00,311.47736
2014-11-08 09:00:00,311.69574
2014-11-08 12:00:00,311.43115
2014-11-08 15:00:00,309.57855
2014-11-08 18:00:00,306.28925
2014-11-08 21:00:00,308.12842
2014-11-09 00:00:00,310.4088
2014-11-09 03:00:00,311.59442
2014-11-09 06:00:00,311.52545
2014-11-09 09:00:00,311.8015
2014-11-09 12:00:00,311.8366
2014-11-09 15:00:00,312.0976
2014-11-09 18:00:00,312.79767
2014-11-09 21:00:00,313.52295
2014-11-10 00:00:00,312.75897
2014-11-10 03:00:00,312.33618
2014-11-10 06:00:00,312.38666
2014-11-10 09:00:00,312.64142
2014-11-10 12:00:00,312.57983
2014-11-10 15:00:00,306.68408
2014-11-10 18:00:00,304.36182
2014-11-10 21:00:00,299.1067
2014-11-11 00:00:00,289.25507
2014-11-11 03:00:00,288.80865
2014-11-11 06:00:00,289.39532
2014-11-11 09:00:00,291.40936
2014-11-11 12:00:00,293.86493
2014-11-11 15:00:00,296.47675
2014-11-11 18:00:00,299.27478
2014-11-11 21:00:00,301.55566
2014-11-12 00:00:00,302.9616
2014-11-12 03:00:00,303.81464
2014-11-12 06:00:00,304.47675
2014-11-12 09:00:00,305.01288
2014-11-12 12:00:00,305.06512
2014-11-12 15:00:00,304.89362
2014-11-12 18:00:00,304.57227
2014-11-12 21:00:00,303.93884
2014-11-13 00:00:00,302.21204
2014-11-13 03:00:00,298.00745
2014-11-13 06:00:00,293.58154
2014-11-13 09:00:00,288.22827
2014-11-13 12:00:00,280.95117
2014-11-13 15:00:00,275.40967
2014-11-13 18:00:00,269.65942
2014-11-13 21:00:00,269.03406
2014-11-14 00:00:00,276.05725
2014-11-14 03:00:00,284.40088
2014-11-14 06:00:00,290.9342
2014-11-14 09:00:00,294.69977
2014-11-14 12:00:00,296.39905
2014-11-14 15:00:00,296.81256
2014-11-14 18:00:00,296.11963
2014-11-14 21:00:00,296.40918
2014-11-15 00:00:00,297.3446
2014-11-15 03:00:00,298.2746
2014-11-15 06:00:00,298.985
2014-11-15 09:00:00,299.66412
2014-11-15 12:00:00,299.9632
2014-11-15 15:00:00,300.10968
2014-11-15 18:00:00,300.98486
2014-11-15 21:00:00,302.48602
2014-11-16 00:00:00,304.19604
2014-11-16 03:00:00,305.95654
2014-11-16 06:00:00,308.24628
2014-11-16 09:00:00,310.39398
2014-11-16 12:00:00,311.96356
2014-11-16 15:00:00,312.97174
2014-11-16 18:00:00,313.555
2014-11-16 21:00:00,313.7918
2014-11-17 00:00:00,313.9994
2014-11-17 03:00:00,314.34113
2014-11-17 06:00:00,314.97937
2014-11-17 09:00:00,316.07916
2014-11-17 12:00:00,317.67224
2014-11-17 15:00:00,319.4145
2014-11-17 18:00:00,321.05725
2014-11-17 21:00:00,322.42584
2014-11-18 00:00:00,323.25836
2014-11-18 03:00:00,323.53546
2014-11-18 06:00:00,322.6183
2014-11-18 09:00:00,315.14404
2014-11-18 12:00:00,283.89215
2014-11-18 15:00:00,224.61838
2014-11-18 18:00:00,217.58636
2014-11-18 21:00:00,225.5626
2014-11-19 00:00:00,237.09407
2014-11-19 03:00:00,248.96902
2014-11-19 06:00:00,269.92346
2014-11-19 09:00:00,284.58673
2014-11-19 12:00:00,288.87988
2014-11-19 15:00:00,283.92358
2014-11-19 18:00:00,280.15625
2014-11-19 21:00:00,293.3513
2014-11-20 00:00:00,300.0697
2014-11-20 03:00:00,303.04895
2014-11-20 06:00:00,302.27484
2014-11-20 09:00:00,300.83032
2014-11-20 12:00:00,302.25684
2014-11-20 15:00:00,302.76746
2014-11-20 18:00:00,303.00647
2014-11-20 21:00:00,303.5525
2014-11-21 00:00:00,302.65833
2014-11-21 03:00:00,301.10547
2014-11-21 06:00:00,300.0177
2014-11-21 09:00:00,298.68774
2014-11-21 12:00:00,296.9712
2014-11-21 15:00:00,295.83264
2014-11-21 18:00:00,295.66418
2014-11-21 21:00:00,295.7981
2014-11-22 00:00:00,295.70874
2014-11-22 03:00:00,295.13855
2014-11-22 06:00:00,293.85083
2014-11-22 09:00:00,292.02722
2014-11-22 12:00:00,290.25232
2014-11-22 15:00:00,289.62317
2014-11-22 18:00:00,290.63208
2014-11-22 21:00:00,297.68964
2014-11-23 00:00:00,302.84586
2014-11-23 03:00:00,305.64847
2014-11-23 06:00:00,307.4874
2014-11-23 09:00:00,308.69125
2014-11-23 12:00:00,311.19162
2014-11-23 15:00:00,313.51236
2014-11-23 18:00:00,315.89105
2014-11-23 21:00:00,315.09662
2014-11-24 00:00:00,315.26617
2014-11-24 03:00:00,316.6267
2014-11-24 06:00:00,318.74536
2014-11-24 09:00:00,320.52094
2014-11-24 12:00:00,320.17346
2014-11-24 15:00:00,319.58728
2014-11-24 18:00:00,319.8963
2014-11-24 21:00:00,320.36578
2014-11-25 00:00:00,320.87747
2014-11-25 03:00:00,322.3945
2014-11-25 06:00:00,323.93695
2014-11-25 09:00:00,324.7763
2014-11-25 12:00:00,322.3656
2014-11-25 15:00:00,319.1991
2014-11-25 18:00:00,316.08716
2014-11-25 21:00:00,312.12915
2014-11-26 00:00:00,308.6806
2014-11-26 03:00:00,306.1803
2014-11-26 06:00:00,304.4397
2014-11-26 09:00:00,300.64667
2014-11-26 12:00:00,274.4646
2014-11-26 15:00:00,266.27457
2014-11-26 18:00:00,277.8457
2014-11-26 21:00:00,281.4203
2014-11-27 00:00:00,280.71814
2014-11-27 03:00:00,278.74146
2014-11-27 06:00:00,278.6808
2014-11-27 09:00:00,281.76385
2014-11-27 12:00:00,282.98804
2014-11-27 15:00:00,284.3733
2014-11-27 18:00:00,282.53552
2014-11-27 21:00:00,263.72757
2014-11-28 00:00:00,263.0089
2014-11-28 03:00:00,272.55066
2014-11-28 06:00:00,276.50934
2014-11-28 09:00:00,277.7622
2014-11-28 12:00:00,279.33118
2014-11-28 15:00:00,281.925
2014-11-28 18:00:00,284.76135
2014-11-28 21:00:00,287.3341
2014-11-29 00:00:00,289.50946
2014-11-29 03:00:00,292.34436
2014-11-29 06:00:00,294.5971
2014-11-29 09:00:00,297.79657
2014-11-29 12:00:00,300.32147
2014-11-29 15:00:00,301.9076
2014-11-29 18:00:00,304.78363
2014-11-29 21:00:00,306.6272
2014-11-30 00:00:00,307.7121
2014-11-30 03:00:00,308.1724
2014-11-30 06:00:00,308.42264
2014-11-30 09:00:00,309.16583
2014-11-30 12:00:00,310.35205
2014-11-30 15:00:00,310.9853
2014-11-30 18:00:00,311.43527
2014-11-30 21:00:00,312.46988
2014-12-01 00:00:00,314.3886
2014-12-01 03:00:00,316.63452
2014-12-01 06:00:00,319.14948
2014-12-01 09:00:00,320.90216
2014-12-01 12:00:00,322.3104
2014-12-01 15:00:00,324.831
2014-12-01 18:00:00,328.7929
2014-12-01 21:00:00,331.94107
2014-12-02 00:00:00,332.15674
2014-12-02 03:00:00,333.03607
2014-12-02 06:00:00,332.63403
2014-12-02 09:00:00,330.86905
2014-12-02 12:00:00,328.62506
2014-12-02 15:00:00,326.79688
2014-12-02 18:00:00,326.38348
2014-12-02 21:00:00,326.42972
2014-12-03 00:00:00,324.33737
2014-12-03 03:00:00,323.38458
2014-12-03 06:00:00,323.50555
2014-12-03 09:00:00,324.08655
2014-12-03 12:00:00,325.39532
2014-12-03 15:00:00,326.5656
2014-12-03 18:00:00,327.74255
2014-12-03 21:00:00,328.23016
2014-12-04 00:00:00,327.71902
2014-12-04 03:00:00,326.59595
2014-12-04 06:00:00,325.23822
2014-12-04 09:00:00,323.79822
2014-12-04 12:00:00,322.3128
2014-12-04 15:00:00,321.16748
2014-12-04 18:00:00,322.28906
2014-12-04 21:00:00,323.54074
2014-12-05 00:00:00,322.5099
2014-12-05 03:00:00,321.34924
2014-12-05 06:00:00,320.7608
2014-12-05 09:00:00,319.88397
2014-12-05 12:00:00,319.1493
2014-12-05 15:00:00,318.5628
2014-12-05 18:00:00,317.65417
2014-12-05 21:00:00,316.28986
2014-12-06 00:00:00,315.3673
2014-12-06 03:00:00,315.14468
2014-12-06 06:00:00,315.25232
2014-12-06 09:00:00,316.30835
2014-12-06 12:00:00,318.2129
2014-12-06 15:00:00,319.9151
2014-12-06 18:00:00,321.93286
2014-12-06 21:00:00,323.89313
2014-12-07 00:00:00,325.7603
2014-12-07 03:00:00,326.39175
2014-12-07 06:00:00,327.2312
2014-12-07 09:00:00,329.0637
2014-12-07 12:00:00,331.7981
2014-12-07 15:00:00,332.4159
2014-12-07 18:00:00,332.65067
2014-12-07 21:00:00,333.31
2014-12-08 00:00:00,333.4619
2014-12-08 03:00:00,333.29736
2014-12-08 06:00:00,331.88904
2014-12-08 09:00:00,330.1059
2014-12-08 12:00:00,330.16867
2014-12-08 15:00:00,329.63373
2014-12-08 18:00:00,329.73242
2014-12-08 21:00:00,331.53458
2014-12-09 00:00:00,329.38287
2014-12-09 03:00:00,329.35327
2014-12-09 06:00:00,328.94547
2014-12-09 09:00:00,328.56363
2014-12-09 12:00:00,328.6653
2014-12-09 15:00:00,328.98615
2014-12-09 18:00:00,329.66614
2014-12-09 21:00:00,330.72717
2014-12-10 00:00:00,329.36975
2014-12-10 03:00:00,327.8877
2014-12-10 06:00:00,327.14322
2014-12-10 09:00:00,326.78278
2014-12-10 12:00:00,326.2067
2014-12-10 15:00:00,325.51843
2014-12-10 18:00:00,325.4718
2014-12-10 21:00:00,326.19608
2014-12-11 00:00:00,327.17145
2014-12-11 03:00:00,328.50146
2014-12-11 06:00:00,329.15543
2014-12-11 09:00:00,328.27533
2014-12-11 12:00:00,327.65555
2014-12-11 15:00:00,326.96634
2014-12-11 18:00:00,326.2076
2014-12-11 21:00:00,325.46936
2014-12-12 00:00:00,324.83047
2014-12-12 03:00:00,324.37543
2014-12-12 06:00:00,324.1782
2014-12-12 09:00:00,324.13412
2014-12-12 12:00:00,324.0662
2014-12-12 15:00:00,323.85233
2014-12-12 18:00:00,323.30347
2014-12-12 21:00:00,321.5431
2014-12-13 00:00:00,313.36084
2014-12-13 03:00:00,298.969
2014-12-13 06:00:00,284.82092
2014-12-13 09:00:00,295.2992
2014-12-13 12:00:00,301.19385
2014-12-13 15:00:00,301.3676
2014-12-13 18:00:00,299.61322
2014-12-13 21:00:00,299.094
2014-12-14 00:00:00,304.81332
2014-12-14 03:00:00,309.02667
2014-12-14 06:00:00,312.97968
2014-12-14 09:00:00,314.55817
2014-12-14 12:00:00,317.03226
2014-12-14 15:00:00,320.71542
2014-12-14 18:00:00,324.97833
2014-12-14 21:00:00,326.42307
2014-12-15 00:00:00,326.5625
2014-12-15 03:00:00,329.25427
2014-12-15 06:00:00,330.37207
2014-12-15 09:00:00,331.46252
2014-12-15 12:00:00,330.8363
2014-12-15 15:00:00,330.64178
2014-12-15 18:00:00,332.15942
2014-12-15 21:00:00,332.6588
2014-12-16 00:00:00,329.71924
2014-12-16 03:00:00,329.41412
2014-12-16 06:00:00,328.27246
2014-12-16 09:00:00,327.6577
2014-12-16 12:00:00,327.21313
2014-12-16 15:00:00,327.30646
2014-12-16 18:00:00,328.04333
2014-12-16 21:00:00,329.47827
2014-12-17 00:00:00,329.3286
2014-12-17 03:00:00,329.2202
2014-12-17 06:00:00,329.5428
2014-12-17 09:00:00,330.61182
2014-12-17 12:00:00,331.1173
2014-12-17 15:00:00,331.32095
2014-12-17 18:00:00,330.9389
2014-12-17 21:00:00,331.53955
2014-12-18 00:00:00,332.227
2014-12-18 03:00:00,333.688
2014-12-18 06:00:00,334.8286
2014-12-18 09:00:00,335.96146
2014-12-18 12:00:00,335.16492
2014-12-18 15:00:00,334.72723
2014-12-18 18:00:00,335.10516
2014-12-18 21:00:00,334.94205
2014-12-19 00:00:00,333.99268
2014-12-19 03:00:00,333.5727
2014-12-19 06:00:00,332.09406
2014-12-19 09:00:00,331.61066
2014-12-19 12:00:00,331.8767
2014-12-19 15:00:00,331.07086
2014-12-19 18:00:00,333.2972
2014-12-19 21:00:00,333.8235
2014-12-20 00:00:00,333.2752
2014-12-20 03:00:00,331.90808
2014-12-20 06:00:00,330.04343
2014-12-20 09:00:00,328.62036
2014-12-20 12:00:00,328.08145
2014-12-20 15:00:00,327.39523
2014-12-20 18:00:00,327.9462
2014-12-20 21:00:00,328.42715
2014-12-21 00:00:00,327.6386
2014-12-21 03:00:00,326.9593
2014-12-21 06:00:00,326.13522
2014-12-21 09:00:00,325.28217
2014-12-21 12:00:00,324.37643
2014-12-21 15:00:00,323.62262
2014-12-21 18:00:00,323.03687
2014-12-21 21:00:00,322.6386
2014-12-22 00:00:00,322.41895
2014-12-22 03:00:00,322.2647
2014-12-22 06:00:00,322.219
2014-12-22 09:00:00,322.47906
2014-12-22 12:00:00,322.99823
2014-12-22 15:00:00,322.98102
2014-12-22 18:00:00,322.92944
2014-12-22 21:00:00,323.32068
2014-12-23 00:00:00,324.53247
2014-12-23 03:00:00,325.45386
2014-12-23 06:00:00,327.65723
2014-12-23 09:00:00,332.18884
2014-12-23 12:00:00,336.50854
2014-12-23 15:00:00,329.98334
2014-12-23 18:00:00,327.9248
2014-12-23 21:00:00,327.35184
2014-12-24 00:00:00,326.91293
2014-12-24 03:00:00,326.1786
2014-12-24 06:00:00,325.4023
2014-12-24 09:00:00,324.61853
2014-12-24 12:00:00,323.84012
2014-12-24 15:00:00,323.06378
2014-12-24 18:00:00,322.47052
2014-12-24 21:00:00,322.00372
2014-12-25 00:00:00,321.62598
2014-12-25 03:00:00,321.29877
2014-12-25 06:00:00,321.1485
2014-12-25 09:00:00,320.95337
2014-12-25 12:00:00,320.76685
2014-12-25 15:00:00,321.19232
2014-12-25 18:00:00,325.70392
2014-12-25 21:00:00,330.68073
2014-12-26 00:00:00,331.14734
2014-12-26 03:00:00,331.28903
2014-12-26 06:00:00,329.54922
2014-12-26 09:00:00,327.90256
2014-12-26 12:00:00,327.80777
2014-12-26 15:00:00,326.4597
2014-12-26 18:00:00,326.07538
2014-12-26 21:00:00,326.53918
2014-12-27 00:00:00,326.49072
2014-12-27 03:00:00,327.1555
2014-12-27 06:00:00,327.10974
2014-12-27 09:00:00,328.58115
2014-12-27 12:00:00,330.5401
2014-12-27 15:00:00,331.9018
2014-12-27 18:00:00,332.52017
2014-12-27 21:00:00,335.4184
2014-12-28 00:00:00,335.11755
2014-12-28 03:00:00,333.0725
2014-12-28 06:00:00,331.2506
2014-12-28 09:00:00,328.20435
2014-12-28 12:00:00,326.96216
2014-12-28 15:00:00,326.0144
2014-12-28 18:00:00,324.73352
2014-12-28 21:00:00,329.63678
2014-12-29 00:00:00,335.04712
2014-12-29 03:00:00,336.3266
2014-12-29 06:00:00,339.53183
2014-12-29 09:00:00,350.64908
2014-12-29 12:00:00,1.2900925
2014-12-29 15:00:00,340.208
2014-12-29 18:00:00,341.58643
2014-12-29 21:00:00,8.252412
2014-12-30 00:00:00,40.342377
2014-12-30 03:00:00,61.75145
2014-12-30 06:00:00,71.103226
2014-12-30 09:00:00,79.29346
2014-12-30 12:00:00,86.5793
2014-12-30 15:00:00,97.54651
2014-12-30 18:00:00,110.937546
2014-12-30 21:00:00,67.36069
2014-12-31 00:00:00,81.78189
2014-12-31 03:00:00,101.8992
2014-12-31 06:00:00,133.51152
2014-12-31 09:00:00,167.30693
2014-12-31 12:00:00,209.32101
2014-12-31 15:00:00,239.91537
2014-12-31 18:00:00,255.22757
2014-12-31 21:00:00,267.62265
2015-01-01 00:00:00,273.90552
2015-01-01 03:00:00,274.70337
2015-01-01 06:00:00,278.35266
2015-01-01 09:00:00,280.09338
2015-01-01 12:00:00,281.5559
2015-01-01 15:00:00,281.80914
2015-01-01 18:00:00,283.13684
2015-01-01 21:00:00,285.08594
2015-01-02 00:00:00,286.88116
2015-01-02 03:00:00,288.73306
2015-01-02 06:00:00,290.5876
2015-01-02 09:00:00,292.48273
2015-01-02 12:00:00,294.71927
2015-01-02 15:00:00,297.25577
2015-01-02 18:00:00,299.86948
2015-01-02 21:00:00,301.98193
2015-01-03 00:00:00,303.3952
2015-01-03 03:00:00,304.3507
2015-01-03 06:00:00,304.87674
2015-01-03 09:00:00,305.16553
2015-01-03 12:00:00,305.2929
2015-01-03 15:00:00,305.32312
2015-01-03 18:00:00,305.53244
2015-01-03 21:00:00,305.86423
2015-01-04 00:00:00,306.60324
2015-01-04 03:00:00,307.34552
2015-01-04 06:00:00,308.00897
2015-01-04 09:00:00,308.47656
2015-01-04 12:00:00,308.55267
2015-01-04 15:00:00,308.30103
2015-01-04 18:00:00,307.96326
2015-01-04 21:00:00,307.52698
2015-01-05 00:00:00,307.07428
2015-01-05 03:00:00,306.74286
2015-01-05 06:00:00,306.4812
2015-01-05 09:00:00,306.4057
2015-01-05 12:00:00,306.22864
2015-01-05 15:00:00,306.06128
2015-01-05 18:00:00,306.06323
2015-01-05 21:00:00,306.2987
2015-01-06 00:00:00,306.72882
2015-01-06 03:00:00,308.71558
2015-01-06 06:00:00,309.04138
2015-01-06 09:00:00,307.68848
2015-01-06 12:00:00,306.60443
2015-01-06 15:00:00,307.00848
2015-01-06 18:00:00,308.05182
2015-01-06 21:00:00,308.67062
2015-01-07 00:00:00,308.75037
2015-01-07 03:00:00,308.3937
2015-01-07 06:00:00,308.0091
2015-01-07 09:00:00,307.8291
2015-01-07 12:00:00,307.86258
2015-01-07 15:00:00,307.99622
2015-01-07 18:00:00,308.17975
2015-01-07 21:00:00,309.18884
2015-01-08 00:00:00,309.42377
2015-01-08 03:00:00,309.30005
2015-01-08 06:00:00,309.2989
2015-01-08 09:00:00,309.21094
2015-01-08 12:00:00,308.40405
2015-01-08 15:00:00,308.17194
2015-01-08 18:00:00,307.32483
2015-01-08 21:00:00,307.99298
2015-01-09 00:00:00,310.39386
2015-01-09 03:00:00,310.23666
2015-01-09 06:00:00,309.04114
2015-01-09 09:00:00,308.28543
2015-01-09 12:00:00,307.6885
2015-01-09 15:00:00,306.90646
2015-01-09 18:00:00,306.50116
2015-01-09 21:00:00,306.32034
2015-01-10 00:00:00,306.67825
2015-01-10 03:00:00,307.54733
2015-01-10 06:00:00,308.35297
2015-01-10 09:00:00,308.95697
2015-01-10 12:00:00,309.18365
2015-01-10 15:00:00,308.8686
2015-01-10 18:00:00,308.36908
2015-01-10 21:00:00,307.70605
2015-01-11 00:00:00,307.10736
2015-01-11 03:00:00,306.6801
2015-01-11 06:00:00,307.00885
2015-01-11 09:00:00,309.0244
2015-01-11 12:00:00,308.71613
2015-01-11 15:00:00,309.25812
2015-01-11 18:00:00,310.43927
2015-01-11 21:00:00,312.15027
2015-01-12 00:00:00,314.62213
2015-01-12 03:00:00,316.93008
2015-01-12 06:00:00,318.47913
2015-01-12 09:00:00,319.7657
2015-01-12 12:00:00,320.03186
2015-01-12 15:00:00,319.6643
2015-01-12 18:00:00,318.96973
2015-01-12 21:00:00,318.04218
2015-01-13 00:00:00,316.91656
2015-01-13 03:00:00,315.58667
2015-01-13 06:00:00,314.1798
2015-01-13 09:00:00,312.8313
2015-01-13 12:00:00,311.85925
2015-01-13 15:00:00,311.41425
2015-01-13 18:00:00,311.41522
2015-01-13 21:00:00,311.424
2015-01-14 00:00:00,311.65637
2015-01-14 03:00:00,311.9541
2015-01-14 06:00:00,312.36285
2015-01-14 09:00:00,312.88263
2015-01-14 12:00:00,313.20477
2015-01-14 15:00:00,313.35474
2015-01-14 18:00:00,313.6725
2015-01-14 21:00:00,313.6881
2015-01-15 00:00:00,313.52002
2015-01-15 03:00:00,313.27142
2015-01-15 06:00:00,312.5849
2015-01-15 09:00:00,308.93823
2015-01-15 12:00:00,303.28516
2015-01-15 15:00:00,296.93042
2015-01-15 18:00:00,289.9779
2015-01-15 21:00:00,298.18835
2015-01-16 00:00:00,304.97717
2015-01-16 03:00:00,307.54034
2015-01-16 06:00:00,309.88525
2015-01-16 09:00:00,309.45074
2015-01-16 12:00:00,309.25397
2015-01-16 15:00:00,310.04565
2015-01-16 18:00:00,310.87256
2015-01-16 21:00:00,312.21875
2015-01-17 00:00:00,312.97015
2015-01-17 03:00:00,313.72705
2015-01-17 06:00:00,313.93396
2015-01-17 09:00:00,313.94727
2015-01-17 12:00:00,313.85767
2015-01-17 15:00:00,313.8814
2015-01-17 18:00:00,313.88483
2015-01-17 21:00:00,312.96545
2015-01-18 00:00:00,296.50317
2015-01-18 03:00:00,278.56384
2015-01-18 06:00:00,287.9414
2015-01-18 09:00:00,291.54846
2015-01-18 12:00:00,293.89075
2015-01-18 15:00:00,296.886
2015-01-18 18:00:00,299.71472
2015-01-18 21:00:00,303.57153
2015-01-19 00:00:00,319.71875
2015-01-19 03:00:00,327.2632
2015-01-19 06:00:00,332.35443
2015-01-19 09:00:00,333.5088
2015-01-19 12:00:00,332.41443
2015-01-19 15:00:00,330.2268
2015-01-19 18:00:00,328.77087
2015-01-19 21:00:00,326.34497
2015-01-20 00:00:00,321.1056
2015-01-20 03:00:00,315.29016
2015-01-20 06:00:00,309.1344
2015-01-20 09:00:00,317.845
2015-01-20 12:00:00,320.30823
2015-01-20 15:00:00,321.00555
2015-01-20 18:00:00,321.83862
2015-01-20 21:00:00,323.8692
2015-01-21 00:00:00,326.10626
2015-01-21 03:00:00,325.32104
2015-01-21 06:00:00,323.31323
2015-01-21 09:00:00,321.7381
2015-01-21 12:00:00,320.1825
2015-01-21 15:00:00,318.9547
2015-01-21 18:00:00,318.96887
2015-01-21 21:00:00,319.68768
2015-01-22 00:00:00,320.24634
2015-01-22 03:00:00,320.83313
2015-01-22 06:00:00,321.66418
2015-01-22 09:00:00,322.91064
2015-01-22 12:00:00,323.37708
2015-01-22 15:00:00,323.5315
2015-01-22 18:00:00,324.10248
2015-01-22 21:00:00,324.93158
2015-01-23 00:00:00,324.69543
2015-01-23 03:00:00,325.2658
2015-01-23 06:00:00,325.2672
2015-01-23 09:00:00,325.11267
2015-01-23 12:00:00,324.9082
2015-01-23 15:00:00,325.0796
2015-01-23 18:00:00,325.25574
2015-01-23 21:00:00,326.1725
2015-01-24 00:00:00,326.57074
2015-01-24 03:00:00,328.21912
2015-01-24 06:00:00,328.4649
2015-01-24 09:00:00,327.39102
2015-01-24 12:00:00,328.10278
2015-01-24 15:00:00,328.22656
2015-01-24 18:00:00,328.69574
2015-01-24 21:00:00,330.05835
2015-01-25 00:00:00,330.7979
2015-01-25 03:00:00,331.89172
2015-01-25 06:00:00,331.4156
2015-01-25 09:00:00,329.67407
2015-01-25 12:00:00,329.87106
2015-01-25 15:00:00,330.66577
2015-01-25 18:00:00,331.2282
2015-01-25 21:00:00,330.1396
2015-01-26 00:00:00,329.49344
2015-01-26 03:00:00,329.33972
2015-01-26 06:00:00,329.32425
2015-01-26 09:00:00,328.96576
2015-01-26 12:00:00,328.9379
2015-01-26 15:00:00,328.66223
2015-01-26 18:00:00,329.46844
2015-01-26 21:00:00,329.43042
2015-01-27 00:00:00,329.24454
2015-01-27 03:00:00,328.338
2015-01-27 06:00:00,328.73593
2015-01-27 09:00:00,326.94647
2015-01-27 12:00:00,324.97455
2015-01-27 15:00:00,323.09863
2015-01-27 18:00:00,322.08777
2015-01-27 21:00:00,321.47784
2015-01-28 00:00:00,322.92798
2015-01-28 03:00:00,324.65656
2015-01-28 06:00:00,325.66858
2015-01-28 09:00:00,325.2128
2015-01-28 12:00:00,326.2646
2015-01-28 15:00:00,325.67245
2015-01-28 18:00:00,329.0266
2015-01-28 21:00:00,329.66486
2015-01-29 00:00:00,327.87512
2015-01-29 03:00:00,324.4469
2015-01-29 06:00:00,321.07886
2015-01-29 09:00:00,317.68262
2015-01-29 12:00:00,313.05957
2015-01-29 15:00:00,309.64343
2015-01-29 18:00:00,308.2397
2015-01-29 21:00:00,310.71155
2015-01-30 00:00:00,313.68884
2015-01-30 03:00:00,315.57886
2015-01-30 06:00:00,317.1582
2015-01-30 09:00:00,318.12573
2015-01-30 12:00:00,317.43762
2015-01-30 15:00:00,316.30652
2015-01-30 18:00:00,315.72168
2015-01-30 21:00:00,315.21643
2015-01-31 00:00:00,313.67603
2015-01-31 03:00:00,311.37244
2015-01-31 06:00:00,308.8042
2015-01-31 09:00:00,313.14343
2015-01-31 12:00:00,316.05713
2015-01-31 15:00:00,317.7796
2015-01-31 18:00:00,319.77673
2015-01-31 21:00:00,322.04688
2015-02-01 00:00:00,322.63556
2015-02-01 03:00:00,321.69897
2015-02-01 06:00:00,321.79773
2015-02-01 09:00:00,322.1413
2015-02-01 12:00:00,321.89166
2015-02-01 15:00:00,321.55542
2015-02-01 18:00:00,322.00244
2015-02-01 21:00:00,322.0597
2015-02-02 00:00:00,321.41296
2015-02-02 03:00:00,320.3451
2015-02-02 06:00:00,318.52527
2015-02-02 09:00:00,315.70374
2015-02-02 12:00:00,311.0869
2015-02-02 15:00:00,303.9159
2015-02-02 18:00:00,305.6942
2015-02-02 21:00:00,309.71313
2015-02-03 00:00:00,311.49634
2015-02-03 03:00:00,312.95386
2015-02-03 06:00:00,314.75818
2015-02-03 09:00:00,315.51685
2015-02-03 12:00:00,315.67273
2015-02-03 15:00:00,315.97034
2015-02-03 18:00:00,315.09778
2015-02-03 21:00:00,316.4654
2015-02-04 00:00:00,317.39154
2015-02-04 03:00:00,322.48154
2015-02-04 06:00:00,325.9392
2015-02-04 09:00:00,329.15894
2015-02-04 12:00:00,329.7979
2015-02-04 15:00:00,331.32138
2015-02-04 18:00:00,333.185
2015-02-04 21:00:00,334.35687
2015-02-05 00:00:00,337.6359
2015-02-05 03:00:00,338.33063
2015-02-05 06:00:00,337.36725
2015-02-05 09:00:00,336.44617
2015-02-05 12:00:00,333.23447
2015-02-05 15:00:00,330.15735
2015-02-05 18:00:00,328.43774
2015-02-05 21:00:00,327.5943
2015-02-06 00:00:00,326.6975
2015-02-06 03:00:00,324.50012
2015-02-06 06:00:00,320.8446
2015-02-06 09:00:00,319.46558
2015-02-06 12:00:00,317.85327
2015-02-06 15:00:00,314.42444
2015-02-06 18:00:00,312.977
2015-02-06 21:00:00,314.25873
2015-02-07 00:00:00,315.7136
2015-02-07 03:00:00,316.77478
2015-02-07 06:00:00,318.69696
2015-02-07 09:00:00,319.84415
2015-02-07 12:00:00,320.7832
2015-02-07 15:00:00,321.34467
2015-02-07 18:00:00,322.59753
2015-02-07 21:00:00,322.50842
2015-02-08 00:00:00,321.70462
2015-02-08 03:00:00,322.0642
2015-02-08 06:00:00,328.15112
2015-02-08 09:00:00,335.2976
2015-02-08 12:00:00,332.15735
2015-02-08 15:00:00,324.14966
2015-02-08 18:00:00,321.70544
2015-02-08 21:00:00,328.79138
2015-02-09 00:00:00,331.8888
2015-02-09 03:00:00,329.27405
2015-02-09 06:00:00,330.9945
2015-02-09 09:00:00,342.77588
2015-02-09 12:00:00,0.33206218
2015-02-09 15:00:00,350.05566
2015-02-09 18:00:00,343.73584
2015-02-09 21:00:00,31.6185
2015-02-10 00:00:00,102.191925
2015-02-10 03:00:00,107.93074
2015-02-10 06:00:00,116.392334
2015-02-10 09:00:00,122.892166
2015-02-10 12:00:00,132.04802
2015-02-10 15:00:00,147.16687
2015-02-10 18:00:00,164.30963
2015-02-10 21:00:00,208.4148
2015-02-11 00:00:00,239.11818
2015-02-11 03:00:00,266.72192
2015-02-11 06:00:00,278.1333
2015-02-11 09:00:00,282.29077
2015-02-11 12:00:00,285.13745
2015-02-11 15:00:00,286.1681
2015-02-11 18:00:00,286.64136
2015-02-11 21:00:00,286.86743
2015-02-12 00:00:00,287.12146
2015-02-12 03:00:00,287.57196
2015-02-12 06:00:00,287.80408
2015-02-12 09:00:00,288.7118
2015-02-12 12:00:00,289.85486
2015-02-12 15:00:00,290.02393
2015-02-12 18:00:00,293.31396
2015-02-12 21:00:00,294.229
2015-02-13 00:00:00,294.10938
2015-02-13 03:00:00,294.5996
2015-02-13 06:00:00,295.83167
2015-02-13 09:00:00,297.74524
2015-02-13 12:00:00,299.14984
2015-02-13 15:00:00,300.62732
2015-02-13 18:00:00,301.1797
2015-02-13 21:00:00,300.59375
2015-02-14 00:00:00,298.9776
2015-02-14 03:00:00,304.83627
2015-02-14 06:00:00,312.20343
2015-02-14 09:00:00,317.07565
2015-02-14 12:00:00,319.1139
2015-02-14 15:00:00,319.43927
2015-02-14 18:00:00,316.69592
2015-02-14 21:00:00,308.74048
2015-02-15 00:00:00,302.89526
2015-02-15 03:00:00,304.4165
2015-02-15 06:00:00,306.11865
2015-02-15 09:00:00,307.35474
2015-02-15 12:00:00,307.64294
2015-02-15 15:00:00,306.92725
2015-02-15 18:00:00,305.65674
2015-02-15 21:00:00,303.96692
2015-02-16 00:00:00,302.28796
2015-02-16 03:00:00,301.25226
2015-02-16 06:00:00,301.86096
2015-02-16 09:00:00,301.16455
2015-02-16 12:00:00,301.27557
2015-02-16 15:00:00,301.71307
2015-02-16 18:00:00,305.19897
2015-02-16 21:00:00,306.5553
2015-02-17 00:00:00,311.73138
2015-02-17 03:00:00,322.69934
2015-02-17 06:00:00,328.48505
2015-02-17 09:00:00,330.39288
2015-02-17 12:00:00,330.20166
2015-02-17 15:00:00,331.05328
2015-02-17 18:00:00,328.30237
2015-02-17 21:00:00,325.37537
2015-02-18 00:00:00,327.53214
2015-02-18 03:00:00,330.05212
2015-02-18 06:00:00,331.83
2015-02-18 09:00:00,333.92627
2015-02-18 12:00:00,332.5752
2015-02-18 15:00:00,328.3827
2015-02-18 18:00:00,326.69574
2015-02-18 21:00:00,326.11816
2015-02-19 00:00:00,325.97736
2015-02-19 03:00:00,325.54736
2015-02-19 06:00:00,323.89963
2015-02-19 09:00:00,321.77902
2015-02-19 12:00:00,315.0628
2015-02-19 15:00:00,305.16333
2015-02-19 18:00:00,299.71106
2015-02-19 21:00:00,296.2826
2015-02-20 00:00:00,293.91528
2015-02-20 03:00:00,292.88385
2015-02-20 06:00:00,292.34497
2015-02-20 09:00:00,292.22888
2015-02-20 12:00:00,292.42468
2015-02-20 15:00:00,293.2282
2015-02-20 18:00:00,294.95416
2015-02-20 21:00:00,295.5865
2015-02-21 00:00:00,294.9721
2015-02-21 03:00:00,295.08203
2015-02-21 06:00:00,296.00803
2015-02-21 09:00:00,302.05035
2015-02-21 12:00:00,310.5079
2015-02-21 15:00:00,315.14502
2015-02-21 18:00:00,319.82037
2015-02-21 21:00:00,322.7423
2015-02-22 00:00:00,321.70215
2015-02-22 03:00:00,321.70624
2015-02-22 06:00:00,320.7306
2015-02-22 09:00:00,320.43494
2015-02-22 12:00:00,318.73767
2015-02-22 15:00:00,317.4944
2015-02-22 18:00:00,317.99756
2015-02-22 21:00:00,316.39893
2015-02-23 00:00:00,314.79053
2015-02-23 03:00:00,314.8733
2015-02-23 06:00:00,313.60986
2015-02-23 09:00:00,312.583
2015-02-23 12:00:00,311.6526
2015-02-23 15:00:00,309.9823
2015-02-23 18:00:00,308.97687
2015-02-23 21:00:00,314.86237
2015-02-24 00:00:00,319.96094
2015-02-24 03:00:00,321.11987
2015-02-24 06:00:00,322.61035
2015-02-24 09:00:00,324.38324
2015-02-24 12:00:00,324.7578
2015-02-24 15:00:00,324.97675
2015-02-24 18:00:00,325.71143
2015-02-24 21:00:00,326.12555
2015-02-25 00:00:00,325.53467
2015-02-25 03:00:00,324.6302
2015-02-25 06:00:00,323.72736
2015-02-25 09:00:00,323.278
2015-02-25 12:00:00,322.77167
2015-02-25 15:00:00,322.66718
2015-02-25 18:00:00,323.42218
2015-02-25 21:00:00,323.96338
2015-02-26 00:00:00,324.6493
2015-02-26 03:00:00,326.52094
2015-02-26 06:00:00,328.12604
2015-02-26 09:00:00,327.94495
2015-02-26 12:00:00,326.81335
2015-02-26 15:00:00,325.18835
2015-02-26 18:00:00,325.3683
2015-02-26 21:00:00,326.96118
2015-02-27 00:00:00,325.24316
2015-02-27 03:00:00,322.68896
2015-02-27 06:00:00,320.3606
2015-02-27 09:00:00,319.8499
2015-02-27 12:00:00,321.9226
2015-02-27 15:00:00,321.24213
2015-02-27 18:00:00,322.6579
2015-02-27 21:00:00,325.1527
2015-02-28 00:00:00,325.11908
2015-02-28 03:00:00,324.90564
2015-02-28 06:00:00,326.4911
2015-02-28 09:00:00,324.8913
2015-02-28 12:00:00,324.7279
2015-02-28 15:00:00,324.40887
2015-02-28 18:00:00,323.98523
2015-02-28 21:00:00,323.74103
2015-03-01 00:00:00,322.77173
2015-03-01 03:00:00,321.7738
2015-03-01 06:00:00,321.78992
2015-03-01 09:00:00,319.80798
2015-03-01 12:00:00,318.0448
2015-03-01 15:00:00,316.9259
2015-03-01 18:00:00,316.43018
2015-03-01 21:00:00,316.15985
2015-03-02 00:00:00,315.97882
2015-03-02 03:00:00,315.32434
2015-03-02 06:00:00,314.4079
2015-03-02 09:00:00,313.22192
2015-03-02 12:00:00,312.02466
2015-03-02 15:00:00,310.7851
2015-03-02 18:00:00,309.82758
2015-03-02 21:00:00,308.976
2015-03-03 00:00:00,308.1975
2015-03-03 03:00:00,307.78125
2015-03-03 06:00:00,307.7074
2015-03-03 09:00:00,307.61584
2015-03-03 12:00:00,307.96735
2015-03-03 15:00:00,309.0163
2015-03-03 18:00:00,310.01825
2015-03-03 21:00:00,310.9532
2015-03-04 00:00:00,312.18774
2015-03-04 03:00:00,313.5869
2015-03-04 06:00:00,314.7458
2015-03-04 09:00:00,316.7838
2015-03-04 12:00:00,317.74576
2015-03-04 15:00:00,317.6153
2015-03-04 18:00:00,318.52765
2015-03-04 21:00:00,319.6013
2015-03-05 00:00:00,321.24316
2015-03-05 03:00:00,323.71448
2015-03-05 06:00:00,327.24097
2015-03-05 09:00:00,328.2539
2015-03-05 12:00:00,327.906
2015-03-05 15:00:00,326.26813
2015-03-05 18:00:00,325.05176
2015-03-05 21:00:00,324.3684
2015-03-06 00:00:00,324.46582
2015-03-06 03:00:00,324.70184
2015-03-06 06:00:00,326.39417
2015-03-06 09:00:00,330.4414
2015-03-06 12:00:00,323.71228
2015-03-06 15:00:00,315.63293
2015-03-06 18:00:00,311.02374
2015-03-06 21:00:00,307.9403
2015-03-07 00:00:00,305.44104
2015-03-07 03:00:00,303.48596
2015-03-07 06:00:00,302.13135
2015-03-07 09:00:00,300.95325
2015-03-07 12:00:00,299.3833
2015-03-07 15:00:00,298.44678
2015-03-07 18:00:00,298.1189
2015-03-07 21:00:00,298.1283
2015-03-08 00:00:00,298.56357
2015-03-08 03:00:00,299.54047
2015-03-08 06:00:00,300.63416
2015-03-08 09:00:00,301.46954
2015-03-08 12:00:00,302.08618
2015-03-08 15:00:00,302.85992
2015-03-08 18:00:00,303.8304
2015-03-08 21:00:00,306.57123
2015-03-09 00:00:00,307.18518
2015-03-09 03:00:00,307.1416
2015-03-09 06:00:00,307.24554
2015-03-09 09:00:00,307.61523
2015-03-09 12:00:00,308.42993
2015-03-09 15:00:00,309.4438
2015-03-09 18:00:00,310.39935
2015-03-09 21:00:00,311.08954
2015-03-10 00:00:00,311.51923
2015-03-10 03:00:00,311.7177
2015-03-10 06:00:00,311.7063
2015-03-10 09:00:00,311.72034
2015-03-10 12:00:00,311.9041
2015-03-10 15:00:00,312.29834
2015-03-10 18:00:00,312.71332
2015-03-10 21:00:00,313.1961
2015-03-11 00:00:00,313.5484
2015-03-11 03:00:00,314.0736
2015-03-11 06:00:00,314.35596
2015-03-11 09:00:00,314.28436
2015-03-11 12:00:00,314.1643
2015-03-11 15:00:00,313.5619
2015-03-11 18:00:00,313.05444
2015-03-11 21:00:00,312.4923
2015-03-12 00:00:00,311.4381
2015-03-12 03:00:00,310.20398
2015-03-12 06:00:00,311.51807
2015-03-12 09:00:00,312.90735
2015-03-12 12:00:00,310.66162
2015-03-12 15:00:00,312.70215
2015-03-12 18:00:00,317.39233
2015-03-12 21:00:00,323.6117
2015-03-13 00:00:00,326.06287
2015-03-13 03:00:00,327.72314
2015-03-13 06:00:00,328.36475
2015-03-13 09:00:00,325.13715
2015-03-13 12:00:00,319.92218
2015-03-13 15:00:00,316.3817
2015-03-13 18:00:00,315.8186
2015-03-13 21:00:00,317.25818
2015-03-14 00:00:00,317.2189
2015-03-14 03:00:00,317.97128
2015-03-14 06:00:00,318.56262
2015-03-14 09:00:00,319.26813
2015-03-14 12:00:00,320.56445
2015-03-14 15:00:00,321.54205
2015-03-14 18:00:00,323.39734
2015-03-14 21:00:00,326.02518
2015-03-15 00:00:00,326.97223
2015-03-15 03:00:00,325.373
2015-03-15 06:00:00,321.98456
2015-03-15 09:00:00,317.563
2015-03-15 12:00:00,312.92456
2015-03-15 15:00:00,309.65027
2015-03-15 18:00:00,308.588
2015-03-15 21:00:00,307.80377
2015-03-16 00:00:00,306.13342
2015-03-16 03:00:00,304.9472
2015-03-16 06:00:00,304.22803
2015-03-16 09:00:00,303.5819
2015-03-16 12:00:00,302.52496
2015-03-16 15:00:00,301.30573
2015-03-16 18:00:00,299.97778
2015-03-16 21:00:00,299.05573
2015-03-17 00:00:00,298.21454
2015-03-17 03:00:00,294.85242
2015-03-17 06:00:00,285.1643
2015-03-17 09:00:00,283.0161
2015-03-17 12:00:00,286.72827
2015-03-17 15:00:00,288.41724
2015-03-17 18:00:00,289.07837
2015-03-17 21:00:00,289.28308
2015-03-18 00:00:00,289.27002
2015-03-18 03:00:00,289.98273
2015-03-18 06:00:00,291.95093
2015-03-18 09:00:00,295.3417
2015-03-18 12:00:00,298.4712
2015-03-18 15:00:00,302.38
2015-03-18 18:00:00,306.2522
2015-03-18 21:00:00,311.6931
2015-03-19 00:00:00,314.87524
2015-03-19 03:00:00,317.39996
2015-03-19 06:00:00,322.40027
2015-03-19 09:00:00,326.87616
2015-03-19 12:00:00,328.71063
2015-03-19 15:00:00,326.99664
2015-03-19 18:00:00,325.39227
2015-03-19 21:00:00,323.8296
2015-03-20 00:00:00,322.99225
2015-03-20 03:00:00,322.76935
2015-03-20 06:00:00,319.84586
2015-03-20 09:00:00,317.90015
2015-03-20 12:00:00,316.88293
2015-03-20 15:00:00,315.53638
2015-03-20 18:00:00,314.7032
2015-03-20 21:00:00,314.77246
2015-03-21 00:00:00,315.46936
2015-03-21 03:00:00,316.85217
2015-03-21 06:00:00,319.4532
2015-03-21 09:00:00,322.03412
2015-03-21 12:00:00,323.37622
2015-03-21 15:00:00,323.23633
2015-03-21 18:00:00,322.38428
2015-03-21 21:00:00,320.93262
2015-03-22 00:00:00,318.5536
2015-03-22 03:00:00,314.8069
2015-03-22 06:00:00,310.3706
2015-03-22 09:00:00,306.72705
2015-03-22 12:00:00,304.51855
2015-03-22 15:00:00,303.29883
2015-03-22 18:00:00,302.6648
2015-03-22 21:00:00,302.74487
2015-03-23 00:00:00,302.5727
2015-03-23 03:00:00,303.7556
2015-03-23 06:00:00,305.9876
2015-03-23 09:00:00,308.1573
2015-03-23 12:00:00,310.10516
2015-03-23 15:00:00,316.1975
2015-03-23 18:00:00,326.8932
2015-03-23 21:00:00,330.15997
2015-03-24 00:00:00,328.23456
2015-03-24 03:00:00,328.2273
2015-03-24 06:00:00,330.94965
2015-03-24 09:00:00,332.92343
2015-03-24 12:00:00,333.49683
2015-03-24 15:00:00,331.64026
2015-03-24 18:00:00,331.71213
2015-03-24 21:00:00,332.32108
2015-03-25 00:00:00,332.2279
2015-03-25 03:00:00,333.14236
2015-03-25 06:00:00,334.6888
2015-03-25 09:00:00,337.4006
2015-03-25 12:00:00,336.8949
2015-03-25 15:00:00,335.82278
2015-03-25 18:00:00,335.8683
2015-03-25 21:00:00,336.58804
2015-03-26 00:00:00,336.18787
2015-03-26 03:00:00,334.98383
2015-03-26 06:00:00,335.07117
2015-03-26 09:00:00,335.60217
2015-03-26 12:00:00,334.35278
2015-03-26 15:00:00,332.06873
2015-03-26 18:00:00,329.80273
2015-03-26 21:00:00,329.4474
2015-03-27 00:00:00,329.05957
2015-03-27 03:00:00,331.0404
2015-03-27 06:00:00,331.14038
2015-03-27 09:00:00,330.45544
2015-03-27 12:00:00,329.66638
2015-03-27 15:00:00,324.51257
2015-03-27 18:00:00,322.844
2015-03-27 21:00:00,323.8062
2015-03-28 00:00:00,322.65283
2015-03-28 03:00:00,321.56396
2015-03-28 06:00:00,321.02267
2015-03-28 09:00:00,320.5012
2015-03-28 12:00:00,319.7025
2015-03-28 15:00:00,321.31177
2015-03-28 18:00:00,322.2802
2015-03-28 21:00:00,324.82968
2015-03-29 00:00:00,326.75195
2015-03-29 03:00:00,328.90912
2015-03-29 06:00:00,327.76953
2015-03-29 09:00:00,331.4652
2015-03-29 12:00:00,326.53772
2015-03-29 15:00:00,323.44556
2015-03-29 18:00:00,325.63965
2015-03-29 21:00:00,324.83032
2015-03-30 00:00:00,324.44263
2015-03-30 03:00:00,325.36853
2015-03-30 06:00:00,327.09705
2015-03-30 09:00:00,328.32007
2015-03-30 12:00:00,327.2223
2015-03-30 15:00:00,323.40906
2015-03-30 18:00:00,320.56494
2015-03-30 21:00:00,322.75546
2015-03-31 00:00:00,324.81705
2015-03-31 03:00:00,324.81628
2015-03-31 06:00:00,322.96283
2015-03-31 09:00:00,323.53687
2015-03-31 12:00:00,323.91986
2015-03-31 15:00:00,321.07288
2015-03-31 18:00:00,320.8136
2015-03-31 21:00:00,321.79807
2015-04-01 00:00:00,322.6128
2015-04-01 03:00:00,321.11157
2015-04-01 06:00:00,319.78967
2015-04-01 09:00:00,318.80585
2015-04-01 12:00:00,317.0124
2015-04-01 15:00:00,315.85223
2015-04-01 18:00:00,314.73657
2015-04-01 21:00:00,314.06305
2015-04-02 00:00:00,313.63916
2015-04-02 03:00:00,313.23456
2015-04-02 06:00:00,313.1621
2015-04-02 09:00:00,313.4793
2015-04-02 12:00:00,314.19916
2015-04-02 15:00:00,315.09906
2015-04-02 18:00:00,315.9259
2015-04-02 21:00:00,316.64172
2015-04-03 00:00:00,317.21753
2015-04-03 03:00:00,317.64203
2015-04-03 06:00:00,317.93103
2015-04-03 09:00:00,318.15192
2015-04-03 12:00:00,318.26624
2015-04-03 15:00:00,318.3573
2015-04-03 18:00:00,318.4087
2015-04-03 21:00:00,318.51038
2015-04-04 00:00:00,318.42426
2015-04-04 03:00:00,318.45862
2015-04-04 06:00:00,318.2168
2015-04-04 09:00:00,317.90552
2015-04-04 12:00:00,317.90076
2015-04-04 15:00:00,317.23505
2015-04-04 18:00:00,317.58887
2015-04-04 21:00:00,317.93066
2015-04-05 00:00:00,317.51
2015-04-05 03:00:00,316.0664
2015-04-05 06:00:00,314.27417
2015-04-05 09:00:00,312.93457
2015-04-05 12:00:00,311.5818
2015-04-05 15:00:00,310.29846
2015-04-05 18:00:00,309.6494
2015-04-05 21:00:00,309.71216
2015-04-06 00:00:00,309.9563
2015-04-06 03:00:00,308.9922
2015-04-06 06:00:00,307.5487
2015-04-06 09:00:00,306.08594
2015-04-06 12:00:00,303.02148
2015-04-06 15:00:00,298.14105
2015-04-06 18:00:00,292.74103
2015-04-06 21:00:00,289.89017
2015-04-07 00:00:00,287.72125
2015-04-07 03:00:00,283.60284
2015-04-07 06:00:00,253.15015
2015-04-07 09:00:00,181.9077
2015-04-07 12:00:00,183.45715
2015-04-07 15:00:00,187.931
2015-04-07 18:00:00,171.58066
2015-04-07 21:00:00,152.66656
2015-04-08 00:00:00,141.09627
2015-04-08 03:00:00,142.18867
2015-04-08 06:00:00,141.13997
2015-04-08 09:00:00,140.29323
2015-04-08 12:00:00,148.0825
2015-04-08 15:00:00,160.4106
2015-04-08 18:00:00,184.26358
2015-04-08 21:00:00,242.88266
2015-04-09 00:00:00,282.46887
2015-04-09 03:00:00,293.35687
2015-04-09 06:00:00,298.16235
2015-04-09 09:00:00,301.06494
2015-04-09 12:00:00,303.04166
2015-04-09 15:00:00,304.17725
2015-04-09 18:00:00,305.14844
2015-04-09 21:00:00,306.0929
2015-04-10 00:00:00,306.68903
2015-04-10 03:00:00,307.07117
2015-04-10 06:00:00,307.3241
2015-04-10 09:00:00,307.48474
2015-04-10 12:00:00,307.5722
2015-04-10 15:00:00,307.39966
2015-04-10 18:00:00,307.82544
2015-04-10 21:00:00,312.7032
2015-04-11 00:00:00,314.20447
2015-04-11 03:00:00,317.04395
2015-04-11 06:00:00,318.5631
2015-04-11 09:00:00,320.04
2015-04-11 12:00:00,318.09186
2015-04-11 15:00:00,315.5841
2015-04-11 18:00:00,315.87115
2015-04-11 21:00:00,317.11945
2015-04-12 00:00:00,315.57306
2015-04-12 03:00:00,313.0727
2015-04-12 06:00:00,310.7539
2015-04-12 09:00:00,309.04907
2015-04-12 12:00:00,307.83807
2015-04-12 15:00:00,307.03888
2015-04-12 18:00:00,306.7575
2015-04-12 21:00:00,307.6986
2015-04-13 00:00:00,309.07
2015-04-13 03:00:00,309.33234
2015-04-13 06:00:00,308.42578
2015-04-13 09:00:00,307.17194
2015-04-13 12:00:00,306.13654
2015-04-13 15:00:00,305.55493
2015-04-13 18:00:00,305.46112
2015-04-13 21:00:00,305.91272
2015-04-14 00:00:00,306.42767
2015-04-14 03:00:00,307.32867
2015-04-14 06:00:00,308.19916
2015-04-14 09:00:00,308.29797
2015-04-14 12:00:00,310.11212
2015-04-14 15:00:00,306.40112
2015-04-14 18:00:00,300.89258
2015-04-14 21:00:00,299.8274
2015-04-15 00:00:00,300.48193
2015-04-15 03:00:00,295.90335
2015-04-15 06:00:00,294.70093
2015-04-15 09:00:00,294.71277
2015-04-15 12:00:00,295.24463
2015-04-15 15:00:00,295.68365
2015-04-15 18:00:00,296.42206
2015-04-15 21:00:00,298.23523
2015-04-16 00:00:00,298.8136
2015-04-16 03:00:00,299.16656
2015-04-16 06:00:00,299.7827
2015-04-16 09:00:00,300.73468
2015-04-16 12:00:00,301.8297
2015-04-16 15:00:00,303.06757
2015-04-16 18:00:00,304.44128
2015-04-16 21:00:00,306.23926
2015-04-17 00:00:00,307.64294
2015-04-17 03:00:00,309.3708
2015-04-17 06:00:00,310.47998
2015-04-17 09:00:00,311.35406
2015-04-17 12:00:00,311.31342
2015-04-17 15:00:00,312.63538
2015-04-17 18:00:00,315.31067
2015-04-17 21:00:00,314.2776
2015-04-18 00:00:00,312.37134
2015-04-18 03:00:00,311.4035
2015-04-18 06:00:00,311.3011
2015-04-18 09:00:00,311.21112
2015-04-18 12:00:00,310.7838
2015-04-18 15:00:00,310.30505
2015-04-18 18:00:00,310.77954
2015-04-18 21:00:00,311.65796
2015-04-19 00:00:00,311.05872
2015-04-19 03:00:00,310.03638
2015-04-19 06:00:00,308.84375
2015-04-19 09:00:00,306.65662
2015-04-19 12:00:00,303.1902
2015-04-19 15:00:00,301.3059
2015-04-19 18:00:00,301.276
2015-04-19 21:00:00,301.27686
2015-04-20 00:00:00,299.4074
2015-04-20 03:00:00,298.15234
2015-04-20 06:00:00,297.3178
2015-04-20 09:00:00,296.7981
2015-04-20 12:00:00,296.3526
2015-04-20 15:00:00,296.50427
2015-04-20 18:00:00,297.8479
2015-04-20 21:00:00,300.1333
2015-04-21 00:00:00,300.58472
2015-04-21 03:00:00,299.8239
2015-04-21 06:00:00,298.9253
2015-04-21 09:00:00,298.32043
2015-04-21 12:00:00,297.86353
2015-04-21 15:00:00,297.70032
2015-04-21 18:00:00,298.48773
2015-04-21 21:00:00,299.2292
2015-04-22 00:00:00,298.69598
2015-04-22 03:00:00,298.61237
2015-04-22 06:00:00,298.04858
2015-04-22 09:00:00,297.56274
2015-04-22 12:00:00,297.19574
2015-04-22 15:00:00,296.86047
2015-04-22 18:00:00,296.5946
2015-04-22 21:00:00,296.74512
2015-04-23 00:00:00,295.87646
2015-04-23 03:00:00,294.86896
2015-04-23 06:00:00,294.3064
2015-04-23 09:00:00,293.18805
2015-04-23 12:00:00,292.12518
2015-04-23 15:00:00,291.29803
2015-04-23 18:00:00,290.35315
2015-04-23 21:00:00,288.46588
2015-04-24 00:00:00,286.32062
2015-04-24 03:00:00,284.31683
2015-04-24 06:00:00,282.64337
2015-04-24 09:00:00,281.22845
2015-04-24 12:00:00,280.0822
2015-04-24 15:00:00,278.51068
2015-04-24 18:00:00,277.21338
2015-04-24 21:00:00,276.6424
2015-04-25 00:00:00,276.48163
2015-04-25 03:00:00,276.30017
2015-04-25 06:00:00,275.9713
2015-04-25 09:00:00,274.64172
2015-04-25 12:00:00,271.8767
2015-04-25 15:00:00,269.6621
2015-04-25 18:00:00,268.97705
2015-04-25 21:00:00,269.37305
2015-04-26 00:00:00,265.14136
2015-04-26 03:00:00,261.2428
2015-04-26 06:00:00,268.18375
2015-04-26 09:00:00,274.9286
2015-04-26 12:00:00,275.65454
2015-04-26 15:00:00,275.5166
2015-04-26 18:00:00,277.58698
2015-04-26 21:00:00,280.21912
2015-04-27 00:00:00,282.10303
2015-04-27 03:00:00,283.1283
2015-04-27 06:00:00,283.9685
2015-04-27 09:00:00,285.47766
2015-04-27 12:00:00,287.3369
2015-04-27 15:00:00,289.5741
2015-04-27 18:00:00,293.63507
2015-04-27 21:00:00,298.354
2015-04-28 00:00:00,299.96704
2015-04-28 03:00:00,301.78943
2015-04-28 06:00:00,303.77637
2015-04-28 09:00:00,305.60278
2015-04-28 12:00:00,306.47693
2015-04-28 15:00:00,307.5017
2015-04-28 18:00:00,310.67676
2015-04-28 21:00:00,314.0504
2015-04-29 00:00:00,315.0332
2015-04-29 03:00:00,316.54858
2015-04-29 06:00:00,316.75024
2015-04-29 09:00:00,316.04956
2015-04-29 12:00:00,316.33325
2015-04-29 15:00:00,317.8175
2015-04-29 18:00:00,319.5398
2015-04-29 21:00:00,321.37793
2015-04-30 00:00:00,322.41724
2015-04-30 03:00:00,323.27612
2015-04-30 06:00:00,323.37793
2015-04-30 09:00:00,323.11792
2015-04-30 12:00:00,322.02783
2015-04-30 15:00:00,321.07104
2015-04-30 18:00:00,321.0454
2015-04-30 21:00:00,320.97803
2015-05-01 00:00:00,320.55762
2015-05-01 03:00:00,319.11987
2015-05-01 06:00:00,317.52466
2015-05-01 09:00:00,315.7932
2015-05-01 12:00:00,312.6089
2015-05-01 15:00:00,309.4546
2015-05-01 18:00:00,306.68555
2015-05-01 21:00:00,304.04858
2015-05-02 00:00:00,300.8683
2015-05-02 03:00:00,298.307
2015-05-02 06:00:00,296.3595
2015-05-02 09:00:00,294.72058
2015-05-02 12:00:00,293.3053
2015-05-02 15:00:00,291.66663
2015-05-02 18:00:00,289.79736
2015-05-02 21:00:00,287.84277
2015-05-03 00:00:00,286.1432
2015-05-03 03:00:00,284.79016
2015-05-03 06:00:00,283.72742
2015-05-03 09:00:00,282.8307
2015-05-03 12:00:00,282.08032
2015-05-03 15:00:00,281.29333
2015-05-03 18:00:00,280.5368
2015-05-03 21:00:00,279.76654
2015-05-04 00:00:00,278.5799
2015-05-04 03:00:00,275.75903
2015-05-04 06:00:00,269.61548
2015-05-04 09:00:00,257.06775
2015-05-04 12:00:00,250.4078
2015-05-04 15:00:00,260.90222
2015-05-04 18:00:00,269.03003
2015-05-04 21:00:00,274.28955
2015-05-05 00:00:00,276.91125
2015-05-05 03:00:00,278.2472
2015-05-05 06:00:00,279.78943
2015-05-05 09:00:00,281.61206
2015-05-05 12:00:00,283.29858
2015-05-05 15:00:00,285.00806
2015-05-05 18:00:00,286.7439
2015-05-05 21:00:00,288.60266
2015-05-06 00:00:00,290.0641
2015-05-06 03:00:00,293.323
2015-05-06 06:00:00,298.36444
2015-05-06 09:00:00,304.04327
2015-05-06 12:00:00,309.03937
2015-05-06 15:00:00,312.68768
2015-05-06 18:00:00,315.11017
2015-05-06 21:00:00,316.8283
2015-05-07 00:00:00,318.27185
2015-05-07 03:00:00,319.60565
2015-05-07 06:00:00,320.64484
2015-05-07 09:00:00,320.85474
2015-05-07 12:00:00,319.14868
2015-05-07 15:00:00,313.85352
2015-05-07 18:00:00,308.27515
2015-05-07 21:00:00,301.92212
2015-05-08 00:00:00,294.53955
2015-05-08 03:00:00,288.46216
2015-05-08 06:00:00,284.04004
2015-05-08 09:00:00,280.3181
2015-05-08 12:00:00,277.54688
2015-05-08 15:00:00,275.9259
2015-05-08 18:00:00,275.23157
2015-05-08 21:00:00,275.2749
2015-05-09 00:00:00,275.66345
2015-05-09 03:00:00,276.62964
2015-05-09 06:00:00,278.7688
2015-05-09 09:00:00,282.03394
2015-05-09 12:00:00,283.0526
2015-05-09 15:00:00,285.5703
2015-05-09 18:00:00,288.27368
2015-05-09 21:00:00,289.53442
2015-05-10 00:00:00,291.636
2015-05-10 03:00:00,293.3463
2015-05-10 06:00:00,295.77698
2015-05-10 09:00:00,295.35583
2015-05-10 12:00:00,295.23853
2015-05-10 15:00:00,295.45496
2015-05-10 18:00:00,295.51935
2015-05-10 21:00:00,297.48865
2015-05-11 00:00:00,298.91425
2015-05-11 03:00:00,297.4773
2015-05-11 06:00:00,295.77356
2015-05-11 09:00:00,294.22748
2015-05-11 12:00:00,293.3288
2015-05-11 15:00:00,292.91797
2015-05-11 18:00:00,292.92218
2015-05-11 21:00:00,292.95416
2015-05-12 00:00:00,292.81702
2015-05-12 03:00:00,292.51843
2015-05-12 06:00:00,292.14294
2015-05-12 09:00:00,291.6847
2015-05-12 12:00:00,291.1375
2015-05-12 15:00:00,290.2832
2015-05-12 18:00:00,289.9693
2015-05-12 21:00:00,290.5318
2015-05-13 00:00:00,291.59253
2015-05-13 03:00:00,292.71283
2015-05-13 06:00:00,293.636
2015-05-13 09:00:00,293.5094
2015-05-13 12:00:00,291.42194
2015-05-13 15:00:00,289.15085
2015-05-13 18:00:00,290.54456
2015-05-13 21:00:00,292.85443
2015-05-14 00:00:00,300.50873
2015-05-14 03:00:00,307.56946
2015-05-14 06:00:00,317.73657
2015-05-14 09:00:00,323.79248
2015-05-14 12:00:00,327.4524
2015-05-14 15:00:00,325.14294
2015-05-14 18:00:00,326.93134
2015-05-14 21:00:00,333.2305
2015-05-15 00:00:00,338.69556
2015-05-15 03:00:00,340.011
2015-05-15 06:00:00,341.26593
2015-05-15 09:00:00,342.08008
2015-05-15 12:00:00,337.40863
2015-05-15 15:00:00,332.5769
2015-05-15 18:00:00,331.1198
2015-05-15 21:00:00,330.81445
2015-05-16 00:00:00,330.2862
2015-05-16 03:00:00,329.07172
2015-05-16 06:00:00,327.66534
2015-05-16 09:00:00,325.8136
2015-05-16 12:00:00,324.02753
2015-05-16 15:00:00,323.88672
2015-05-16 18:00:00,324.67175
2015-05-16 21:00:00,326.90167
2015-05-17 00:00:00,324.68036
2015-05-17 03:00:00,321.9746
2015-05-17 06:00:00,320.3789
2015-05-17 09:00:00,319.44275
2015-05-17 12:00:00,318.92365
2015-05-17 15:00:00,318.4333
2015-05-17 18:00:00,317.9325
2015-05-17 21:00:00,318.8796
2015-05-18 00:00:00,320.07077
2015-05-18 03:00:00,320.56262
2015-05-18 06:00:00,320.76642
2015-05-18 09:00:00,321.1501
2015-05-18 12:00:00,321.74487
2015-05-18 15:00:00,322.49054
2015-05-18 18:00:00,324.44876
2015-05-18 21:00:00,328.97495
2015-05-19 00:00:00,331.40872
2015-05-19 03:00:00,332.4719
2015-05-19 06:00:00,334.45724
2015-05-19 09:00:00,334.71112
2015-05-19 12:00:00,333.68387
2015-05-19 15:00:00,332.88324
2015-05-19 18:00:00,333.47293
2015-05-19 21:00:00,335.62656
2015-05-20 00:00:00,336.40848
2015-05-20 03:00:00,336.201
2015-05-20 06:00:00,336.42438
2015-05-20 09:00:00,336.25854
2015-05-20 12:00:00,334.57877
2015-05-20 15:00:00,333.0186
2015-05-20 18:00:00,333.00888
2015-05-20 21:00:00,334.3185
2015-05-21 00:00:00,335.17548
2015-05-21 03:00:00,334.60864
2015-05-21 06:00:00,333.9718
2015-05-21 09:00:00,333.63416
2015-05-21 12:00:00,332.5344
2015-05-21 15:00:00,331.7066
2015-05-21 18:00:00,331.68484
2015-05-21 21:00:00,335.3347
2015-05-22 00:00:00,336.9246
2015-05-22 03:00:00,336.20306
2015-05-22 06:00:00,334.32654
2015-05-22 09:00:00,332.96515
2015-05-22 12:00:00,332.41003
2015-05-22 15:00:00,331.12634
2015-05-22 18:00:00,331.6139
2015-05-22 21:00:00,334.83896
2015-05-23 00:00:00,335.3285
2015-05-23 03:00:00,334.1414
2015-05-23 06:00:00,332.74203
2015-05-23 09:00:00,331.2599
2015-05-23 12:00:00,330.64572
2015-05-23 15:00:00,330.29398
2015-05-23 18:00:00,330.91428
2015-05-23 21:00:00,333.07922
2015-05-24 00:00:00,333.986
2015-05-24 03:00:00,331.84753
2015-05-24 06:00:00,329.0481
2015-05-24 09:00:00,327.50378
2015-05-24 12:00:00,326.63278
2015-05-24 15:00:00,326.39893
2015-05-24 18:00:00,326.70386
2015-05-24 21:00:00,327.27448
2015-05-25 00:00:00,327.88953
2015-05-25 03:00:00,328.18335
2015-05-25 06:00:00,328.19922
2015-05-25 09:00:00,328.08905
2015-05-25 12:00:00,328.08984
2015-05-25 15:00:00,328.02808
2015-05-25 18:00:00,328.38147
2015-05-25 21:00:00,328.63293
2015-05-26 00:00:00,328.62555
2015-05-26 03:00:00,328.2188
2015-05-26 06:00:00,327.96454
2015-05-26 09:00:00,327.98047
2015-05-26 12:00:00,328.0957
2015-05-26 15:00:00,327.57056
2015-05-26 18:00:00,327.45538
2015-05-26 21:00:00,328.5021
2015-05-27 00:00:00,328.74237
2015-05-27 03:00:00,328.5194
2015-05-27 06:00:00,328.29932
2015-05-27 09:00:00,328.079
2015-05-27 12:00:00,328.04266
2015-05-27 15:00:00,327.6731
2015-05-27 18:00:00,327.8421
2015-05-27 21:00:00,328.0876
2015-05-28 00:00:00,328.266
2015-05-28 03:00:00,328.43146
2015-05-28 06:00:00,328.59637
2015-05-28 09:00:00,328.83636
2015-05-28 12:00:00,329.0954
2015-05-28 15:00:00,328.4411
2015-05-28 18:00:00,329.17236
2015-05-28 21:00:00,330.15808
2015-05-29 00:00:00,330.14856
2015-05-29 03:00:00,329.90674
2015-05-29 06:00:00,329.4225
2015-05-29 09:00:00,329.07367
2015-05-29 12:00:00,328.70996
2015-05-29 15:00:00,328.3167
2015-05-29 18:00:00,329.02786
2015-05-29 21:00:00,330.50037
2015-05-30 00:00:00,331.89087
2015-05-30 03:00:00,332.1643
2015-05-30 06:00:00,332.00745
2015-05-30 09:00:00,331.9746
2015-05-30 12:00:00,331.03394
2015-05-30 15:00:00,330.63135
2015-05-30 18:00:00,331.41724
2015-05-30 21:00:00,333.46783
2015-05-31 00:00:00,336.26764
2015-05-31 03:00:00,338.47504
2015-05-31 06:00:00,339.8415
2015-05-31 09:00:00,339.93835
2015-05-31 12:00:00,333.17493
2015-05-31 15:00:00,329.03357
2015-05-31 18:00:00,329.00598
2015-05-31 21:00:00,330.5957
2015-06-01 00:00:00,333.22913
2015-06-01 03:00:00,334.06995
2015-06-01 06:00:00,333.08435
2015-06-01 09:00:00,332.38562
2015-06-01 12:00:00,329.59424
2015-06-01 15:00:00,325.08264
2015-06-01 18:00:00,324.26782
2015-06-01 21:00:00,326.60938
2015-06-02 00:00:00,328.51666
2015-06-02 03:00:00,329.86737
2015-06-02 06:00:00,329.07092
2015-06-02 09:00:00,326.44464
2015-06-02 12:00:00,324.8369
2015-06-02 15:00:00,324.11957
2015-06-02 18:00:00,324.11328
2015-06-02 21:00:00,324.25058
2015-06-03 00:00:00,324.36945
2015-06-03 03:00:00,324.50958
2015-06-03 06:00:00,324.2518
2015-06-03 09:00:00,323.44128
2015-06-03 12:00:00,322.19025
2015-06-03 15:00:00,320.432
2015-06-03 18:00:00,319.4959
2015-06-03 21:00:00,318.88412
2015-06-04 00:00:00,318.04785
2015-06-04 03:00:00,317.185
2015-06-04 06:00:00,316.3683
2015-06-04 09:00:00,315.72876
2015-06-04 12:00:00,315.30157
2015-06-04 15:00:00,315.009
2015-06-04 18:00:00,315.0257
2015-06-04 21:00:00,315.67267
2015-06-05 00:00:00,316.42432
2015-06-05 03:00:00,316.39185
2015-06-05 06:00:00,316.27606
2015-06-05 09:00:00,316.3673
2015-06-05 12:00:00,317.39062
2015-06-05 15:00:00,317.88684
2015-06-05 18:00:00,319.87518
2015-06-05 21:00:00,322.58734
2015-06-06 00:00:00,322.94287
2015-06-06 03:00:00,323.4798
2015-06-06 06:00:00,323.94125
2015-06-06 09:00:00,323.3913
2015-06-06 12:00:00,323.11127
2015-06-06 15:00:00,323.5495
2015-06-06 18:00:00,324.5174
2015-06-06 21:00:00,325.57928
2015-06-07 00:00:00,327.0799
2015-06-07 03:00:00,328.18103
2015-06-07 06:00:00,329.43134
2015-06-07 09:00:00,330.3167
2015-06-07 12:00:00,331.6875
2015-06-07 15:00:00,324.9713
2015-06-07 18:00:00,329.66968
2015-06-07 21:00:00,333.5276
2015-06-08 00:00:00,333.84863
2015-06-08 03:00:00,333.2307
2015-06-08 06:00:00,331.01636
2015-06-08 09:00:00,327.46094
2015-06-08 12:00:00,322.81738
2015-06-08 15:00:00,318.24963
2015-06-08 18:00:00,314.46167
2015-06-08 21:00:00,312.5172
2015-06-09 00:00:00,311.30872
2015-06-09 03:00:00,310.64465
2015-06-09 06:00:00,310.5902
2015-06-09 09:00:00,310.97522
2015-06-09 12:00:00,311.44592
2015-06-09 15:00:00,312.05017
2015-06-09 18:00:00,312.5891
2015-06-09 21:00:00,313.26758
2015-06-10 00:00:00,313.98108
2015-06-10 03:00:00,315.38
2015-06-10 06:00:00,316.48962
2015-06-10 09:00:00,317.28992
2015-06-10 12:00:00,318.67114
2015-06-10 15:00:00,318.69067
2015-06-10 18:00:00,315.5326
2015-06-10 21:00:00,317.14795
2015-06-11 00:00:00,318.8213
2015-06-11 03:00:00,319.30762
2015-06-11 06:00:00,313.802
2015-06-11 09:00:00,314.97662
2015-06-11 12:00:00,317.9171
2015-06-11 15:00:00,319.03442
2015-06-11 18:00:00,319.14197
2015-06-11 21:00:00,319.26764
2015-06-12 00:00:00,319.96143
2015-06-12 03:00:00,322.4037
2015-06-12 06:00:00,322.5265
2015-06-12 09:00:00,321.16492
2015-06-12 12:00:00,317.75903
2015-06-12 15:00:00,315.7433
2015-06-12 18:00:00,313.36926
2015-06-12 21:00:00,313.69873
2015-06-13 00:00:00,315.40063
2015-06-13 03:00:00,316.03174
2015-06-13 06:00:00,315.807
2015-06-13 09:00:00,314.34888
2015-06-13 12:00:00,306.33984
2015-06-13 15:00:00,295.27686
2015-06-13 18:00:00,291.89404
2015-06-13 21:00:00,293.33838
2015-06-14 00:00:00,291.72803
2015-06-14 03:00:00,289.64502
2015-06-14 06:00:00,291.85388
2015-06-14 09:00:00,295.53674
2015-06-14 12:00:00,296.36682
2015-06-14 15:00:00,295.4568
2015-06-14 18:00:00,294.57068
2015-06-14 21:00:00,297.1463
2015-06-15 00:00:00,300.51624
2015-06-15 03:00:00,302.7583
2015-06-15 06:00:00,304.71936
2015-06-15 09:00:00,305.3872
2015-06-15 12:00:00,306.3872
2015-06-15 15:00:00,309.24048
2015-06-15 18:00:00,313.76178
2015-06-15 21:00:00,320.80713
2015-06-16 00:00:00,324.89883
2015-06-16 03:00:00,327.1612
2015-06-16 06:00:00,330.4621
2015-06-16 09:00:00,332.52466
2015-06-16 12:00:00,329.95026
2015-06-16 15:00:00,327.68994
2015-06-16 18:00:00,328.1723
2015-06-16 21:00:00,331.69922
2015-06-17 00:00:00,332.98438
2015-06-17 03:00:00,333.38922
2015-06-17 06:00:00,333.04895
2015-06-17 09:00:00,331.55603
2015-06-17 12:00:00,330.04663
2015-06-17 15:00:00,327.9386
2015-06-17 18:00:00,327.5213
2015-06-17 21:00:00,329.1815
2015-06-18 00:00:00,327.37646
2015-06-18 03:00:00,324.05554
2015-06-18 06:00:00,320.56268
2015-06-18 09:00:00,317.52545
2015-06-18 12:00:00,315.6336
2015-06-18 15:00:00,314.29926
2015-06-18 18:00:00,313.65686
2015-06-18 21:00:00,313.37817
2015-06-19 00:00:00,312.9137
2015-06-19 03:00:00,312.05023
2015-06-19 06:00:00,311.2281
2015-06-19 09:00:00,310.64075
2015-06-19 12:00:00,310.25922
2015-06-19 15:00:00,310.50293
2015-06-19 18:00:00,311.3791
2015-06-19 21:00:00,312.55707
2015-06-20 00:00:00,313.5807
2015-06-20 03:00:00,314.29517
2015-06-20 06:00:00,314.86523
2015-06-20 09:00:00,315.2621
2015-06-20 12:00:00,315.8252
2015-06-20 15:00:00,316.672
2015-06-20 18:00:00,317.86414
2015-06-20 21:00:00,319.1537
2015-06-21 00:00:00,319.74377
2015-06-21 03:00:00,319.21167
2015-06-21 06:00:00,317.8816
2015-06-21 09:00:00,316.07227
2015-06-21 12:00:00,313.9469
2015-06-21 15:00:00,309.83264
2015-06-21 18:00:00,308.37122
2015-06-21 21:00:00,308.6919
2015-06-22 00:00:00,309.2307
2015-06-22 03:00:00,309.37036
2015-06-22 06:00:00,309.37244
2015-06-22 09:00:00,309.57288
2015-06-22 12:00:00,309.47095
2015-06-22 15:00:00,309.16577
2015-06-22 18:00:00,309.03613
2015-06-22 21:00:00,310.53613
2015-06-23 00:00:00,310.97717
2015-06-23 03:00:00,311.45557
2015-06-23 06:00:00,311.5122
2015-06-23 09:00:00,311.2224
2015-06-23 12:00:00,310.9801
2015-06-23 15:00:00,311.50964
2015-06-23 18:00:00,311.57996
2015-06-23 21:00:00,312.09607
2015-06-24 00:00:00,312.78174
2015-06-24 03:00:00,313.25903
2015-06-24 06:00:00,312.74707
2015-06-24 09:00:00,313.135
2015-06-24 12:00:00,310.75378
2015-06-24 15:00:00,307.87695
2015-06-24 18:00:00,309.3374
2015-06-24 21:00:00,317.52527
2015-06-25 00:00:00,320.29846
2015-06-25 03:00:00,318.31323
2015-06-25 06:00:00,313.68567
2015-06-25 09:00:00,310.4944
2015-06-25 12:00:00,309.8921
2015-06-25 15:00:00,309.85718
2015-06-25 18:00:00,311.00183
2015-06-25 21:00:00,310.78406
2015-06-26 00:00:00,311.99353
2015-06-26 03:00:00,311.27893
2015-06-26 06:00:00,309.83313
2015-06-26 09:00:00,310.51404
2015-06-26 12:00:00,311.35376
2015-06-26 15:00:00,314.78955
2015-06-26 18:00:00,316.80237
2015-06-26 21:00:00,316.22437
2015-06-27 00:00:00,314.1944
2015-06-27 03:00:00,313.41907
2015-06-27 06:00:00,309.1991
2015-06-27 09:00:00,304.28955
2015-06-27 12:00:00,302.9192
2015-06-27 15:00:00,304.0338
2015-06-27 18:00:00,302.75928
2015-06-27 21:00:00,303.25897
2015-06-28 00:00:00,305.6245
2015-06-28 03:00:00,307.13474
2015-06-28 06:00:00,306.52203
2015-06-28 09:00:00,305.20984
2015-06-28 12:00:00,306.86188
2015-06-28 15:00:00,310.40057
2015-06-28 18:00:00,314.3288
2015-06-28 21:00:00,316.98984
2015-06-29 00:00:00,318.16675
2015-06-29 03:00:00,316.86127
2015-06-29 06:00:00,314.5985
2015-06-29 09:00:00,312.09546
2015-06-29 12:00:00,310.5327
2015-06-29 15:00:00,308.8711
2015-06-29 18:00:00,307.77515
2015-06-29 21:00:00,307.39227
2015-06-30 00:00:00,307.60217
2015-06-30 03:00:00,306.90222
2015-06-30 06:00:00,306.1488
2015-06-30 09:00:00,305.72437
2015-06-30 12:00:00,305.01123
2015-06-30 15:00:00,304.2063
2015-06-30 18:00:00,303.6441
2015-06-30 21:00:00,303.43427
2015-07-01 00:00:00,303.06323
2015-07-01 03:00:00,302.4162
2015-07-01 06:00:00,301.78455
2015-07-01 09:00:00,301.0656
2015-07-01 12:00:00,300.25317
2015-07-01 15:00:00,299.41943
2015-07-01 18:00:00,299.42505
2015-07-01 21:00:00,302.08466
2015-07-02 00:00:00,302.63727
2015-07-02 03:00:00,302.75024
2015-07-02 06:00:00,303.46033
2015-07-02 09:00:00,303.89233
2015-07-02 12:00:00,303.21997
2015-07-02 15:00:00,305.06445
2015-07-02 18:00:00,307.4005
2015-07-02 21:00:00,310.0171
2015-07-03 00:00:00,309.36328
2015-07-03 03:00:00,309.71887
2015-07-03 06:00:00,307.65723
2015-07-03 09:00:00,305.2694
2015-07-03 12:00:00,304.98254
2015-07-03 15:00:00,305.24487
2015-07-03 18:00:00,306.8152
2015-07-03 21:00:00,305.54688
2015-07-04 00:00:00,302.4585
2015-07-04 03:00:00,298.04272
2015-07-04 06:00:00,293.64453
2015-07-04 09:00:00,290.79028
2015-07-04 12:00:00,289.82812
2015-07-04 15:00:00,291.90186
2015-07-04 18:00:00,297.28564
2015-07-04 21:00:00,303.8589
2015-07-05 00:00:00,305.59473
2015-07-05 03:00:00,311.04724
2015-07-05 06:00:00,317.83386
2015-07-05 09:00:00,322.18457
2015-07-05 12:00:00,322.34644
2015-07-05 15:00:00,321.87476
2015-07-05 18:00:00,324.8839
2015-07-05 21:00:00,326.99493
2015-07-06 00:00:00,328.00183
2015-07-06 03:00:00,329.4712
2015-07-06 06:00:00,327.7765
2015-07-06 09:00:00,327.0044
2015-07-06 12:00:00,322.5581
2015-07-06 15:00:00,320.05383
2015-07-06 18:00:00,319.71924
2015-07-06 21:00:00,320.3385
2015-07-07 00:00:00,321.4386
2015-07-07 03:00:00,321.6678
2015-07-07 06:00:00,322.88367
2015-07-07 09:00:00,325.42847
2015-07-07 12:00:00,323.42517
2015-07-07 15:00:00,322.8092
2015-07-07 18:00:00,323.21637
2015-07-07 21:00:00,325.7348
2015-07-08 00:00:00,324.51428
2015-07-08 03:00:00,322.56158
2015-07-08 06:00:00,322.2555
2015-07-08 09:00:00,320.72534
2015-07-08 12:00:00,318.518
2015-07-08 15:00:00,316.7702
2015-07-08 18:00:00,316.7671
2015-07-08 21:00:00,317.72955
2015-07-09 00:00:00,317.9267
2015-07-09 03:00:00,317.59436
2015-07-09 06:00:00,316.6858
2015-07-09 09:00:00,316.14758
2015-07-09 12:00:00,316.37488
2015-07-09 15:00:00,316.39087
2015-07-09 18:00:00,316.02966
2015-07-09 21:00:00,315.77368
2015-07-10 00:00:00,314.64246
2015-07-10 03:00:00,313.75366
2015-07-10 06:00:00,313.60718
2015-07-10 09:00:00,314.6671
2015-07-10 12:00:00,314.81384
2015-07-10 15:00:00,314.0254
2015-07-10 18:00:00,316.24097
2015-07-10 21:00:00,318.59985
2015-07-11 00:00:00,320.35193
2015-07-11 03:00:00,321.57996
2015-07-11 06:00:00,321.72766
2015-07-11 09:00:00,321.53296
2015-07-11 12:00:00,319.11084
2015-07-11 15:00:00,318.82532
2015-07-11 18:00:00,321.13367
2015-07-11 21:00:00,323.80023
2015-07-12 00:00:00,326.39453
2015-07-12 03:00:00,327.63635
2015-07-12 06:00:00,328.85254
2015-07-12 09:00:00,329.85364
2015-07-12 12:00:00,326.09045
2015-07-12 15:00:00,323.7589
2015-07-12 18:00:00,324.08032
2015-07-12 21:00:00,325.60242
2015-07-13 00:00:00,325.72443
2015-07-13 03:00:00,325.92078
2015-07-13 06:00:00,326.1095
2015-07-13 09:00:00,325.58813
2015-07-13 12:00:00,322.73462
2015-07-13 15:00:00,320.83667
2015-07-13 18:00:00,319.5495
2015-07-13 21:00:00,320.44
2015-07-14 00:00:00,319.80072
2015-07-14 03:00:00,320.35602
2015-07-14 06:00:00,321.94092
2015-07-14 09:00:00,321.6018
2015-07-14 12:00:00,321.07654
2015-07-14 15:00:00,319.8794
2015-07-14 18:00:00,319.61743
2015-07-14 21:00:00,322.24292
2015-07-15 00:00:00,324.34924
2015-07-15 03:00:00,326.05127
2015-07-15 06:00:00,331.36816
2015-07-15 09:00:00,332.05957
2015-07-15 12:00:00,331.81396
2015-07-15 15:00:00,326.9381
2015-07-15 18:00:00,326.70288
2015-07-15 21:00:00,330.14728
2015-07-16 00:00:00,332.17938
2015-07-16 03:00:00,337.1814
2015-07-16 06:00:00,335.0276
2015-07-16 09:00:00,330.8684
2015-07-16 12:00:00,326.50903
2015-07-16 15:00:00,326.34094
2015-07-16 18:00:00,328.0415
2015-07-16 21:00:00,329.37695
2015-07-17 00:00:00,330.4773
2015-07-17 03:00:00,329.19373
2015-07-17 06:00:00,327.0703
2015-07-17 09:00:00,320.7036
2015-07-17 12:00:00,317.75208
2015-07-17 15:00:00,313.75623
2015-07-17 18:00:00,316.4619
2015-07-17 21:00:00,320.36353
2015-07-18 00:00:00,317.48816
2015-07-18 03:00:00,314.36182
2015-07-18 06:00:00,311.33813
2015-07-18 09:00:00,309.23853
2015-07-18 12:00:00,306.719
2015-07-18 15:00:00,306.35266
2015-07-18 18:00:00,308.8921
2015-07-18 21:00:00,314.25586
2015-07-19 00:00:00,312.5724
2015-07-19 03:00:00,312.11426
2015-07-19 06:00:00,310.20142
2015-07-19 09:00:00,308.10706
2015-07-19 12:00:00,306.885
2015-07-19 15:00:00,306.25977
2015-07-19 18:00:00,306.8164
2015-07-19 21:00:00,310.52087
2015-07-20 00:00:00,309.70605
2015-07-20 03:00:00,311.79858
2015-07-20 06:00:00,311.45068
2015-07-20 09:00:00,306.2981
2015-07-20 12:00:00,305.81958
2015-07-20 15:00:00,309.1018
2015-07-20 18:00:00,313.14392
2015-07-20 21:00:00,316.48145
2015-07-21 00:00:00,315.8723
2015-07-21 03:00:00,314.9524
2015-07-21 06:00:00,313.68945
2015-07-21 09:00:00,315.95435
2015-07-21 12:00:00,313.1023
2015-07-21 15:00:00,309.45398
2015-07-21 18:00:00,313.05835
2015-07-21 21:00:00,315.2785
2015-07-22 00:00:00,315.7251
2015-07-22 03:00:00,320.8728
2015-07-22 06:00:00,319.84558
2015-07-22 09:00:00,321.71216
2015-07-22 12:00:00,320.21948
2015-07-22 15:00:00,318.34766
2015-07-22 18:00:00,319.63696
2015-07-22 21:00:00,321.66296
2015-07-23 00:00:00,321.08008
2015-07-23 03:00:00,321.2506
2015-07-23 06:00:00,320.0188
2015-07-23 09:00:00,318.76953
2015-07-23 12:00:00,317.05066
2015-07-23 15:00:00,317.59753
2015-07-23 18:00:00,319.87646
2015-07-23 21:00:00,322.31726
2015-07-24 00:00:00,322.36963
2015-07-24 03:00:00,318.24316
2015-07-24 06:00:00,312.73315
2015-07-24 09:00:00,307.99902
2015-07-24 12:00:00,304.83386
2015-07-24 15:00:00,305.7506
2015-07-24 18:00:00,312.042
2015-07-24 21:00:00,320.27295
2015-07-25 00:00:00,326.82288
2015-07-25 03:00:00,328.68042
2015-07-25 06:00:00,329.9842
2015-07-25 09:00:00,329.2636
2015-07-25 12:00:00,327.92267
2015-07-25 15:00:00,327.0135
2015-07-25 18:00:00,327.79718
2015-07-25 21:00:00,329.8446
2015-07-26 00:00:00,330.50195
2015-07-26 03:00:00,331.5556
2015-07-26 06:00:00,330.961
2015-07-26 09:00:00,330.30096
2015-07-26 12:00:00,329.47095
2015-07-26 15:00:00,329.1654
2015-07-26 18:00:00,330.3756
2015-07-26 21:00:00,333.69458
2015-07-27 00:00:00,334.3225
2015-07-27 03:00:00,336.3197
2015-07-27 06:00:00,336.15332
2015-07-27 09:00:00,334.03467
2015-07-27 12:00:00,331.25256
2015-07-27 15:00:00,326.76685
2015-07-27 18:00:00,325.99792
2015-07-27 21:00:00,328.08722
2015-07-28 00:00:00,328.23715
2015-07-28 03:00:00,327.1985
2015-07-28 06:00:00,325.78345
2015-07-28 09:00:00,325.7931
2015-07-28 12:00:00,322.7802
2015-07-28 15:00:00,323.06525
2015-07-28 18:00:00,325.96185
2015-07-28 21:00:00,327.61017
2015-07-29 00:00:00,326.17773
2015-07-29 03:00:00,327.41626
2015-07-29 06:00:00,327.31006
2015-07-29 09:00:00,325.97424
2015-07-29 12:00:00,320.38855
2015-07-29 15:00:00,319.73474
2015-07-29 18:00:00,320.43164
2015-07-29 21:00:00,320.38757
2015-07-30 00:00:00,316.33716
2015-07-30 03:00:00,312.36926
2015-07-30 06:00:00,308.27576
2015-07-30 09:00:00,305.14343
2015-07-30 12:00:00,302.82227
2015-07-30 15:00:00,300.92578
2015-07-30 18:00:00,299.51257
2015-07-30 21:00:00,298.5476
2015-07-31 00:00:00,297.8015
2015-07-31 03:00:00,297.13562
2015-07-31 06:00:00,296.49805
2015-07-31 09:00:00,297.479
2015-07-31 12:00:00,299.70844
2015-07-31 15:00:00,306.27216
2015-07-31 18:00:00,316.24323
2015-07-31 21:00:00,323.2692
2015-08-01 00:00:00,325.60257
2015-08-01 03:00:00,327.2057
2015-08-01 06:00:00,327.5865
2015-08-01 09:00:00,327.0042
2015-08-01 12:00:00,325.58728
2015-08-01 15:00:00,323.82007
2015-08-01 18:00:00,322.86438
2015-08-01 21:00:00,323.02435
2015-08-02 00:00:00,322.23285
2015-08-02 03:00:00,320.1571
2015-08-02 06:00:00,318.2141
2015-08-02 09:00:00,316.61853
2015-08-02 12:00:00,316.18555
2015-08-02 15:00:00,316.35266
2015-08-02 18:00:00,319.17383
2015-08-02 21:00:00,321.90613
2015-08-03 00:00:00,322.12793
2015-08-03 03:00:00,321.60217
2015-08-03 06:00:00,319.9928
2015-08-03 09:00:00,316.26453
2015-08-03 12:00:00,314.0476
2015-08-03 15:00:00,309.84668
2015-08-03 18:00:00,310.38336
2015-08-03 21:00:00,311.28833
2015-08-04 00:00:00,307.35925
2015-08-04 03:00:00,305.36774
2015-08-04 06:00:00,308.0442
2015-08-04 09:00:00,309.68134
2015-08-04 12:00:00,310.10522
2015-08-04 15:00:00,312.00226
2015-08-04 18:00:00,313.3805
2015-08-04 21:00:00,315.2641
2015-08-05 00:00:00,317.83228
2015-08-05 03:00:00,321.26678
2015-08-05 06:00:00,322.34528
2015-08-05 09:00:00,323.66473
2015-08-05 12:00:00,323.6797
2015-08-05 15:00:00,322.7201
2015-08-05 18:00:00,322.41003
2015-08-05 21:00:00,322.5166
2015-08-06 00:00:00,322.17163
2015-08-06 03:00:00,320.66577
2015-08-06 06:00:00,319.5459
2015-08-06 09:00:00,316.26147
2015-08-06 12:00:00,314.3468
2015-08-06 15:00:00,314.41016
2015-08-06 18:00:00,316.9248
2015-08-06 21:00:00,321.83838
2015-08-07 00:00:00,322.47156
2015-08-07 03:00:00,324.0022
2015-08-07 06:00:00,328.83716
2015-08-07 09:00:00,330.65198
2015-08-07 12:00:00,329.0111
2015-08-07 15:00:00,326.72937
2015-08-07 18:00:00,328.3001
2015-08-07 21:00:00,331.2674
2015-08-08 00:00:00,330.87433
2015-08-08 03:00:00,329.87714
2015-08-08 06:00:00,329.81454
2015-08-08 09:00:00,329.2406
2015-08-08 12:00:00,330.08203
2015-08-08 15:00:00,329.8111
2015-08-08 18:00:00,330.06494
2015-08-08 21:00:00,330.86118
2015-08-09 00:00:00,331.00024
2015-08-09 03:00:00,330.44025
2015-08-09 06:00:00,330.26196
2015-08-09 09:00:00,330.14087
2015-08-09 12:00:00,330.2281
2015-08-09 15:00:00,330.3437
2015-08-09 18:00:00,330.5813
2015-08-09 21:00:00,330.65973
2015-08-10 00:00:00,330.3866
2015-08-10 03:00:00,329.74725
2015-08-10 06:00:00,328.8584
2015-08-10 09:00:00,327.75208
2015-08-10 12:00:00,326.4494
2015-08-10 15:00:00,325.04504
2015-08-10 18:00:00,321.74402
2015-08-10 21:00:00,321.45953
2015-08-11 00:00:00,321.71985
2015-08-11 03:00:00,321.34192
2015-08-11 06:00:00,321.32385
2015-08-11 09:00:00,320.28223
2015-08-11 12:00:00,319.36035
2015-08-11 15:00:00,317.94067
2015-08-11 18:00:00,318.01062
2015-08-11 21:00:00,320.30817
2015-08-12 00:00:00,318.63574
2015-08-12 03:00:00,317.05823
2015-08-12 06:00:00,315.03186
2015-08-12 09:00:00,313.29382
2015-08-12 12:00:00,311.84436
2015-08-12 15:00:00,311.72925
2015-08-12 18:00:00,315.78223
2015-08-12 21:00:00,322.58228
2015-08-13 00:00:00,325.84363
2015-08-13 03:00:00,327.8396
2015-08-13 06:00:00,329.87012
2015-08-13 09:00:00,329.65735
2015-08-13 12:00:00,328.10535
2015-08-13 15:00:00,327.63965
2015-08-13 18:00:00,328.1173
2015-08-13 21:00:00,330.32996
2015-08-14 00:00:00,330.33698
2015-08-14 03:00:00,331.62878
2015-08-14 06:00:00,333.0299
2015-08-14 09:00:00,333.70544
2015-08-14 12:00:00,329.1272
2015-08-14 15:00:00,325.85266
2015-08-14 18:00:00,324.57373
2015-08-14 21:00:00,326.26794
2015-08-15 00:00:00,325.71436
2015-08-15 03:00:00,324.32446
2015-08-15 06:00:00,322.31744
2015-08-15 09:00:00,322.0338
2015-08-15 12:00:00,320.70172
2015-08-15 15:00:00,320.36896
2015-08-15 18:00:00,320.65796
2015-08-15 21:00:00,321.27417
2015-08-16 00:00:00,321.45782
2015-08-16 03:00:00,321.50128
2015-08-16 06:00:00,321.16406
2015-08-16 09:00:00,320.74042
2015-08-16 12:00:00,320.26178
2015-08-16 15:00:00,319.6684
2015-08-16 18:00:00,319.14624
2015-08-16 21:00:00,319.1565
2015-08-17 00:00:00,318.79077
2015-08-17 03:00:00,318.98352
2015-08-17 06:00:00,319.41626
2015-08-17 09:00:00,319.40344
2015-08-17 12:00:00,318.50256
2015-08-17 15:00:00,317.95422
2015-08-17 18:00:00,319.09827
2015-08-17 21:00:00,321.33093
2015-08-18 00:00:00,324.48932
2015-08-18 03:00:00,326.53198
2015-08-18 06:00:00,326.0822
2015-08-18 09:00:00,323.8952
2015-08-18 12:00:00,322.66443
2015-08-18 15:00:00,322.24323
2015-08-18 18:00:00,323.3037
2015-08-18 21:00:00,325.07898
2015-08-19 00:00:00,325.18942
2015-08-19 03:00:00,324.64127
2015-08-19 06:00:00,324.29236
2015-08-19 09:00:00,323.67908
2015-08-19 12:00:00,323.20825
2015-08-19 15:00:00,323.089
2015-08-19 18:00:00,323.37512
2015-08-19 21:00:00,323.6751
2015-08-20 00:00:00,323.62036
2015-08-20 03:00:00,323.3866
2015-08-20 06:00:00,323.18195
2015-08-20 09:00:00,323.07275
2015-08-20 12:00:00,322.98932
2015-08-20 15:00:00,322.53796
2015-08-20 18:00:00,322.4973
2015-08-20 21:00:00,322.57874
2015-08-21 00:00:00,322.68127
2015-08-21 03:00:00,322.39642
2015-08-21 06:00:00,321.77594
2015-08-21 09:00:00,321.01996
2015-08-21 12:00:00,320.3324
2015-08-21 15:00:00,319.68866
2015-08-21 18:00:00,320.33176
2015-08-21 21:00:00,322.9721
2015-08-22 00:00:00,325.8556
2015-08-22 03:00:00,326.77655
2015-08-22 06:00:00,326.40845
2015-08-22 09:00:00,324.0238
2015-08-22 12:00:00,320.4878
2015-08-22 15:00:00,316.51074
2015-08-22 18:00:00,313.89825
2015-08-22 21:00:00,312.74542
2015-08-23 00:00:00,312.1687
2015-08-23 03:00:00,311.61035
2015-08-23 06:00:00,311.117
2015-08-23 09:00:00,310.73352
2015-08-23 12:00:00,310.43707
2015-08-23 15:00:00,310.21533
2015-08-23 18:00:00,309.80396
2015-08-23 21:00:00,309.01733
2015-08-24 00:00:00,308.61212
2015-08-24 03:00:00,310.7279
2015-08-24 06:00:00,312.9945
2015-08-24 09:00:00,314.05566
2015-08-24 12:00:00,313.8952
2015-08-24 15:00:00,313.2182
2015-08-24 18:00:00,312.38916
2015-08-24 21:00:00,312.0111
2015-08-25 00:00:00,312.34406
2015-08-25 03:00:00,312.13354
2015-08-25 06:00:00,311.89417
2015-08-25 09:00:00,311.90027
2015-08-25 12:00:00,311.08057
2015-08-25 15:00:00,310.79346
2015-08-25 18:00:00,310.61682
2015-08-25 21:00:00,312.07043
2015-08-26 00:00:00,312.34595
2015-08-26 03:00:00,311.26147
2015-08-26 06:00:00,310.71924
2015-08-26 09:00:00,309.86768
2015-08-26 12:00:00,309.53992
2015-08-26 15:00:00,309.60266
2015-08-26 18:00:00,309.4673
2015-08-26 21:00:00,309.46887
2015-08-27 00:00:00,309.0855
2015-08-27 03:00:00,309.2984
2015-08-27 06:00:00,309.7779
2015-08-27 09:00:00,310.16748
2015-08-27 12:00:00,310.3994
2015-08-27 15:00:00,310.09576
2015-08-27 18:00:00,309.39307
2015-08-27 21:00:00,308.438
2015-08-28 00:00:00,306.89307
2015-08-28 03:00:00,305.04688
2015-08-28 06:00:00,303.45776
2015-08-28 09:00:00,302.0647
2015-08-28 12:00:00,300.70935
2015-08-28 15:00:00,300.53906
2015-08-28 18:00:00,301.3993
2015-08-28 21:00:00,303.6742
2015-08-29 00:00:00,303.3684
2015-08-29 03:00:00,301.63843
2015-08-29 06:00:00,300.40845
2015-08-29 09:00:00,299.29895
2015-08-29 12:00:00,298.73877
2015-08-29 15:00:00,298.56445
2015-08-29 18:00:00,298.7351
2015-08-29 21:00:00,298.91467
2015-08-30 00:00:00,298.95502
2015-08-30 03:00:00,298.8365
2015-08-30 06:00:00,298.44006
2015-08-30 09:00:00,297.69043
2015-08-30 12:00:00,296.26794
2015-08-30 15:00:00,295.33264
2015-08-30 18:00:00,294.58716
2015-08-30 21:00:00,294.12878
2015-08-31 00:00:00,293.20703
2015-08-31 03:00:00,292.40833
2015-08-31 06:00:00,291.88354
2015-08-31 09:00:00,291.7583
2015-08-31 12:00:00,291.72424
2015-08-31 15:00:00,291.82007
2015-08-31 18:00:00,292.57178
2015-08-31 21:00:00,294.38367
2015-09-01 00:00:00,297.85986
2015-09-01 03:00:00,302.77472
2015-09-01 06:00:00,306.82178
2015-09-01 09:00:00,311.21283
2015-09-01 12:00:00,314.9517
2015-09-01 15:00:00,319.51688
2015-09-01 18:00:00,323.82153
2015-09-01 21:00:00,328.1621
2015-09-02 00:00:00,328.83026
2015-09-02 03:00:00,329.37775
2015-09-02 06:00:00,330.96356
2015-09-02 09:00:00,330.28156
2015-09-02 12:00:00,328.7823
2015-09-02 15:00:00,327.46246
2015-09-02 18:00:00,328.70618
2015-09-02 21:00:00,331.55383
2015-09-03 00:00:00,331.76868
2015-09-03 03:00:00,331.04846
2015-09-03 06:00:00,329.97815
2015-09-03 09:00:00,329.69263
2015-09-03 12:00:00,328.57373
2015-09-03 15:00:00,327.88013
2015-09-03 18:00:00,328.17865
2015-09-03 21:00:00,329.8548
2015-09-04 00:00:00,331.31433
2015-09-04 03:00:00,331.68512
2015-09-04 06:00:00,331.45453
2015-09-04 09:00:00,330.71777
2015-09-04 12:00:00,330.04755
2015-09-04 15:00:00,329.22607
2015-09-04 18:00:00,329.07288
2015-09-04 21:00:00,331.62616
2015-09-05 00:00:00,332.7649
2015-09-05 03:00:00,333.46906
2015-09-05 06:00:00,333.5598
2015-09-05 09:00:00,332.82068
2015-09-05 12:00:00,331.5193
2015-09-05 15:00:00,330.70386
2015-09-05 18:00:00,330.59998
2015-09-05 21:00:00,331.1963
2015-09-06 00:00:00,331.62695
2015-09-06 03:00:00,331.92285
2015-09-06 06:00:00,331.69556
2015-09-06 09:00:00,330.92297
2015-09-06 12:00:00,329.78345
2015-09-06 15:00:00,327.11377
2015-09-06 18:00:00,327.12012
2015-09-06 21:00:00,327.54065
2015-09-07 00:00:00,327.30725
2015-09-07 03:00:00,326.50366
2015-09-07 06:00:00,325.18433
2015-09-07 09:00:00,323.2975
2015-09-07 12:00:00,321.12854
2015-09-07 15:00:00,317.62915
2015-09-07 18:00:00,316.61108
2015-09-07 21:00:00,316.81287
2015-09-08 00:00:00,317.08142
2015-09-08 03:00:00,317.1643
2015-09-08 06:00:00,316.85303
2015-09-08 09:00:00,316.18884
2015-09-08 12:00:00,315.6494
2015-09-08 15:00:00,315.58997
2015-09-08 18:00:00,316.78436
2015-09-08 21:00:00,319.53906
2015-09-09 00:00:00,320.64795
2015-09-09 03:00:00,320.25793
2015-09-09 06:00:00,318.12524
2015-09-09 09:00:00,312.922
2015-09-09 12:00:00,310.29004
2015-09-09 15:00:00,309.526
2015-09-09 18:00:00,308.73212
2015-09-09 21:00:00,308.47577
2015-09-10 00:00:00,308.93848
2015-09-10 03:00:00,309.35516
2015-09-10 06:00:00,310.02737
2015-09-10 09:00:00,311.69672
2015-09-10 12:00:00,311.67487
2015-09-10 15:00:00,311.69666
2015-09-10 18:00:00,312.7019
2015-09-10 21:00:00,313.5962
2015-09-11 00:00:00,315.02423
2015-09-11 03:00:00,316.377
2015-09-11 06:00:00,313.85486
2015-09-11 09:00:00,312.18018
2015-09-11 12:00:00,311.9237
2015-09-11 15:00:00,311.0188
2015-09-11 18:00:00,309.7621
2015-09-11 21:00:00,309.54425
2015-09-12 00:00:00,309.08636
2015-09-12 03:00:00,308.1242
2015-09-12 06:00:00,307.29907
2015-09-12 09:00:00,306.60443
2015-09-12 12:00:00,306.47638
2015-09-12 15:00:00,307.78436
2015-09-12 18:00:00,309.8686
2015-09-12 21:00:00,311.4359
2015-09-13 00:00:00,311.82843
2015-09-13 03:00:00,311.8288
2015-09-13 06:00:00,311.2882
2015-09-13 09:00:00,309.9397
2015-09-13 12:00:00,307.62866
2015-09-13 15:00:00,304.25122
2015-09-13 18:00:00,302.344
2015-09-13 21:00:00,302.80115
2015-09-14 00:00:00,305.04822
2015-09-14 03:00:00,306.29846
2015-09-14 06:00:00,306.82056
2015-09-14 09:00:00,307.10718
2015-09-14 12:00:00,307.55554
2015-09-14 15:00:00,308.5244
2015-09-14 18:00:00,310.1684
2015-09-14 21:00:00,310.83612
2015-09-15 00:00:00,311.2851
2015-09-15 03:00:00,311.58264
2015-09-15 06:00:00,311.354
2015-09-15 09:00:00,309.52637
2015-09-15 12:00:00,305.7444
2015-09-15 15:00:00,300.73584
2015-09-15 18:00:00,293.92285
2015-09-15 21:00:00,289.37964
2015-09-16 00:00:00,285.9121
2015-09-16 03:00:00,282.32153
2015-09-16 06:00:00,278.04907
2015-09-16 09:00:00,278.7594
2015-09-16 12:00:00,284.79822
2015-09-16 15:00:00,289.70428
2015-09-16 18:00:00,293.42584
2015-09-16 21:00:00,296.00458
2015-09-17 00:00:00,297.67786
2015-09-17 03:00:00,298.84192
2015-09-17 06:00:00,300.0432
2015-09-17 09:00:00,300.99408
2015-09-17 12:00:00,301.6678
2015-09-17 15:00:00,302.4264
2015-09-17 18:00:00,303.73114
2015-09-17 21:00:00,305.9431
2015-09-18 00:00:00,308.7055
2015-09-18 03:00:00,311.4276
2015-09-18 06:00:00,314.4179
2015-09-18 09:00:00,316.1593
2015-09-18 12:00:00,316.6509
2015-09-18 15:00:00,318.5197
2015-09-18 18:00:00,322.82428
2015-09-18 21:00:00,327.8498
2015-09-19 00:00:00,329.576
2015-09-19 03:00:00,329.70413
2015-09-19 06:00:00,329.6495
2015-09-19 09:00:00,329.06506
2015-09-19 12:00:00,328.89578
2015-09-19 15:00:00,329.11304
2015-09-19 18:00:00,329.5417
2015-09-19 21:00:00,330.22797
2015-09-20 00:00:00,330.8136
2015-09-20 03:00:00,330.97028
2015-09-20 06:00:00,330.74353
2015-09-20 09:00:00,330.03345
2015-09-20 12:00:00,328.3379
2015-09-20 15:00:00,324.89917
2015-09-20 18:00:00,320.583
2015-09-20 21:00:00,316.04395
2015-09-21 00:00:00,312.0453
2015-09-21 03:00:00,308.97546
2015-09-21 06:00:00,306.612
2015-09-21 09:00:00,305.09106
2015-09-21 12:00:00,304.49164
2015-09-21 15:00:00,305.39948
2015-09-21 18:00:00,308.87485
2015-09-21 21:00:00,312.7479
2015-09-22 00:00:00,314.372
2015-09-22 03:00:00,316.25195
2015-09-22 06:00:00,318.7345
2015-09-22 09:00:00,320.26996
2015-09-22 12:00:00,319.9654
2015-09-22 15:00:00,320.5249
2015-09-22 18:00:00,321.09113
2015-09-22 21:00:00,324.4294
2015-09-23 00:00:00,326.97052
2015-09-23 03:00:00,328.9851
2015-09-23 06:00:00,328.09912
2015-09-23 09:00:00,325.63312
2015-09-23 12:00:00,324.9964
2015-09-23 15:00:00,324.30658
2015-09-23 18:00:00,323.51038
2015-09-23 21:00:00,323.56064
2015-09-24 00:00:00,324.1203
2015-09-24 03:00:00,324.4517
2015-09-24 06:00:00,324.52805
2015-09-24 09:00:00,324.2367
2015-09-24 12:00:00,323.7528
2015-09-24 15:00:00,323.20398
2015-09-24 18:00:00,322.6369
2015-09-24 21:00:00,322.4226
2015-09-25 00:00:00,322.18048
2015-09-25 03:00:00,321.88403
2015-09-25 06:00:00,321.78137
2015-09-25 09:00:00,322.138
2015-09-25 12:00:00,322.86227
2015-09-25 15:00:00,323.62723
2015-09-25 18:00:00,324.37137
2015-09-25 21:00:00,324.9772
2015-09-26 00:00:00,325.1518
2015-09-26 03:00:00,325.2217
2015-09-26 06:00:00,325.16943
2015-09-26 09:00:00,324.96994
2015-09-26 12:00:00,324.80127
2015-09-26 15:00:00,324.64856
2015-09-26 18:00:00,324.86346
2015-09-26 21:00:00,325.03964
2015-09-27 00:00:00,324.9941
2015-09-27 03:00:00,325.25598
2015-09-27 06:00:00,325.59814
2015-09-27 09:00:00,325.7992
2015-09-27 12:00:00,325.41302
2015-09-27 15:00:00,324.26105
2015-09-27 18:00:00,323.1493
2015-09-27 21:00:00,322.8649
2015-09-28 00:00:00,322.24686
2015-09-28 03:00:00,321.09796
2015-09-28 06:00:00,319.40857
2015-09-28 09:00:00,317.1903
2015-09-28 12:00:00,314.85986
2015-09-28 15:00:00,311.79858
2015-09-28 18:00:00,307.39246
2015-09-28 21:00:00,303.6355
2015-09-29 00:00:00,300.59082
2015-09-29 03:00:00,295.53906
2015-09-29 06:00:00,290.6034
2015-09-29 09:00:00,289.04016
2015-09-29 12:00:00,280.3769
2015-09-29 15:00:00,275.5011
2015-09-29 18:00:00,278.94427
2015-09-29 21:00:00,284.25354
2015-09-30 00:00:00,288.14984
2015-09-30 03:00:00,290.53534
2015-09-30 06:00:00,291.6302
2015-09-30 09:00:00,292.34412
2015-09-30 12:00:00,292.85645
2015-09-30 15:00:00,292.57922
2015-09-30 18:00:00,293.09613
2015-09-30 21:00:00,293.7583
2015-10-01 00:00:00,294.45105
2015-10-01 03:00:00,294.9552
2015-10-01 06:00:00,295.34387
2015-10-01 09:00:00,295.63342
2015-10-01 12:00:00,295.90808
2015-10-01 15:00:00,295.9391
2015-10-01 18:00:00,295.94214
2015-10-01 21:00:00,295.73505
2015-10-02 00:00:00,295.93378
2015-10-02 03:00:00,295.64404
2015-10-02 06:00:00,294.80188
2015-10-02 09:00:00,293.72095
2015-10-02 12:00:00,292.0857
2015-10-02 15:00:00,291.35352
2015-10-02 18:00:00,291.0205
2015-10-02 21:00:00,289.40173
2015-10-03 00:00:00,287.79797
2015-10-03 03:00:00,286.30603
2015-10-03 06:00:00,284.57434
2015-10-03 09:00:00,282.54456
2015-10-03 12:00:00,279.06458
2015-10-03 15:00:00,274.62695
2015-10-03 18:00:00,270.81262
2015-10-03 21:00:00,261.55768
2015-10-04 00:00:00,239.69545
2015-10-04 03:00:00,213.57993
2015-10-04 06:00:00,214.86476
2015-10-04 09:00:00,228.89297
2015-10-04 12:00:00,245.68456
2015-10-04 15:00:00,252.61534
2015-10-04 18:00:00,251.50037
2015-10-04 21:00:00,244.45673
2015-10-05 00:00:00,237.80505
2015-10-05 03:00:00,240.87897
2015-10-05 06:00:00,240.52483
2015-10-05 09:00:00,237.58075
2015-10-05 12:00:00,237.6986
2015-10-05 15:00:00,242.52898
2015-10-05 18:00:00,249.75789
2015-10-05 21:00:00,255.94559
2015-10-06 00:00:00,261.21912
2015-10-06 03:00:00,267.3266
2015-10-06 06:00:00,273.7268
2015-10-06 09:00:00,278.8634
2015-10-06 12:00:00,282.22504
2015-10-06 15:00:00,284.69165
2015-10-06 18:00:00,287.26477
2015-10-06 21:00:00,290.44586
2015-10-07 00:00:00,294.23743
2015-10-07 03:00:00,298.1369
2015-10-07 06:00:00,301.3
2015-10-07 09:00:00,303.55756
2015-10-07 12:00:00,305.29517
2015-10-07 15:00:00,306.88287
2015-10-07 18:00:00,309.70898
2015-10-07 21:00:00,314.66705
2015-10-08 00:00:00,316.30786
2015-10-08 03:00:00,318.04346
2015-10-08 06:00:00,319.49292
2015-10-08 09:00:00,320.20435
2015-10-08 12:00:00,319.33392
2015-10-08 15:00:00,319.456
2015-10-08 18:00:00,319.78375
2015-10-08 21:00:00,320.26663
2015-10-09 00:00:00,319.9323
2015-10-09 03:00:00,319.3131
2015-10-09 06:00:00,318.4942
2015-10-09 09:00:00,318.01227
2015-10-09 12:00:00,317.26123
2015-10-09 15:00:00,315.98816
2015-10-09 18:00:00,313.95996
2015-10-09 21:00:00,308.5244
2015-10-10 00:00:00,293.40503
2015-10-10 03:00:00,271.469
2015-10-10 06:00:00,252.34453
2015-10-10 09:00:00,245.67459
2015-10-10 12:00:00,256.065
2015-10-10 15:00:00,271.8401
2015-10-10 18:00:00,279.42413
2015-10-10 21:00:00,284.0199
2015-10-11 00:00:00,286.8109
2015-10-11 03:00:00,288.16888
2015-10-11 06:00:00,288.73633
2015-10-11 09:00:00,288.59216
2015-10-11 12:00:00,287.7561
2015-10-11 15:00:00,286.69043
2015-10-11 18:00:00,286.74146
2015-10-11 21:00:00,286.7306
2015-10-12 00:00:00,286.48047
2015-10-12 03:00:00,286.1615
2015-10-12 06:00:00,289.2677
2015-10-12 09:00:00,293.47827
2015-10-12 12:00:00,296.5645
2015-10-12 15:00:00,299.5121
2015-10-12 18:00:00,302.48077
2015-10-12 21:00:00,306.18988
2015-10-13 00:00:00,309.85416
2015-10-13 03:00:00,313.26666
2015-10-13 06:00:00,316.13757
2015-10-13 09:00:00,318.56897
2015-10-13 12:00:00,320.39688
2015-10-13 15:00:00,321.67227
2015-10-13 18:00:00,322.50168
2015-10-13 21:00:00,322.88416
2015-10-14 00:00:00,322.37036
2015-10-14 03:00:00,321.0846
2015-10-14 06:00:00,319.2245
2015-10-14 09:00:00,317.36737
2015-10-14 12:00:00,315.52155
2015-10-14 15:00:00,313.97913
2015-10-14 18:00:00,313.3004
2015-10-14 21:00:00,312.9699
2015-10-15 00:00:00,312.75388
2015-10-15 03:00:00,312.6445
2015-10-15 06:00:00,312.59738
2015-10-15 09:00:00,312.54068
2015-10-15 12:00:00,312.48477
2015-10-15 15:00:00,312.1576
2015-10-15 18:00:00,312.00262
2015-10-15 21:00:00,311.75552
2015-10-16 00:00:00,311.4227
2015-10-16 03:00:00,310.82654
2015-10-16 06:00:00,310.12878
2015-10-16 09:00:00,309.52502
2015-10-16 12:00:00,308.74255
2015-10-16 15:00:00,306.7448
2015-10-16 18:00:00,302.38666
2015-10-16 21:00:00,295.62024
2015-10-17 00:00:00,283.45825
2015-10-17 03:00:00,237.7547
2015-10-17 06:00:00,173.40736
2015-10-17 09:00:00,183.40805
2015-10-17 12:00:00,210.69421
2015-10-17 15:00:00,224.42386
2015-10-17 18:00:00,232.88136
2015-10-17 21:00:00,240.27483
2015-10-18 00:00:00,244.23077
2015-10-18 03:00:00,242.32056
2015-10-18 06:00:00,241.29001
2015-10-18 09:00:00,241.13045
2015-10-18 12:00:00,241.19595
2015-10-18 15:00:00,240.23242
2015-10-18 18:00:00,241.26443
2015-10-18 21:00:00,242.74062
2015-10-19 00:00:00,237.93823
2015-10-19 03:00:00,236.21329
2015-10-19 06:00:00,234.09904
2015-10-19 09:00:00,234.66428
2015-10-19 12:00:00,230.26588
2015-10-19 15:00:00,226.5183
2015-10-19 18:00:00,216.8086
2015-10-19 21:00:00,209.40755
2015-10-20 00:00:00,210.47229
2015-10-20 03:00:00,237.63626
2015-10-20 06:00:00,300.823
2015-10-20 09:00:00,336.82953
2015-10-20 12:00:00,0.16769844
2015-10-20 15:00:00,44.292114
2015-10-20 18:00:00,71.69615
2015-10-20 21:00:00,64.4205
2015-10-21 00:00:00,50.676987
2015-10-21 03:00:00,336.8296
2015-10-21 06:00:00,316.97803
2015-10-21 09:00:00,314.911
2015-10-21 12:00:00,311.50757
2015-10-21 15:00:00,306.44873
2015-10-21 18:00:00,300.7688
2015-10-21 21:00:00,295.17334
2015-10-22 00:00:00,292.47827
2015-10-22 03:00:00,290.0725
2015-10-22 06:00:00,289.0901
2015-10-22 09:00:00,289.15527
2015-10-22 12:00:00,292.17798
2015-10-22 15:00:00,294.49292
2015-10-22 18:00:00,298.55493
2015-10-22 21:00:00,303.052
2015-10-23 00:00:00,307.708
2015-10-23 03:00:00,310.85706
2015-10-23 06:00:00,312.69012
2015-10-23 09:00:00,313.87445
2015-10-23 12:00:00,314.17383
2015-10-23 15:00:00,313.67682
2015-10-23 18:00:00,312.67334
2015-10-23 21:00:00,311.3922
2015-10-24 00:00:00,310.2625
2015-10-24 03:00:00,309.3642
2015-10-24 06:00:00,309.06207
2015-10-24 09:00:00,309.28375
2015-10-24 12:00:00,309.16666
2015-10-24 15:00:00,308.85822
2015-10-24 18:00:00,308.5212
2015-10-24 21:00:00,308.8479
2015-10-25 00:00:00,310.38562
2015-10-25 03:00:00,312.5194
2015-10-25 06:00:00,312.94696
2015-10-25 09:00:00,313.1126
2015-10-25 12:00:00,312.49323
2015-10-25 15:00:00,312.21967
2015-10-25 18:00:00,312.43872
2015-10-25 21:00:00,312.97577
2015-10-26 00:00:00,313.0863
2015-10-26 03:00:00,313.29156
2015-10-26 06:00:00,313.50043
2015-10-26 09:00:00,313.41284
2015-10-26 12:00:00,312.0625
2015-10-26 15:00:00,305.68982
2015-10-26 18:00:00,294.09778
2015-10-26 21:00:00,281.25458
2015-10-27 00:00:00,293.5579
2015-10-27 03:00:00,297.90692
2015-10-27 06:00:00,301.8636
2015-10-27 09:00:00,305.35065
2015-10-27 12:00:00,307.2566
2015-10-27 15:00:00,308.49298
2015-10-27 18:00:00,309.28357
2015-10-27 21:00:00,309.57397
2015-10-28 00:00:00,309.67108
2015-10-28 03:00:00,310.34418
2015-10-28 06:00:00,310.8921
2015-10-28 09:00:00,311.5451
2015-10-28 12:00:00,312.1281
2015-10-28 15:00:00,312.58026
2015-10-28 18:00:00,312.85498
2015-10-28 21:00:00,312.9431
2015-10-29 00:00:00,312.7162
2015-10-29 03:00:00,312.19592
2015-10-29 06:00:00,311.2527
2015-10-29 09:00:00,309.75952
2015-10-29 12:00:00,307.80652
2015-10-29 15:00:00,305.54736
2015-10-29 18:00:00,303.182
2015-10-29 21:00:00,300.93823
2015-10-30 00:00:00,299.87732
2015-10-30 03:00:00,301.04712
2015-10-30 06:00:00,303.84424
2015-10-30 09:00:00,305.9533
2015-10-30 12:00:00,306.51624
2015-10-30 15:00:00,305.641
2015-10-30 18:00:00,303.25073
2015-10-30 21:00:00,298.8606
2015-10-31 00:00:00,286.65503
2015-10-31 03:00:00,286.47864
2015-10-31 06:00:00,291.46924
2015-10-31 09:00:00,293.55273
2015-10-31 12:00:00,294.2976
2015-10-31 15:00:00,294.391
2015-10-31 18:00:00,294.43274
2015-10-31 21:00:00,294.9926
2015-11-01 00:00:00,296.3869
2015-11-01 03:00:00,298.7525
2015-11-01 06:00:00,302.1726
2015-11-01 09:00:00,305.7818
2015-11-01 12:00:00,310.8374
2015-11-01 15:00:00,311.81964
2015-11-01 18:00:00,308.72202
2015-11-01 21:00:00,299.61957
2015-11-02 00:00:00,300.36743
2015-11-02 03:00:00,297.35254
2015-11-02 06:00:00,290.93518
2015-11-02 09:00:00,283.94604
2015-11-02 12:00:00,274.21167
2015-11-02 15:00:00,259.5962
2015-11-02 18:00:00,270.50024
2015-11-02 21:00:00,278.761
2015-11-03 00:00:00,285.1897
2015-11-03 03:00:00,289.3711
2015-11-03 06:00:00,291.18896
2015-11-03 09:00:00,292.03925
2015-11-03 12:00:00,293.26074
2015-11-03 15:00:00,294.46442
2015-11-03 18:00:00,295.50024
2015-11-03 21:00:00,295.39514
2015-11-04 00:00:00,292.69055
2015-11-04 03:00:00,286.60596
2015-11-04 06:00:00,279.45532
2015-11-04 09:00:00,272.79663
2015-11-04 12:00:00,280.52417
2015-11-04 15:00:00,284.93396
2015-11-04 18:00:00,287.63342
2015-11-04 21:00:00,289.69617
2015-11-05 00:00:00,291.22583
2015-11-05 03:00:00,292.4497
2015-11-05 06:00:00,292.70618
2015-11-05 09:00:00,292.43054
2015-11-05 12:00:00,291.7124
2015-11-05 15:00:00,290.54956
2015-11-05 18:00:00,289.30273
2015-11-05 21:00:00,287.7765
2015-11-06 00:00:00,285.9342
2015-11-06 03:00:00,284.91284
2015-11-06 06:00:00,284.985
2015-11-06 09:00:00,285.60144
2015-11-06 12:00:00,286.28528
2015-11-06 15:00:00,286.70007
2015-11-06 18:00:00,287.31482
2015-11-06 21:00:00,287.62982
2015-11-07 00:00:00,287.765
2015-11-07 03:00:00,288.02722
2015-11-07 06:00:00,287.99323
2015-11-07 09:00:00,287.91443
2015-11-07 12:00:00,287.60223
2015-11-07 15:00:00,287.0514
2015-11-07 18:00:00,286.76654
2015-11-07 21:00:00,286.6881
2015-11-08 00:00:00,285.7174
2015-11-08 03:00:00,282.4808
2015-11-08 06:00:00,278.46884
2015-11-08 09:00:00,276.87384
2015-11-08 12:00:00,280.6319
2015-11-08 15:00:00,284.04858
2015-11-08 18:00:00,286.0492
2015-11-08 21:00:00,287.8866
2015-11-09 00:00:00,289.79614
2015-11-09 03:00:00,291.1499
2015-11-09 06:00:00,292.09436
2015-11-09 09:00:00,292.49658
2015-11-09 12:00:00,292.4928
2015-11-09 15:00:00,292.31335
2015-11-09 18:00:00,292.5027
2015-11-09 21:00:00,293.1859
2015-11-10 00:00:00,293.94495
2015-11-10 03:00:00,294.78998
2015-11-10 06:00:00,295.4782
2015-11-10 09:00:00,295.81348
2015-11-10 12:00:00,296.03284
2015-11-10 15:00:00,296.36664
2015-11-10 18:00:00,296.95715
2015-11-10 21:00:00,297.74353
2015-11-11 00:00:00,298.6095
2015-11-11 03:00:00,299.38654
2015-11-11 06:00:00,299.9146
2015-11-11 09:00:00,300.075
2015-11-11 12:00:00,300.05768
2015-11-11 15:00:00,300.0606
2015-11-11 18:00:00,300.27277
2015-11-11 21:00:00,300.57336
2015-11-12 00:00:00,301.05035
2015-11-12 03:00:00,301.5699
2015-11-12 06:00:00,301.81055
2015-11-12 09:00:00,301.72205
2015-11-12 12:00:00,301.4959
2015-11-12 15:00:00,301.2802
2015-11-12 18:00:00,301.20923
2015-11-12 21:00:00,301.21362
2015-11-13 00:00:00,301.2116
2015-11-13 03:00:00,301.20428
2015-11-13 06:00:00,301.26147
2015-11-13 09:00:00,301.65906
2015-11-13 12:00:00,302.48785
2015-11-13 15:00:00,303.54987
2015-11-13 18:00:00,305.24902
2015-11-13 21:00:00,305.77612
2015-11-14 00:00:00,305.94296
2015-11-14 03:00:00,306.06116
2015-11-14 06:00:00,306.11072
2015-11-14 09:00:00,306.25885
2015-11-14 12:00:00,306.67993
2015-11-14 15:00:00,307.27936
2015-11-14 18:00:00,308.33984
2015-11-14 21:00:00,309.6164
2015-11-15 00:00:00,311.08856
2015-11-15 03:00:00,312.5559
2015-11-15 06:00:00,314.09583
2015-11-15 09:00:00,315.3004
2015-11-15 12:00:00,315.912
2015-11-15 15:00:00,316.01068
2015-11-15 18:00:00,316.02747
2015-11-15 21:00:00,315.7873
2015-11-16 00:00:00,314.80396
2015-11-16 03:00:00,313.0979
2015-11-16 06:00:00,310.43103
2015-11-16 09:00:00,306.97034
2015-11-16 12:00:00,303.41882
2015-11-16 15:00:00,300.27783
2015-11-16 18:00:00,299.82056
2015-11-16 21:00:00,300.5216
2015-11-17 00:00:00,298.5138
2015-11-17 03:00:00,297.6433
2015-11-17 06:00:00,296.97913
2015-11-17 09:00:00,295.21277
2015-11-17 12:00:00,294.23926
2015-11-17 15:00:00,295.34387
2015-11-17 18:00:00,299.1129
2015-11-17 21:00:00,301.59448
2015-11-18 00:00:00,301.46045
2015-11-18 03:00:00,300.16443
2015-11-18 06:00:00,300.64978
2015-11-18 09:00:00,301.64087
2015-11-18 12:00:00,302.76196
2015-11-18 15:00:00,304.7815
2015-11-18 18:00:00,306.91296
2015-11-18 21:00:00,309.84937
2015-11-19 00:00:00,309.68616
2015-11-19 03:00:00,308.86023
2015-11-19 06:00:00,307.6958
2015-11-19 09:00:00,306.7102
2015-11-19 12:00:00,306.21667
2015-11-19 15:00:00,304.18115
2015-11-19 18:00:00,302.87378
2015-11-19 21:00:00,301.3374
2015-11-20 00:00:00,300.21173
2015-11-20 03:00:00,299.43835
2015-11-20 06:00:00,298.96478
2015-11-20 09:00:00,298.59595
2015-11-20 12:00:00,298.6195
2015-11-20 15:00:00,300.0393
2015-11-20 18:00:00,302.50385
2015-11-20 21:00:00,303.97925
2015-11-21 00:00:00,306.11584
2015-11-21 03:00:00,307.6797
2015-11-21 06:00:00,308.56165
2015-11-21 09:00:00,307.71442
2015-11-21 12:00:00,313.35675
2015-11-21 15:00:00,324.1675
2015-11-21 18:00:00,330.4932
2015-11-21 21:00:00,336.25375
2015-11-22 00:00:00,337.4398
2015-11-22 03:00:00,340.06778
2015-11-22 06:00:00,342.21973
2015-11-22 09:00:00,339.9392
2015-11-22 12:00:00,335.1255
2015-11-22 15:00:00,332.62512
2015-11-22 18:00:00,331.47675
2015-11-22 21:00:00,331.17462
2015-11-23 00:00:00,330.59027
2015-11-23 03:00:00,333.8219
2015-11-23 06:00:00,334.93216
2015-11-23 09:00:00,335.37656
2015-11-23 12:00:00,335.08276
2015-11-23 15:00:00,334.34796
2015-11-23 18:00:00,334.93057
2015-11-23 21:00:00,336.7406
2015-11-24 00:00:00,337.39337
2015-11-24 03:00:00,337.2506
2015-11-24 06:00:00,336.49472
2015-11-24 09:00:00,335.66864
2015-11-24 12:00:00,335.07056
2015-11-24 15:00:00,334.79364
2015-11-24 18:00:00,335.66583
2015-11-24 21:00:00,338.67252
2015-11-25 00:00:00,339.73083
2015-11-25 03:00:00,339.62857
2015-11-25 06:00:00,339.5894
2015-11-25 09:00:00,338.74622
2015-11-25 12:00:00,338.17285
2015-11-25 15:00:00,336.3808
2015-11-25 18:00:00,337.06653
2015-11-25 21:00:00,339.35614
2015-11-26 00:00:00,338.01544
2015-11-26 03:00:00,337.24854
2015-11-26 06:00:00,336.2846
2015-11-26 09:00:00,336.5984
2015-11-26 12:00:00,335.697
2015-11-26 15:00:00,334.64215
2015-11-26 18:00:00,333.96164
2015-11-26 21:00:00,333.56326
2015-11-27 00:00:00,332.7365
2015-11-27 03:00:00,333.234
2015-11-27 06:00:00,333.2642
2015-11-27 09:00:00,332.16757
2015-11-27 12:00:00,331.7305
2015-11-27 15:00:00,331.7401
2015-11-27 18:00:00,332.81134
2015-11-27 21:00:00,333.40747
2015-11-28 00:00:00,333.20447
2015-11-28 03:00:00,334.75372
2015-11-28 06:00:00,334.45398
2015-11-28 09:00:00,334.36758
2015-11-28 12:00:00,334.78293
2015-11-28 15:00:00,333.61212
2015-11-28 18:00:00,333.34335
2015-11-28 21:00:00,332.972
2015-11-29 00:00:00,332.37234
2015-11-29 03:00:00,331.23795
2015-11-29 06:00:00,329.76468
2015-11-29 09:00:00,328.39853
2015-11-29 12:00:00,327.20325
2015-11-29 15:00:00,325.87448
2015-11-29 18:00:00,324.90356
2015-11-29 21:00:00,324.17056
2015-11-30 00:00:00,323.4271
2015-11-30 03:00:00,322.58035
2015-11-30 06:00:00,321.81296
2015-11-30 09:00:00,321.15842
2015-11-30 12:00:00,320.18954
2015-11-30 15:00:00,319.17303
2015-11-30 18:00:00,318.4687
2015-11-30 21:00:00,318.02576
2015-12-01 00:00:00,317.67627
2015-12-01 03:00:00,317.33118
2015-12-01 06:00:00,317.1025
2015-12-01 09:00:00,316.8796
2015-12-01 12:00:00,316.62445
2015-12-01 15:00:00,316.5478
2015-12-01 18:00:00,316.6825
2015-12-01 21:00:00,316.70276
2015-12-02 00:00:00,316.60333
2015-12-02 03:00:00,316.37183
2015-12-02 06:00:00,316.24323
2015-12-02 09:00:00,316.0511
2015-12-02 12:00:00,315.5047
2015-12-02 15:00:00,314.67334
2015-12-02 18:00:00,313.28992
2015-12-02 21:00:00,311.11096
2015-12-03 00:00:00,308.25964
2015-12-03 03:00:00,304.67603
2015-12-03 06:00:00,301.07373
2015-12-03 09:00:00,297.8601
2015-12-03 12:00:00,295.25464
2015-12-03 15:00:00,292.99292
2015-12-03 18:00:00,291.07983
2015-12-03 21:00:00,289.68347
2015-12-04 00:00:00,289.4673
2015-12-04 03:00:00,290.27588
2015-12-04 06:00:00,291.13385
2015-12-04 09:00:00,293.28833
2015-12-04 12:00:00,297.07816
2015-12-04 15:00:00,301.25983
2015-12-04 18:00:00,304.68774
2015-12-04 21:00:00,307.01862
2015-12-05 00:00:00,308.8515
2015-12-05 03:00:00,310.10376
2015-12-05 06:00:00,311.18115
2015-12-05 09:00:00,312.05975
2015-12-05 12:00:00,312.55707
2015-12-05 15:00:00,312.80493
2015-12-05 18:00:00,312.7603
2015-12-05 21:00:00,312.51044
2015-12-06 00:00:00,312.1667
2015-12-06 03:00:00,311.5697
2015-12-06 06:00:00,310.62946
2015-12-06 09:00:00,309.30975
2015-12-06 12:00:00,307.68274
2015-12-06 15:00:00,306.2436
2015-12-06 18:00:00,305.15118
2015-12-06 21:00:00,304.4282
2015-12-07 00:00:00,303.9147
2015-12-07 03:00:00,303.58112
2015-12-07 06:00:00,303.77795
2015-12-07 09:00:00,303.6565
2015-12-07 12:00:00,303.2389
2015-12-07 15:00:00,302.14954
2015-12-07 18:00:00,300.73657
2015-12-07 21:00:00,298.96033
2015-12-08 00:00:00,296.66443
2015-12-08 03:00:00,294.6875
2015-12-08 06:00:00,293.30847
2015-12-08 09:00:00,292.11377
2015-12-08 12:00:00,291.1593
2015-12-08 15:00:00,290.62042
2015-12-08 18:00:00,290.6834
2015-12-08 21:00:00,291.51672
2015-12-09 00:00:00,292.9995
2015-12-09 03:00:00,295.15015
2015-12-09 06:00:00,297.2814
2015-12-09 09:00:00,298.99316
2015-12-09 12:00:00,300.46133
2015-12-09 15:00:00,301.54468
2015-12-09 18:00:00,302.77435
2015-12-09 21:00:00,304.1643
2015-12-10 00:00:00,305.79022
2015-12-10 03:00:00,307.3144
2015-12-10 06:00:00,308.8473
2015-12-10 09:00:00,310.30768
2015-12-10 12:00:00,311.22443
2015-12-10 15:00:00,311.3523
2015-12-10 18:00:00,311.29156
2015-12-10 21:00:00,311.14258
2015-12-11 00:00:00,310.7702
2015-12-11 03:00:00,309.90912
2015-12-11 06:00:00,308.95575
2015-12-11 09:00:00,308.86053
2015-12-11 12:00:00,309.66418
2015-12-11 15:00:00,309.3449
2015-12-11 18:00:00,310.4934
2015-12-11 21:00:00,313.04773
2015-12-12 00:00:00,315.5503
2015-12-12 03:00:00,317.12036
2015-12-12 06:00:00,317.0478
2015-12-12 09:00:00,317.32886
2015-12-12 12:00:00,316.78302
2015-12-12 15:00:00,314.8907
2015-12-12 18:00:00,311.10437
2015-12-12 21:00:00,308.8598
2015-12-13 00:00:00,306.02478
2015-12-13 03:00:00,300.1648
2015-12-13 06:00:00,295.98486
2015-12-13 09:00:00,287.49414
2015-12-13 12:00:00,266.26614
2015-12-13 15:00:00,243.12938
2015-12-13 18:00:00,240.9784
2015-12-13 21:00:00,242.04062
2015-12-14 00:00:00,248.32932
2015-12-14 03:00:00,248.27367
2015-12-14 06:00:00,248.94649
2015-12-14 09:00:00,246.15189
2015-12-14 12:00:00,243.54181
2015-12-14 15:00:00,243.61798
2015-12-14 18:00:00,245.26584
2015-12-14 21:00:00,246.10262
2015-12-15 00:00:00,245.74316
2015-12-15 03:00:00,248.66182
2015-12-15 06:00:00,252.62833
2015-12-15 09:00:00,253.20905
2015-12-15 12:00:00,253.98917
2015-12-15 15:00:00,256.0158
2015-12-15 18:00:00,261.25977
2015-12-15 21:00:00,265.30408
2015-12-16 00:00:00,267.61633
2015-12-16 03:00:00,268.4524
2015-12-16 06:00:00,268.44763
2015-12-16 09:00:00,267.72498
2015-12-16 12:00:00,266.14276
2015-12-16 15:00:00,263.38397
2015-12-16 18:00:00,260.82074
2015-12-16 21:00:00,258.19397
2015-12-17 00:00:00,255.39415
2015-12-17 03:00:00,251.61963
2015-12-17 06:00:00,247.62032
2015-12-17 09:00:00,246.58714
2015-12-17 12:00:00,250.12544
2015-12-17 15:00:00,255.74332
2015-12-17 18:00:00,261.53662
2015-12-17 21:00:00,266.28186
2015-12-18 00:00:00,269.5122
2015-12-18 03:00:00,272.0249
2015-12-18 06:00:00,273.89752
2015-12-18 09:00:00,275.20374
2015-12-18 12:00:00,275.2514
2015-12-18 15:00:00,273.41547
2015-12-18 18:00:00,272.27637
2015-12-18 21:00:00,271.474
2015-12-19 00:00:00,268.95825
2015-12-19 03:00:00,264.39978
2015-12-19 06:00:00,261.4267
2015-12-19 09:00:00,259.2706
2015-12-19 12:00:00,265.43225
2015-12-19 15:00:00,269.8849
2015-12-19 18:00:00,276.286
2015-12-19 21:00:00,279.06262
2015-12-20 00:00:00,279.8449
2015-12-20 03:00:00,280.38544
2015-12-20 06:00:00,281.45392
2015-12-20 09:00:00,283.0475
2015-12-20 12:00:00,284.77472
2015-12-20 15:00:00,286.44006
2015-12-20 18:00:00,287.9967
2015-12-20 21:00:00,289.66663
2015-12-21 00:00:00,291.53326
2015-12-21 03:00:00,293.72052
2015-12-21 06:00:00,295.89496
2015-12-21 09:00:00,297.79797
2015-12-21 12:00:00,299.1585
2015-12-21 15:00:00,300.06927
2015-12-21 18:00:00,301.03522
2015-12-21 21:00:00,301.74707
2015-12-22 00:00:00,301.6817
2015-12-22 03:00:00,301.2445
2015-12-22 06:00:00,300.63477
2015-12-22 09:00:00,299.87567
2015-12-22 12:00:00,298.94556
2015-12-22 15:00:00,297.9154
2015-12-22 18:00:00,297.37115
2015-12-22 21:00:00,297.61816
2015-12-23 00:00:00,298.58014
2015-12-23 03:00:00,300.94873
2015-12-23 06:00:00,303.08838
2015-12-23 09:00:00,304.2475
2015-12-23 12:00:00,304.82916
2015-12-23 15:00:00,305.09595
2015-12-23 18:00:00,305.12268
2015-12-23 21:00:00,305.01642
2015-12-24 00:00:00,304.52686
2015-12-24 03:00:00,303.98553
2015-12-24 06:00:00,303.3806
2015-12-24 09:00:00,302.8672
2015-12-24 12:00:00,302.25934
2015-12-24 15:00:00,301.9854
2015-12-24 18:00:00,302.08734
2015-12-24 21:00:00,302.25037
2015-12-25 00:00:00,302.25336
2015-12-25 03:00:00,302.1568
2015-12-25 06:00:00,302.00873
2015-12-25 09:00:00,301.80487
2015-12-25 12:00:00,301.5954
2015-12-25 15:00:00,300.97015
2015-12-25 18:00:00,300.18158
2015-12-25 21:00:00,299.28467
2015-12-26 00:00:00,297.47815
2015-12-26 03:00:00,294.79578
2015-12-26 06:00:00,291.3224
2015-12-26 09:00:00,289.40186
2015-12-26 12:00:00,284.53186
2015-12-26 15:00:00,283.73364
2015-12-26 18:00:00,284.97705
2015-12-26 21:00:00,282.8313
2015-12-27 00:00:00,276.84546
2015-12-27 03:00:00,270.8756
2015-12-27 06:00:00,255.7278
2015-12-27 09:00:00,229.1373
2015-12-27 12:00:00,208.08134
2015-12-27 15:00:00,201.57814
2015-12-27 18:00:00,214.01497
2015-12-27 21:00:00,220.56633
2015-12-28 00:00:00,216.79756
2015-12-28 03:00:00,224.51205
2015-12-28 06:00:00,228.25714
2015-12-28 09:00:00,231.03296
2015-12-28 12:00:00,231.06274
2015-12-28 15:00:00,230.92108
2015-12-28 18:00:00,240.75887
2015-12-28 21:00:00,247.41501
2015-12-29 00:00:00,254.59445
2015-12-29 03:00:00,265.8739
2015-12-29 06:00:00,277.0183
2015-12-29 09:00:00,284.06427
2015-12-29 12:00:00,287.75714
2015-12-29 15:00:00,289.8996
2015-12-29 18:00:00,291.34534
2015-12-29 21:00:00,292.3463
2015-12-30 00:00:00,292.87744
2015-12-30 03:00:00,292.99512
2015-12-30 06:00:00,292.65125
2015-12-30 09:00:00,291.66895
2015-12-30 12:00:00,290.35266
2015-12-30 15:00:00,289.59473
2015-12-30 18:00:00,290.0348
2015-12-30 21:00:00,290.45966
2015-12-31 00:00:00,292.98407
2015-12-31 03:00:00,294.193
2015-12-31 06:00:00,295.00134
2015-12-31 09:00:00,295.81934
2015-12-31 12:00:00,296.4118
2015-12-31 15:00:00,296.7353
2015-12-31 18:00:00,296.7365
2015-12-31 21:00:00,296.53003
2016-01-01 00:00:00,296.41412
2016-01-01 03:00:00,296.41412
2016-01-01 06:00:00,295.84717
2016-01-01 09:00:00,294.20007
2016-01-01 12:00:00,286.29114
2016-01-01 15:00:00,282.46582
2016-01-01 18:00:00,287.97894
2016-01-01 21:00:00,294.10162
2016-01-02 00:00:00,299.41565
2016-01-02 03:00:00,302.84247
2016-01-02 06:00:00,304.7602
2016-01-02 09:00:00,306.39087
2016-01-02 12:00:00,308.06964
2016-01-02 15:00:00,309.688
2016-01-02 18:00:00,311.04956
2016-01-02 21:00:00,312.04694
2016-01-03 00:00:00,312.61115
2016-01-03 03:00:00,312.3042
2016-01-03 06:00:00,309.8955
2016-01-03 09:00:00,308.73767
2016-01-03 12:00:00,305.56433
2016-01-03 15:00:00,299.5121
2016-01-03 18:00:00,296.47705
2016-01-03 21:00:00,293.89136
2016-01-04 00:00:00,292.46228
2016-01-04 03:00:00,294.1698
2016-01-04 06:00:00,295.79797
2016-01-04 09:00:00,294.74255
2016-01-04 12:00:00,294.82935
2016-01-04 15:00:00,292.89478
2016-01-04 18:00:00,291.8236
2016-01-04 21:00:00,294.667
2016-01-05 00:00:00,301.08984
2016-01-05 03:00:00,305.17358
2016-01-05 06:00:00,308.72693
2016-01-05 09:00:00,309.2268
2016-01-05 12:00:00,308.87708
2016-01-05 15:00:00,310.50116
2016-01-05 18:00:00,313.65662
2016-01-05 21:00:00,314.91144
2016-01-06 00:00:00,315.43353
2016-01-06 03:00:00,316.17822
2016-01-06 06:00:00,317.0824
2016-01-06 09:00:00,318.19556
2016-01-06 12:00:00,317.422
2016-01-06 15:00:00,314.3413
2016-01-06 18:00:00,312.11523
2016-01-06 21:00:00,310.17578
2016-01-07 00:00:00,306.32202
2016-01-07 03:00:00,300.74683
2016-01-07 06:00:00,298.7832
2016-01-07 09:00:00,298.9353
2016-01-07 12:00:00,297.26013
2016-01-07 15:00:00,294.84778
2016-01-07 18:00:00,294.31506
2016-01-07 21:00:00,294.19556
2016-01-08 00:00:00,293.3673
2016-01-08 03:00:00,288.97107
2016-01-08 06:00:00,282.6985
2016-01-08 09:00:00,277.39282
2016-01-08 12:00:00,272.1725
2016-01-08 15:00:00,272.40656
2016-01-08 18:00:00,277.37537
2016-01-08 21:00:00,282.33618
2016-01-09 00:00:00,290.05878
2016-01-09 03:00:00,296.16315
2016-01-09 06:00:00,299.1812
2016-01-09 09:00:00,300.89148
2016-01-09 12:00:00,299.89563
2016-01-09 15:00:00,293.625
2016-01-09 18:00:00,293.2583
2016-01-09 21:00:00,295.12646
2016-01-10 00:00:00,295.41003
2016-01-10 03:00:00,292.78186
2016-01-10 06:00:00,291.11316
2016-01-10 09:00:00,290.15662
2016-01-10 12:00:00,287.83594
2016-01-10 15:00:00,284.19653
2016-01-10 18:00:00,280.2738
2016-01-10 21:00:00,277.90808
2016-01-11 00:00:00,275.94653
2016-01-11 03:00:00,273.12097
2016-01-11 06:00:00,279.87524
2016-01-11 09:00:00,283.25098
2016-01-11 12:00:00,286.56476
2016-01-11 15:00:00,291.01025
2016-01-11 18:00:00,294.8056
2016-01-11 21:00:00,296.82104
2016-01-12 00:00:00,297.61108
2016-01-12 03:00:00,297.7865
2016-01-12 06:00:00,298.0144
2016-01-12 09:00:00,298.29718
2016-01-12 12:00:00,298.71295
2016-01-12 15:00:00,299.49353
2016-01-12 18:00:00,300.61267
2016-01-12 21:00:00,301.9154
2016-01-13 00:00:00,303.3916
2016-01-13 03:00:00,304.9381
2016-01-13 06:00:00,306.52356
2016-01-13 09:00:00,308.3125
2016-01-13 12:00:00,310.00232
2016-01-13 15:00:00,311.32263
2016-01-13 18:00:00,312.98523
2016-01-13 21:00:00,314.07812
2016-01-14 00:00:00,313.6255
2016-01-14 03:00:00,312.74243
2016-01-14 06:00:00,310.07104
2016-01-14 09:00:00,305.75464
2016-01-14 12:00:00,299.62524
2016-01-14 15:00:00,292.22046
2016-01-14 18:00:00,289.14124
2016-01-14 21:00:00,294.95428
2016-01-15 00:00:00,303.88052
2016-01-15 03:00:00,311.79205
2016-01-15 06:00:00,319.06497
2016-01-15 09:00:00,327.18848
2016-01-15 12:00:00,329.40588
2016-01-15 15:00:00,328.23315
2016-01-15 18:00:00,324.927
2016-01-15 21:00:00,325.7033
2016-01-16 00:00:00,326.7198
2016-01-16 03:00:00,321.72778
2016-01-16 06:00:00,315.28784
2016-01-16 09:00:00,308.42383
2016-01-16 12:00:00,301.89893
2016-01-16 15:00:00,292.5547
2016-01-16 18:00:00,286.07397
2016-01-16 21:00:00,281.61792
2016-01-17 00:00:00,279.20337
2016-01-17 03:00:00,274.8833
2016-01-17 06:00:00,269.09045
2016-01-17 09:00:00,259.2215
2016-01-17 12:00:00,258.63354
2016-01-17 15:00:00,259.4712
2016-01-17 18:00:00,262.17767
2016-01-17 21:00:00,266.24585
2016-01-18 00:00:00,268.56293
2016-01-18 03:00:00,271.52698
2016-01-18 06:00:00,274.4148
2016-01-18 09:00:00,277.7586
2016-01-18 12:00:00,280.77496
2016-01-18 15:00:00,285.70428
2016-01-18 18:00:00,288.9945
2016-01-18 21:00:00,290.50183
2016-01-19 00:00:00,292.71533
2016-01-19 03:00:00,295.03735
2016-01-19 06:00:00,296.92596
2016-01-19 09:00:00,298.1413
2016-01-19 12:00:00,298.04004
2016-01-19 15:00:00,294.46204
2016-01-19 18:00:00,291.89917
2016-01-19 21:00:00,290.57153
2016-01-20 00:00:00,285.8717
2016-01-20 03:00:00,286.82056
2016-01-20 06:00:00,288.44238
2016-01-20 09:00:00,290.06195
2016-01-20 12:00:00,291.19092
2016-01-20 15:00:00,291.75836
2016-01-20 18:00:00,292.0255
2016-01-20 21:00:00,291.97784
2016-01-21 00:00:00,291.52875
2016-01-21 03:00:00,290.16504
2016-01-21 06:00:00,289.05475
2016-01-21 09:00:00,289.23566
2016-01-21 12:00:00,289.34424
2016-01-21 15:00:00,289.4491
2016-01-21 18:00:00,289.71112
2016-01-21 21:00:00,290.0238
2016-01-22 00:00:00,290.2859
2016-01-22 03:00:00,290.42993
2016-01-22 06:00:00,290.48572
2016-01-22 09:00:00,290.37958
2016-01-22 12:00:00,290.19537
2016-01-22 15:00:00,290.12897
2016-01-22 18:00:00,290.1665
2016-01-22 21:00:00,290.14142
2016-01-23 00:00:00,290.01562
2016-01-23 03:00:00,290.03162
2016-01-23 06:00:00,290.37
2016-01-23 09:00:00,290.71277
2016-01-23 12:00:00,290.84424
2016-01-23 15:00:00,290.51202
2016-01-23 18:00:00,289.74097
2016-01-23 21:00:00,288.7168
2016-01-24 00:00:00,287.6117
2016-01-24 03:00:00,286.44556
2016-01-24 06:00:00,285.26172
2016-01-24 09:00:00,282.94592
2016-01-24 12:00:00,278.09717
2016-01-24 15:00:00,272.0266
2016-01-24 18:00:00,266.04688
2016-01-24 21:00:00,260.7991
2016-01-25 00:00:00,258.68835
2016-01-25 03:00:00,261.78525
2016-01-25 06:00:00,263.97293
2016-01-25 09:00:00,267.01953
2016-01-25 12:00:00,269.23608
2016-01-25 15:00:00,271.10944
2016-01-25 18:00:00,274.05682
2016-01-25 21:00:00,276.59442
2016-01-26 00:00:00,278.97076
2016-01-26 03:00:00,281.352
2016-01-26 06:00:00,283.02588
2016-01-26 09:00:00,283.93994
2016-01-26 12:00:00,284.651
2016-01-26 15:00:00,285.29694
2016-01-26 18:00:00,285.91046
2016-01-26 21:00:00,285.8725
2016-01-27 00:00:00,285.8363
2016-01-27 03:00:00,286.22375
2016-01-27 06:00:00,287.34442
2016-01-27 09:00:00,289.2672
2016-01-27 12:00:00,291.66534
2016-01-27 15:00:00,293.80487
2016-01-27 18:00:00,295.23535
2016-01-27 21:00:00,296.02722
2016-01-28 00:00:00,296.23926
2016-01-28 03:00:00,296.34418
2016-01-28 06:00:00,296.35974
2016-01-28 09:00:00,296.1432
2016-01-28 12:00:00,295.98596
2016-01-28 15:00:00,297.1621
2016-01-28 18:00:00,301.95456
2016-01-28 21:00:00,308.04794
2016-01-29 00:00:00,312.97235
2016-01-29 03:00:00,317.86737
2016-01-29 06:00:00,318.0157
2016-01-29 09:00:00,318.3084
2016-01-29 12:00:00,318.4663
2016-01-29 15:00:00,317.8802
2016-01-29 18:00:00,317.45465
2016-01-29 21:00:00,316.6256
2016-01-30 00:00:00,315.94073
2016-01-30 03:00:00,315.0802
2016-01-30 06:00:00,314.01697
2016-01-30 09:00:00,312.4212
2016-01-30 12:00:00,311.4536
2016-01-30 15:00:00,310.4975
2016-01-30 18:00:00,310.3003
2016-01-30 21:00:00,309.948
2016-01-31 00:00:00,308.73688
2016-01-31 03:00:00,307.81122
2016-01-31 06:00:00,308.48773
2016-01-31 09:00:00,308.222
2016-01-31 12:00:00,309.19904
2016-01-31 15:00:00,310.85004
2016-01-31 18:00:00,311.7644
2016-01-31 21:00:00,314.38873
2016-02-01 00:00:00,316.72083
2016-02-01 03:00:00,316.72076
2016-02-01 06:00:00,315.3755
2016-02-01 09:00:00,314.51953
2016-02-01 12:00:00,314.73077
2016-02-01 15:00:00,314.33722
2016-02-01 18:00:00,313.71136
2016-02-01 21:00:00,313.43597
2016-02-02 00:00:00,313.40442
2016-02-02 03:00:00,312.4583
2016-02-02 06:00:00,310.84467
2016-02-02 09:00:00,309.1186
2016-02-02 12:00:00,308.24536
2016-02-02 15:00:00,307.47028
2016-02-02 18:00:00,307.93774
2016-02-02 21:00:00,309.1399
2016-02-03 00:00:00,310.96423
2016-02-03 03:00:00,313.5705
2016-02-03 06:00:00,313.96594
2016-02-03 09:00:00,315.6019
2016-02-03 12:00:00,316.29785
2016-02-03 15:00:00,316.96118
2016-02-03 18:00:00,315.9151
2016-02-03 21:00:00,315.6455
2016-02-04 00:00:00,317.6485
2016-02-04 03:00:00,319.54333
2016-02-04 06:00:00,321.35437
2016-02-04 09:00:00,323.71744
2016-02-04 12:00:00,325.9742
2016-02-04 15:00:00,324.18634
2016-02-04 18:00:00,323.56586
2016-02-04 21:00:00,324.15906
2016-02-05 00:00:00,325.60324
2016-02-05 03:00:00,327.1593
2016-02-05 06:00:00,329.50293
2016-02-05 09:00:00,330.3203
2016-02-05 12:00:00,330.1516
2016-02-05 15:00:00,327.2942
2016-02-05 18:00:00,324.49048
2016-02-05 21:00:00,322.81384
2016-02-06 00:00:00,320.9967
2016-02-06 03:00:00,319.20483
2016-02-06 06:00:00,317.53357
2016-02-06 09:00:00,314.89612
2016-02-06 12:00:00,307.98914
2016-02-06 15:00:00,289.69873
2016-02-06 18:00:00,275.26025
2016-02-06 21:00:00,271.90088
2016-02-07 00:00:00,277.79852
2016-02-07 03:00:00,294.93185
2016-02-07 06:00:00,305.72174
2016-02-07 09:00:00,310.64142
2016-02-07 12:00:00,312.98975
2016-02-07 15:00:00,314.0338
2016-02-07 18:00:00,314.61914
2016-02-07 21:00:00,315.09338
2016-02-08 00:00:00,315.53937
2016-02-08 03:00:00,315.97656
2016-02-08 06:00:00,316.3805
2016-02-08 09:00:00,316.7738
2016-02-08 12:00:00,317.00934
2016-02-08 15:00:00,317.2893
2016-02-08 18:00:00,317.63348
2016-02-08 21:00:00,318.66614
2016-02-09 00:00:00,320.11868
2016-02-09 03:00:00,320.63074
2016-02-09 06:00:00,319.71942
2016-02-09 09:00:00,318.12628
2016-02-09 12:00:00,316.30908
2016-02-09 15:00:00,314.36768
2016-02-09 18:00:00,312.66602
2016-02-09 21:00:00,311.50085
2016-02-10 00:00:00,311.16443
2016-02-10 03:00:00,310.78516
2016-02-10 06:00:00,309.89795
2016-02-10 09:00:00,309.23193
2016-02-10 12:00:00,307.85974
2016-02-10 15:00:00,307.35437
2016-02-10 18:00:00,307.69446
2016-02-10 21:00:00,308.87146
2016-02-11 00:00:00,309.86414
2016-02-11 03:00:00,310.16443
2016-02-11 06:00:00,310.13293
2016-02-11 09:00:00,310.5099
2016-02-11 12:00:00,310.48462
2016-02-11 15:00:00,310.7696
2016-02-11 18:00:00,311.22363
2016-02-11 21:00:00,311.5475
2016-02-12 00:00:00,311.41687
2016-02-12 03:00:00,310.16296
2016-02-12 06:00:00,307.48596
2016-02-12 09:00:00,304.96155
2016-02-12 12:00:00,300.18726
2016-02-12 15:00:00,294.76648
2016-02-12 18:00:00,294.71558
2016-02-12 21:00:00,296.1797
2016-02-13 00:00:00,296.62744
2016-02-13 03:00:00,297.01648
2016-02-13 06:00:00,296.98193
2016-02-13 09:00:00,296.75146
2016-02-13 12:00:00,296.4939
2016-02-13 15:00:00,294.99597
2016-02-13 18:00:00,293.35437
2016-02-13 21:00:00,292.8374
2016-02-14 00:00:00,295.79114
2016-02-14 03:00:00,297.89996
2016-02-14 06:00:00,299.73767
2016-02-14 09:00:00,304.04065
2016-02-14 12:00:00,307.98596
2016-02-14 15:00:00,311.14862
2016-02-14 18:00:00,314.61133
2016-02-14 21:00:00,316.22754
2016-02-15 00:00:00,316.44543
2016-02-15 03:00:00,317.75848
2016-02-15 06:00:00,320.01233
2016-02-15 09:00:00,322.6344
2016-02-15 12:00:00,323.9944
2016-02-15 15:00:00,327.12897
2016-02-15 18:00:00,330.02783
2016-02-15 21:00:00,331.58728
2016-02-16 00:00:00,330.62793
2016-02-16 03:00:00,330.08838
2016-02-16 06:00:00,330.6585
2016-02-16 09:00:00,327.9848
2016-02-16 12:00:00,323.8449
2016-02-16 15:00:00,319.12976
2016-02-16 18:00:00,318.14014
2016-02-16 21:00:00,316.72485
2016-02-17 00:00:00,313.90674
2016-02-17 03:00:00,310.96118
2016-02-17 06:00:00,308.2052
2016-02-17 09:00:00,306.00745
2016-02-17 12:00:00,304.0398
2016-02-17 15:00:00,302.03894
2016-02-17 18:00:00,300.2345
2016-02-17 21:00:00,297.2237
2016-02-18 00:00:00,313.5423
2016-02-18 03:00:00,317.96436
2016-02-18 06:00:00,319.64954
2016-02-18 09:00:00,318.62964
2016-02-18 12:00:00,316.45587
2016-02-18 15:00:00,315.66327
2016-02-18 18:00:00,316.71246
2016-02-18 21:00:00,319.08716
2016-02-19 00:00:00,319.4325
2016-02-19 03:00:00,320.73926
2016-02-19 06:00:00,322.6727
2016-02-19 09:00:00,324.76666
2016-02-19 12:00:00,324.88367
2016-02-19 15:00:00,325.33728
2016-02-19 18:00:00,324.40436
2016-02-19 21:00:00,324.00317
2016-02-20 00:00:00,325.01083
2016-02-20 03:00:00,325.11038
2016-02-20 06:00:00,325.18802
2016-02-20 09:00:00,326.98456
2016-02-20 12:00:00,325.33173
2016-02-20 15:00:00,322.39185
2016-02-20 18:00:00,321.56445
2016-02-20 21:00:00,321.13916
2016-02-21 00:00:00,320.4353
2016-02-21 03:00:00,320.0718
2016-02-21 06:00:00,320.9536
2016-02-21 09:00:00,321.8828
2016-02-21 12:00:00,320.0818
2016-02-21 15:00:00,318.44653
2016-02-21 18:00:00,318.17545
2016-02-21 21:00:00,319.4487
2016-02-22 00:00:00,321.6568
2016-02-22 03:00:00,322.5656
2016-02-22 06:00:00,323.35153
2016-02-22 09:00:00,323.82898
2016-02-22 12:00:00,323.6347
2016-02-22 15:00:00,322.9037
2016-02-22 18:00:00,322.1023
2016-02-22 21:00:00,321.46606
2016-02-23 00:00:00,320.464
2016-02-23 03:00:00,319.58704
2016-02-23 06:00:00,319.11835
2016-02-23 09:00:00,318.4251
2016-02-23 12:00:00,317.82898
2016-02-23 15:00:00,317.89673
2016-02-23 18:00:00,318.3172
2016-02-23 21:00:00,318.95007
2016-02-24 00:00:00,318.5481
2016-02-24 03:00:00,317.85498
2016-02-24 06:00:00,316.37512
2016-02-24 09:00:00,313.16455
2016-02-24 12:00:00,306.24268
2016-02-24 15:00:00,296.65027
2016-02-24 18:00:00,299.3452
2016-02-24 21:00:00,302.34735
2016-02-25 00:00:00,305.89264
2016-02-25 03:00:00,308.04785
2016-02-25 06:00:00,308.83093
2016-02-25 09:00:00,308.53516
2016-02-25 12:00:00,307.44696
2016-02-25 15:00:00,306.60205
2016-02-25 18:00:00,305.70508
2016-02-25 21:00:00,304.80255
2016-02-26 00:00:00,304.08636
2016-02-26 03:00:00,302.70422
2016-02-26 06:00:00,296.20398
2016-02-26 09:00:00,285.68848
2016-02-26 12:00:00,276.39746
2016-02-26 15:00:00,292.30566
2016-02-26 18:00:00,299.2815
2016-02-26 21:00:00,302.76648
2016-02-27 00:00:00,305.90637
2016-02-27 03:00:00,307.9143
2016-02-27 06:00:00,308.71118
2016-02-27 09:00:00,310.89075
2016-02-27 12:00:00,312.39752
2016-02-27 15:00:00,313.4394
2016-02-27 18:00:00,315.56256
2016-02-27 21:00:00,317.54608
2016-02-28 00:00:00,318.96326
2016-02-28 03:00:00,320.07996
2016-02-28 06:00:00,321.68774
2016-02-28 09:00:00,323.07208
2016-02-28 12:00:00,323.72278
2016-02-28 15:00:00,324.52057
2016-02-28 18:00:00,327.43753
2016-02-28 21:00:00,329.63428
2016-02-29 00:00:00,329.37735
2016-02-29 03:00:00,331.088
2016-02-29 06:00:00,331.9141
2016-02-29 09:00:00,330.79645
2016-02-29 12:00:00,329.40903
2016-02-29 15:00:00,328.85236
2016-02-29 18:00:00,329.15717
2016-02-29 21:00:00,329.01108
2016-03-01 00:00:00,328.60217
2016-03-01 03:00:00,327.32928
2016-03-01 06:00:00,327.08612
2016-03-01 09:00:00,324.73785
2016-03-01 12:00:00,322.58228
2016-03-01 15:00:00,321.50305
2016-03-01 18:00:00,320.9347
2016-03-01 21:00:00,320.4844
2016-03-02 00:00:00,322.5237
2016-03-02 03:00:00,324.13
2016-03-02 06:00:00,323.51794
2016-03-02 09:00:00,322.8213
2016-03-02 12:00:00,322.26025
2016-03-02 15:00:00,319.60437
2016-03-02 18:00:00,320.06506
2016-03-02 21:00:00,321.7749
2016-03-03 00:00:00,321.47083
2016-03-03 03:00:00,324.88043
2016-03-03 06:00:00,329.48438
2016-03-03 09:00:00,331.69806
2016-03-03 12:00:00,331.95624
2016-03-03 15:00:00,330.78528
2016-03-03 18:00:00,329.46228
2016-03-03 21:00:00,329.96115
2016-03-04 00:00:00,330.4939
2016-03-04 03:00:00,330.36633
2016-03-04 06:00:00,330.3048
2016-03-04 09:00:00,328.31567
2016-03-04 12:00:00,325.59387
2016-03-04 15:00:00,322.29736
2016-03-04 18:00:00,318.3932
2016-03-04 21:00:00,321.49097
2016-03-05 00:00:00,324.12006
2016-03-05 03:00:00,326.11017
2016-03-05 06:00:00,328.0819
2016-03-05 09:00:00,329.14844
2016-03-05 12:00:00,328.84406
2016-03-05 15:00:00,328.15912
2016-03-05 18:00:00,327.60223
2016-03-05 21:00:00,327.91827
2016-03-06 00:00:00,327.78955
2016-03-06 03:00:00,327.57336
2016-03-06 06:00:00,327.67468
2016-03-06 09:00:00,328.2146
2016-03-06 12:00:00,328.31464
2016-03-06 15:00:00,328.3614
2016-03-06 18:00:00,328.82916
2016-03-06 21:00:00,329.47723
2016-03-07 00:00:00,328.54163
2016-03-07 03:00:00,326.36157
2016-03-07 06:00:00,321.78247
2016-03-07 09:00:00,320.31427
2016-03-07 12:00:00,328.836
2016-03-07 15:00:00,330.82098
2016-03-07 18:00:00,333.87628
2016-03-07 21:00:00,335.32892
2016-03-08 00:00:00,335.0197
2016-03-08 03:00:00,335.4191
2016-03-08 06:00:00,336.4692
2016-03-08 09:00:00,337.55017
2016-03-08 12:00:00,336.45316
2016-03-08 15:00:00,334.97504
2016-03-08 18:00:00,334.26855
2016-03-08 21:00:00,334.88513
2016-03-09 00:00:00,334.83618
2016-03-09 03:00:00,333.26727
2016-03-09 06:00:00,331.91876
2016-03-09 09:00:00,329.9709
2016-03-09 12:00:00,328.86206
2016-03-09 15:00:00,323.66614
2016-03-09 18:00:00,322.06042
2016-03-09 21:00:00,322.69916
2016-03-10 00:00:00,325.46265
2016-03-10 03:00:00,329.18256
2016-03-10 06:00:00,332.29077
2016-03-10 09:00:00,334.43768
2016-03-10 12:00:00,331.8675
2016-03-10 15:00:00,329.6322
2016-03-10 18:00:00,329.37158
2016-03-10 21:00:00,329.8189
2016-03-11 00:00:00,329.83716
2016-03-11 03:00:00,327.94235
2016-03-11 06:00:00,326.7361
2016-03-11 09:00:00,327.40033
2016-03-11 12:00:00,327.57617
2016-03-11 15:00:00,327.47742
2016-03-11 18:00:00,327.77124
2016-03-11 21:00:00,328.18762
2016-03-12 00:00:00,327.60577
2016-03-12 03:00:00,325.94623
2016-03-12 06:00:00,323.88574
2016-03-12 09:00:00,321.40723
2016-03-12 12:00:00,319.2633
2016-03-12 15:00:00,317.62164
2016-03-12 18:00:00,316.82294
2016-03-12 21:00:00,316.91968
2016-03-13 00:00:00,316.64172
2016-03-13 03:00:00,316.4021
2016-03-13 06:00:00,316.16833
2016-03-13 09:00:00,316.02576
2016-03-13 12:00:00,315.90985
2016-03-13 15:00:00,315.77386
2016-03-13 18:00:00,315.69226
2016-03-13 21:00:00,315.84637
2016-03-14 00:00:00,315.90735
2016-03-14 03:00:00,315.78546
2016-03-14 06:00:00,315.47888
2016-03-14 09:00:00,314.46265
2016-03-14 12:00:00,312.67224
2016-03-14 15:00:00,309.3446
2016-03-14 18:00:00,304.31335
2016-03-14 21:00:00,299.61853
2016-03-15 00:00:00,296.78973
2016-03-15 03:00:00,295.04272
2016-03-15 06:00:00,293.84424
2016-03-15 09:00:00,292.6197
2016-03-15 12:00:00,290.56604
2016-03-15 15:00:00,286.3723
2016-03-15 18:00:00,286.26587
2016-03-15 21:00:00,287.2387
2016-03-16 00:00:00,287.83612
2016-03-16 03:00:00,288.91522
2016-03-16 06:00:00,290.40833
2016-03-16 09:00:00,291.42212
2016-03-16 12:00:00,291.20312
2016-03-16 15:00:00,291.63953
2016-03-16 18:00:00,292.80597
2016-03-16 21:00:00,293.86914
2016-03-17 00:00:00,293.21155
2016-03-17 03:00:00,291.4347
2016-03-17 06:00:00,288.08643
2016-03-17 09:00:00,284.48285
2016-03-17 12:00:00,281.80432
2016-03-17 15:00:00,280.24445
2016-03-17 18:00:00,279.43835
2016-03-17 21:00:00,278.91083
2016-03-18 00:00:00,278.03467
2016-03-18 03:00:00,277.33636
2016-03-18 06:00:00,276.75177
2016-03-18 09:00:00,276.1485
2016-03-18 12:00:00,275.49908
2016-03-18 15:00:00,274.5938
2016-03-18 18:00:00,274.5558
2016-03-18 21:00:00,275.74475
2016-03-19 00:00:00,276.9937
2016-03-19 03:00:00,279.1291
2016-03-19 06:00:00,280.83728
2016-03-19 09:00:00,281.9309
2016-03-19 12:00:00,282.85193
2016-03-19 15:00:00,282.9942
2016-03-19 18:00:00,282.80615
2016-03-19 21:00:00,283.2741
2016-03-20 00:00:00,283.38562
2016-03-20 03:00:00,283.7697
2016-03-20 06:00:00,284.34467
2016-03-20 09:00:00,285.1922
2016-03-20 12:00:00,286.4225
2016-03-20 15:00:00,287.9109
2016-03-20 18:00:00,289.99542
2016-03-20 21:00:00,292.62976
2016-03-21 00:00:00,295.0443
2016-03-21 03:00:00,296.92358
2016-03-21 06:00:00,300.04907
2016-03-21 09:00:00,305.2113
2016-03-21 12:00:00,311.01996
2016-03-21 15:00:00,315.3067
2016-03-21 18:00:00,318.92996
2016-03-21 21:00:00,324.56366
2016-03-22 00:00:00,324.19794
2016-03-22 03:00:00,323.85303
2016-03-22 06:00:00,322.64673
2016-03-22 09:00:00,322.5949
2016-03-22 12:00:00,321.67212
2016-03-22 15:00:00,320.49377
2016-03-22 18:00:00,321.38824
2016-03-22 21:00:00,322.8379
2016-03-23 00:00:00,320.02307
2016-03-23 03:00:00,317.46216
2016-03-23 06:00:00,316.05884
2016-03-23 09:00:00,314.5335
2016-03-23 12:00:00,312.99567
2016-03-23 15:00:00,316.3336
2016-03-23 18:00:00,320.05792
2016-03-23 21:00:00,319.98315
2016-03-24 00:00:00,316.81372
2016-03-24 03:00:00,314.78098
2016-03-24 06:00:00,314.29797
2016-03-24 09:00:00,314.19257
2016-03-24 12:00:00,313.5708
2016-03-24 15:00:00,313.93658
2016-03-24 18:00:00,315.1859
2016-03-24 21:00:00,316.20276
2016-03-25 00:00:00,316.21173
2016-03-25 03:00:00,316.6665
2016-03-25 06:00:00,316.59497
2016-03-25 09:00:00,314.75403
2016-03-25 12:00:00,313.16443
2016-03-25 15:00:00,311.61334
2016-03-25 18:00:00,310.00427
2016-03-25 21:00:00,308.92462
2016-03-26 00:00:00,308.1651
2016-03-26 03:00:00,307.6101
2016-03-26 06:00:00,307.07495
2016-03-26 09:00:00,306.50146
2016-03-26 12:00:00,305.3648
2016-03-26 15:00:00,302.90173
2016-03-26 18:00:00,300.48193
2016-03-26 21:00:00,299.555
2016-03-27 00:00:00,301.35596
2016-03-27 03:00:00,303.55664
2016-03-27 06:00:00,305.15576
2016-03-27 09:00:00,305.25574
2016-03-27 12:00:00,304.7248
2016-03-27 15:00:00,304.2696
2016-03-27 18:00:00,303.84033
2016-03-27 21:00:00,303.58197
2016-03-28 00:00:00,303.55005
2016-03-28 03:00:00,303.71143
2016-03-28 06:00:00,304.12933
2016-03-28 09:00:00,304.77557
2016-03-28 12:00:00,305.50934
2016-03-28 15:00:00,306.19006
2016-03-28 18:00:00,306.53156
2016-03-28 21:00:00,306.4829
2016-03-29 00:00:00,306.1856
2016-03-29 03:00:00,305.78436
2016-03-29 06:00:00,305.34894
2016-03-29 09:00:00,304.93988
2016-03-29 12:00:00,304.64227
2016-03-29 15:00:00,304.31445
2016-03-29 18:00:00,304.0797
2016-03-29 21:00:00,303.9159
2016-03-30 00:00:00,303.73297
2016-03-30 03:00:00,303.60504
2016-03-30 06:00:00,303.47815
2016-03-30 09:00:00,303.5498
2016-03-30 12:00:00,304.0716
2016-03-30 15:00:00,304.75745
2016-03-30 18:00:00,303.16623
2016-03-30 21:00:00,316.22083
2016-03-31 00:00:00,319.0653
2016-03-31 03:00:00,321.31348
2016-03-31 06:00:00,323.167
2016-03-31 09:00:00,323.39368
2016-03-31 12:00:00,322.0055
2016-03-31 15:00:00,322.93884
2016-03-31 18:00:00,325.8673
2016-03-31 21:00:00,328.80566
2016-04-01 00:00:00,327.261
2016-04-01 03:00:00,325.44104
2016-04-01 06:00:00,323.71973
2016-04-01 09:00:00,322.7881
2016-04-01 12:00:00,321.04712
2016-04-01 15:00:00,320.32965
2016-04-01 18:00:00,320.649
2016-04-01 21:00:00,320.72937
2016-04-02 00:00:00,319.43817
2016-04-02 03:00:00,316.49402
2016-04-02 06:00:00,312.2528
2016-04-02 09:00:00,308.4735
2016-04-02 12:00:00,305.3988
2016-04-02 15:00:00,302.31262
2016-04-02 18:00:00,297.8828
2016-04-02 21:00:00,293.7284
2016-04-03 00:00:00,294.41565
2016-04-03 03:00:00,295.61322
2016-04-03 06:00:00,296.66528
2016-04-03 09:00:00,298.73138
2016-04-03 12:00:00,300.61725
2016-04-03 15:00:00,302.26984
2016-04-03 18:00:00,303.32428
2016-04-03 21:00:00,302.8097
2016-04-04 00:00:00,296.90833
2016-04-04 03:00:00,296.98926
2016-04-04 06:00:00,297.81366
2016-04-04 09:00:00,297.07092
2016-04-04 12:00:00,296.0819
2016-04-04 15:00:00,296.432
2016-04-04 18:00:00,300.05713
2016-04-04 21:00:00,306.48053
2016-04-05 00:00:00,310.07062
2016-04-05 03:00:00,313.4876
2016-04-05 06:00:00,316.8004
2016-04-05 09:00:00,319.55176
2016-04-05 12:00:00,318.9486
2016-04-05 15:00:00,317.6593
2016-04-05 18:00:00,318.03137
2016-04-05 21:00:00,320.1289
2016-04-06 00:00:00,319.7563
2016-04-06 03:00:00,319.6183
2016-04-06 06:00:00,318.62927
2016-04-06 09:00:00,317.0396
2016-04-06 12:00:00,314.69238
2016-04-06 15:00:00,313.6422
2016-04-06 18:00:00,315.10333
2016-04-06 21:00:00,315.5867
2016-04-07 00:00:00,313.7694
2016-04-07 03:00:00,312.728
2016-04-07 06:00:00,312.1765
2016-04-07 09:00:00,310.72815
2016-04-07 12:00:00,309.97498
2016-04-07 15:00:00,310.20355
2016-04-07 18:00:00,311.88855
2016-04-07 21:00:00,315.28442
2016-04-08 00:00:00,317.84653
2016-04-08 03:00:00,320.4076
2016-04-08 06:00:00,320.9936
2016-04-08 09:00:00,324.28412
2016-04-08 12:00:00,324.34277
2016-04-08 15:00:00,322.98047
2016-04-08 18:00:00,323.29852
2016-04-08 21:00:00,324.58673
2016-04-09 00:00:00,324.1798
2016-04-09 03:00:00,322.64233
2016-04-09 06:00:00,320.25305
2016-04-09 09:00:00,317.23035
2016-04-09 12:00:00,315.04956
2016-04-09 15:00:00,313.11804
2016-04-09 18:00:00,312.27838
2016-04-09 21:00:00,312.5575
2016-04-10 00:00:00,312.56958
2016-04-10 03:00:00,310.39526
2016-04-10 06:00:00,303.98633
2016-04-10 09:00:00,299.97388
2016-04-10 12:00:00,300.38416
2016-04-10 15:00:00,306.4046
2016-04-10 18:00:00,307.85364
2016-04-10 21:00:00,307.16443
2016-04-11 00:00:00,307.24536
2016-04-11 03:00:00,306.27502
2016-04-11 06:00:00,306.8626
2016-04-11 09:00:00,306.81635
2016-04-11 12:00:00,306.15857
2016-04-11 15:00:00,304.2196
2016-04-11 18:00:00,302.9696
2016-04-11 21:00:00,302.18335
2016-04-12 00:00:00,302.08032
2016-04-12 03:00:00,301.10962
2016-04-12 06:00:00,299.18213
2016-04-12 09:00:00,296.69568
2016-04-12 12:00:00,295.8551
2016-04-12 15:00:00,294.54102
2016-04-12 18:00:00,292.69287
2016-04-12 21:00:00,290.96936
2016-04-13 00:00:00,290.62854
2016-04-13 03:00:00,290.109
2016-04-13 06:00:00,289.17407
2016-04-13 09:00:00,287.65955
2016-04-13 12:00:00,285.9353
2016-04-13 15:00:00,283.36353
2016-04-13 18:00:00,281.2168
2016-04-13 21:00:00,277.96948
2016-04-14 00:00:00,270.55127
2016-04-14 03:00:00,262.98456
2016-04-14 06:00:00,260.79712
2016-04-14 09:00:00,260.50226
2016-04-14 12:00:00,262.69888
2016-04-14 15:00:00,264.03998
2016-04-14 18:00:00,265.41553
2016-04-14 21:00:00,266.02014
2016-04-15 00:00:00,265.6526
2016-04-15 03:00:00,263.227
2016-04-15 06:00:00,258.24622
2016-04-15 09:00:00,253.3454
2016-04-15 12:00:00,247.03484
2016-04-15 15:00:00,248.8594
2016-04-15 18:00:00,254.40178
2016-04-15 21:00:00,257.42413
2016-04-16 00:00:00,251.07106
2016-04-16 03:00:00,243.78127
2016-04-16 06:00:00,248.08992
2016-04-16 09:00:00,251.29712
2016-04-16 12:00:00,254.08675
2016-04-16 15:00:00,256.39655
2016-04-16 18:00:00,258.0559
2016-04-16 21:00:00,259.3236
2016-04-17 00:00:00,260.29742
2016-04-17 03:00:00,261.46545
2016-04-17 06:00:00,263.07715
2016-04-17 09:00:00,264.7776
2016-04-17 12:00:00,266.3683
2016-04-17 15:00:00,267.79443
2016-04-17 18:00:00,269.0558
2016-04-17 21:00:00,270.417
2016-04-18 00:00:00,273.18652
2016-04-18 03:00:00,276.00354
2016-04-18 06:00:00,280.83423
2016-04-18 09:00:00,283.06177
2016-04-18 12:00:00,264.77588
2016-04-18 15:00:00,193.69496
2016-04-18 18:00:00,185.1258
2016-04-18 21:00:00,196.60756
2016-04-19 00:00:00,209.17328
2016-04-19 03:00:00,222.60405
2016-04-19 06:00:00,235.99387
2016-04-19 09:00:00,237.19495
2016-04-19 12:00:00,237.34517
2016-04-19 15:00:00,240.48518
2016-04-19 18:00:00,243.96988
2016-04-19 21:00:00,247.40875
2016-04-20 00:00:00,250.82039
2016-04-20 03:00:00,254.0755
2016-04-20 06:00:00,257.17065
2016-04-20 09:00:00,259.65744
2016-04-20 12:00:00,261.73853
2016-04-20 15:00:00,262.20862
2016-04-20 18:00:00,264.52136
2016-04-20 21:00:00,267.22815
2016-04-21 00:00:00,269.41113
2016-04-21 03:00:00,271.2119
2016-04-21 06:00:00,273.12683
2016-04-21 09:00:00,274.90662
2016-04-21 12:00:00,276.4807
2016-04-21 15:00:00,277.97705
2016-04-21 18:00:00,279.33325
2016-04-21 21:00:00,280.58142
2016-04-22 00:00:00,281.71204
2016-04-22 03:00:00,282.6886
2016-04-22 06:00:00,283.65015
2016-04-22 09:00:00,284.36084
2016-04-22 12:00:00,284.43518
2016-04-22 15:00:00,281.51294
2016-04-22 18:00:00,274.3004
2016-04-22 21:00:00,266.71228
2016-04-23 00:00:00,261.34656
2016-04-23 03:00:00,258.81335
2016-04-23 06:00:00,258.30447
2016-04-23 09:00:00,259.23682
2016-04-23 12:00:00,261.15796
2016-04-23 15:00:00,264.62024
2016-04-23 18:00:00,277.28003
2016-04-23 21:00:00,296.4709
2016-04-24 00:00:00,311.84094
2016-04-24 03:00:00,319.82147
2016-04-24 06:00:00,320.94067
2016-04-24 09:00:00,319.73816
2016-04-24 12:00:00,317.14136
2016-04-24 15:00:00,317.00317
2016-04-24 18:00:00,319.08765
2016-04-24 21:00:00,322.4309
2016-04-25 00:00:00,322.76648
2016-04-25 03:00:00,320.286
2016-04-25 06:00:00,317.6731
2016-04-25 09:00:00,315.7583
2016-04-25 12:00:00,313.9944
2016-04-25 15:00:00,313.7019
2016-04-25 18:00:00,315.60974
2016-04-25 21:00:00,315.9851
2016-04-26 00:00:00,313.81287
2016-04-26 03:00:00,311.03845
2016-04-26 06:00:00,307.45874
2016-04-26 09:00:00,303.74072
2016-04-26 12:00:00,299.34558
2016-04-26 15:00:00,297.12024
2016-04-26 18:00:00,294.5952
2016-04-26 21:00:00,298.393
2016-04-27 00:00:00,299.11523
2016-04-27 03:00:00,297.35144
2016-04-27 06:00:00,294.97827
2016-04-27 09:00:00,291.50464
2016-04-27 12:00:00,288.5653
2016-04-27 15:00:00,287.18823
2016-04-27 18:00:00,287.95837
2016-04-27 21:00:00,289.24683
2016-04-28 00:00:00,288.28577
2016-04-28 03:00:00,288.68054
2016-04-28 06:00:00,288.23608
2016-04-28 09:00:00,287.8036
2016-04-28 12:00:00,288.26123
2016-04-28 15:00:00,290.34448
2016-04-28 18:00:00,293.464
2016-04-28 21:00:00,298.30566
2016-04-29 00:00:00,299.95532
2016-04-29 03:00:00,301.11426
2016-04-29 06:00:00,302.22107
2016-04-29 09:00:00,303.5912
2016-04-29 12:00:00,306.23938
2016-04-29 15:00:00,307.60535
2016-04-29 18:00:00,309.72253
2016-04-29 21:00:00,314.08368
2016-04-30 00:00:00,320.18045
2016-04-30 03:00:00,326.30414
2016-04-30 06:00:00,331.2615
2016-04-30 09:00:00,332.60443
2016-04-30 12:00:00,332.56573
2016-04-30 15:00:00,332.3407
2016-04-30 18:00:00,333.8023
2016-04-30 21:00:00,335.51965
2016-05-01 00:00:00,336.24423
2016-05-01 03:00:00,335.81555
2016-05-01 06:00:00,336.49832
2016-05-01 09:00:00,338.00085
2016-05-01 12:00:00,336.11182
2016-05-01 15:00:00,336.3062
2016-05-01 18:00:00,337.854
2016-05-01 21:00:00,338.2583
2016-05-02 00:00:00,337.25452
2016-05-02 03:00:00,336.4886
2016-05-02 06:00:00,338.0399
2016-05-02 09:00:00,338.79114
2016-05-02 12:00:00,335.95862
2016-05-02 15:00:00,336.52148
2016-05-02 18:00:00,337.1433
2016-05-02 21:00:00,335.56537
2016-05-03 00:00:00,334.22485
2016-05-03 03:00:00,332.16632
2016-05-03 06:00:00,331.37595
2016-05-03 09:00:00,331.1298
2016-05-03 12:00:00,330.48218
2016-05-03 15:00:00,328.8484
2016-05-03 18:00:00,326.0006
2016-05-03 21:00:00,323.5891
2016-05-04 00:00:00,321.94037
2016-05-04 03:00:00,321.32935
2016-05-04 06:00:00,321.39893
2016-05-04 09:00:00,320.36066
2016-05-04 12:00:00,318.93347
2016-05-04 15:00:00,313.48685
2016-05-04 18:00:00,312.41235
2016-05-04 21:00:00,314.8396
2016-05-05 00:00:00,315.16602
2016-05-05 03:00:00,314.87744
2016-05-05 06:00:00,314.44934
2016-05-05 09:00:00,313.14368
2016-05-05 12:00:00,311.9563
2016-05-05 15:00:00,310.68768
2016-05-05 18:00:00,310.87018
2016-05-05 21:00:00,310.2593
2016-05-06 00:00:00,309.54178
2016-05-06 03:00:00,309.01022
2016-05-06 06:00:00,308.49368
2016-05-06 09:00:00,307.97437
2016-05-06 12:00:00,307.48755
2016-05-06 15:00:00,308.38202
2016-05-06 18:00:00,310.19653
2016-05-06 21:00:00,311.39136
2016-05-07 00:00:00,312.12775
2016-05-07 03:00:00,312.47778
2016-05-07 06:00:00,309.02393
2016-05-07 09:00:00,288.0337
2016-05-07 12:00:00,248.36896
2016-05-07 15:00:00,235.61156
2016-05-07 18:00:00,234.15208
2016-05-07 21:00:00,239.14095
2016-05-08 00:00:00,238.96663
2016-05-08 03:00:00,244.27405
2016-05-08 06:00:00,251.64595
2016-05-08 09:00:00,258.1568
2016-05-08 12:00:00,262.8723
2016-05-08 15:00:00,264.9038
2016-05-08 18:00:00,266.9004
2016-05-08 21:00:00,267.86902
2016-05-09 00:00:00,270.0974
2016-05-09 03:00:00,270.9369
2016-05-09 06:00:00,273.40027
2016-05-09 09:00:00,277.61755
2016-05-09 12:00:00,281.47827
2016-05-09 15:00:00,283.48987
2016-05-09 18:00:00,284.6958
2016-05-09 21:00:00,282.49524
2016-05-10 00:00:00,265.41766
2016-05-10 03:00:00,250.24335
2016-05-10 06:00:00,260.68262
2016-05-10 09:00:00,265.6726
2016-05-10 12:00:00,266.30396
2016-05-10 15:00:00,267.1726
2016-05-10 18:00:00,268.98474
2016-05-10 21:00:00,271.0027
2016-05-11 00:00:00,269.54736
2016-05-11 03:00:00,266.98608
2016-05-11 06:00:00,261.26108
2016-05-11 09:00:00,255.12936
2016-05-11 12:00:00,256.01944
2016-05-11 15:00:00,261.2354
2016-05-11 18:00:00,264.18103
2016-05-11 21:00:00,263.13074
2016-05-12 00:00:00,263.6211
2016-05-12 03:00:00,264.13306
2016-05-12 06:00:00,265.69653
2016-05-12 09:00:00,268.38892
2016-05-12 12:00:00,270.28503
2016-05-12 15:00:00,273.56433
2016-05-12 18:00:00,278.47864
2016-05-12 21:00:00,286.4441
2016-05-13 00:00:00,290.6742
2016-05-13 03:00:00,294.38086
2016-05-13 06:00:00,297.27673
2016-05-13 09:00:00,298.59827
2016-05-13 12:00:00,298.0188
2016-05-13 15:00:00,299.42798
2016-05-13 18:00:00,304.8911
2016-05-13 21:00:00,309.50806
2016-05-14 00:00:00,308.193
2016-05-14 03:00:00,308.0985
2016-05-14 06:00:00,309.62732
2016-05-14 09:00:00,309.8291
2016-05-14 12:00:00,311.44824
2016-05-14 15:00:00,315.36072
2016-05-14 18:00:00,320.29053
2016-05-14 21:00:00,326.1045
2016-05-15 00:00:00,327.31787
2016-05-15 03:00:00,330.05237
2016-05-15 06:00:00,333.08936
2016-05-15 09:00:00,335.60107
2016-05-15 12:00:00,332.03162
2016-05-15 15:00:00,327.71973
2016-05-15 18:00:00,327.04315
2016-05-15 21:00:00,330.22174
2016-05-16 00:00:00,332.4299
2016-05-16 03:00:00,333.71027
2016-05-16 06:00:00,334.22687
2016-05-16 09:00:00,332.9724
2016-05-16 12:00:00,330.32263
2016-05-16 15:00:00,327.60376
2016-05-16 18:00:00,326.84656
2016-05-16 21:00:00,326.15692
2016-05-17 00:00:00,325.2113
2016-05-17 03:00:00,325.8438
2016-05-17 06:00:00,327.04755
2016-05-17 09:00:00,326.3783
2016-05-17 12:00:00,326.28845
2016-05-17 15:00:00,324.15796
2016-05-17 18:00:00,323.50916
2016-05-17 21:00:00,323.8061
2016-05-18 00:00:00,323.40637
2016-05-18 03:00:00,323.01123
2016-05-18 06:00:00,322.9779
2016-05-18 09:00:00,322.89246
2016-05-18 12:00:00,320.1046
2016-05-18 15:00:00,318.0902
2016-05-18 18:00:00,321.06134
2016-05-18 21:00:00,323.5381
2016-05-19 00:00:00,322.03198
2016-05-19 03:00:00,323.49036
2016-05-19 06:00:00,324.63562
2016-05-19 09:00:00,324.88306
2016-05-19 12:00:00,320.32422
2016-05-19 15:00:00,318.7716
2016-05-19 18:00:00,319.45306
2016-05-19 21:00:00,320.19153
2016-05-20 00:00:00,318.33655
2016-05-20 03:00:00,316.07013
2016-05-20 06:00:00,314.40704
2016-05-20 09:00:00,312.8703
2016-05-20 12:00:00,311.8067
2016-05-20 15:00:00,310.78192
2016-05-20 18:00:00,309.78394
2016-05-20 21:00:00,309.01074
2016-05-21 00:00:00,309.1219
2016-05-21 03:00:00,309.15668
2016-05-21 06:00:00,308.59497
2016-05-21 09:00:00,307.47003
2016-05-21 12:00:00,306.1383
2016-05-21 15:00:00,304.50012
2016-05-21 18:00:00,304.22937
2016-05-21 21:00:00,304.3722
2016-05-22 00:00:00,302.00464
2016-05-22 03:00:00,300.40576
2016-05-22 06:00:00,299.68848
2016-05-22 09:00:00,301.65732
2016-05-22 12:00:00,303.90854
2016-05-22 15:00:00,307.23145
2016-05-22 18:00:00,310.80817
2016-05-22 21:00:00,314.44034
2016-05-23 00:00:00,314.58145
2016-05-23 03:00:00,313.6864
2016-05-23 06:00:00,312.3158
2016-05-23 09:00:00,310.11908
2016-05-23 12:00:00,308.727
2016-05-23 15:00:00,307.6264
2016-05-23 18:00:00,307.10175
2016-05-23 21:00:00,306.85504
2016-05-24 00:00:00,306.36865
2016-05-24 03:00:00,305.30798
2016-05-24 06:00:00,302.54114
2016-05-24 09:00:00,295.68042
2016-05-24 12:00:00,288.17163
2016-05-24 15:00:00,286.8817
2016-05-24 18:00:00,286.33618
2016-05-24 21:00:00,285.9383
2016-05-25 00:00:00,285.7827
2016-05-25 03:00:00,285.96924
2016-05-25 06:00:00,286.51117
2016-05-25 09:00:00,287.2658
2016-05-25 12:00:00,288.24432
2016-05-25 15:00:00,289.51074
2016-05-25 18:00:00,291.08057
2016-05-25 21:00:00,292.836
2016-05-26 00:00:00,294.5791
2016-05-26 03:00:00,296.03766
2016-05-26 06:00:00,297.1123
2016-05-26 09:00:00,297.74255
2016-05-26 12:00:00,297.96094
2016-05-26 15:00:00,297.76147
2016-05-26 18:00:00,297.3863
2016-05-26 21:00:00,296.7765
2016-05-27 00:00:00,295.61096
2016-05-27 03:00:00,293.93872
2016-05-27 06:00:00,291.40332
2016-05-27 09:00:00,287.6671
2016-05-27 12:00:00,282.59875
2016-05-27 15:00:00,277.44568
2016-05-27 18:00:00,273.86914
2016-05-27 21:00:00,270.73096
2016-05-28 00:00:00,262.47708
2016-05-28 03:00:00,258.1665
2016-05-28 06:00:00,256.15402
2016-05-28 09:00:00,256.46405
2016-05-28 12:00:00,257.4751
2016-05-28 15:00:00,258.77826
2016-05-28 18:00:00,263.44666
2016-05-28 21:00:00,268.9148
2016-05-29 00:00:00,273.3543
2016-05-29 03:00:00,276.62622
2016-05-29 06:00:00,279.42322
2016-05-29 09:00:00,281.75525
2016-05-29 12:00:00,283.34607
2016-05-29 15:00:00,284.30664
2016-05-29 18:00:00,285.21106
2016-05-29 21:00:00,287.51
2016-05-30 00:00:00,289.30676
2016-05-30 03:00:00,292.86023
2016-05-30 06:00:00,297.05286
2016-05-30 09:00:00,302.39526
2016-05-30 12:00:00,304.88086
2016-05-30 15:00:00,309.70337
2016-05-30 18:00:00,317.16504
2016-05-30 21:00:00,324.4629
2016-05-31 00:00:00,328.92297
2016-05-31 03:00:00,333.11023
2016-05-31 06:00:00,333.90466
2016-05-31 09:00:00,331.90503
2016-05-31 12:00:00,327.21924
2016-05-31 15:00:00,325.67834
2016-05-31 18:00:00,324.53845
2016-05-31 21:00:00,327.2895
2016-06-01 00:00:00,328.33655
2016-06-01 03:00:00,327.97607
2016-06-01 06:00:00,324.9845
2016-06-01 09:00:00,321.86737
2016-06-01 12:00:00,319.41077
2016-06-01 15:00:00,316.84924
2016-06-01 18:00:00,314.76007
2016-06-01 21:00:00,315.36774
2016-06-02 00:00:00,308.30444
2016-06-02 03:00:00,298.1322
2016-06-02 06:00:00,290.7113
2016-06-02 09:00:00,286.42554
2016-06-02 12:00:00,284.7909
2016-06-02 15:00:00,284.9181
2016-06-02 18:00:00,284.67737
2016-06-02 21:00:00,284.40125
2016-06-03 00:00:00,283.98877
2016-06-03 03:00:00,283.32385
2016-06-03 06:00:00,282.8448
2016-06-03 09:00:00,284.07275
2016-06-03 12:00:00,283.40723
2016-06-03 15:00:00,283.89954
2016-06-03 18:00:00,286.2589
2016-06-03 21:00:00,288.7279
2016-06-04 00:00:00,286.77454
2016-06-04 03:00:00,285.85974
2016-06-04 06:00:00,284.54028
2016-06-04 09:00:00,283.20142
2016-06-04 12:00:00,281.92236
2016-06-04 15:00:00,280.6078
2016-06-04 18:00:00,279.60205
2016-06-04 21:00:00,279.34766
2016-06-05 00:00:00,279.10486
2016-06-05 03:00:00,280.3059
2016-06-05 06:00:00,279.98682
2016-06-05 09:00:00,279.28967
2016-06-05 12:00:00,279.86743
2016-06-05 15:00:00,282.42664
2016-06-05 18:00:00,285.0963
2016-06-05 21:00:00,287.2478
2016-06-06 00:00:00,288.8778
2016-06-06 03:00:00,289.66876
2016-06-06 06:00:00,289.86035
2016-06-06 09:00:00,289.86365
2016-06-06 12:00:00,289.9021
2016-06-06 15:00:00,289.99622
2016-06-06 18:00:00,290.35223
2016-06-06 21:00:00,291.66132
2016-06-07 00:00:00,292.27368
2016-06-07 03:00:00,292.64294
2016-06-07 06:00:00,293.21753
2016-06-07 09:00:00,292.42322
2016-06-07 12:00:00,291.49304
2016-06-07 15:00:00,293.84607
2016-06-07 18:00:00,297.2661
2016-06-07 21:00:00,297.99817
2016-06-08 00:00:00,296.76605
2016-06-08 03:00:00,295.4356
2016-06-08 06:00:00,294.20972
2016-06-08 09:00:00,293.1433
2016-06-08 12:00:00,292.23022
2016-06-08 15:00:00,293.55023
2016-06-08 18:00:00,299.78143
2016-06-08 21:00:00,306.04007
2016-06-09 00:00:00,309.50354
2016-06-09 03:00:00,313.641
2016-06-09 06:00:00,315.37903
2016-06-09 09:00:00,311.61304
2016-06-09 12:00:00,308.05933
2016-06-09 15:00:00,305.6726
2016-06-09 18:00:00,304.52673
2016-06-09 21:00:00,305.56128
2016-06-10 00:00:00,301.06372
2016-06-10 03:00:00,296.7212
2016-06-10 06:00:00,301.3286
2016-06-10 09:00:00,310.29822
2016-06-10 12:00:00,308.5376
2016-06-10 15:00:00,309.49524
2016-06-10 18:00:00,312.54688
2016-06-10 21:00:00,317.5133
2016-06-11 00:00:00,321.45972
2016-06-11 03:00:00,323.35925
2016-06-11 06:00:00,326.39087
2016-06-11 09:00:00,326.5271
2016-06-11 12:00:00,323.11084
2016-06-11 15:00:00,321.30273
2016-06-11 18:00:00,321.36353
2016-06-11 21:00:00,322.29712
2016-06-12 00:00:00,320.96875
2016-06-12 03:00:00,315.25903
2016-06-12 06:00:00,311.938
2016-06-12 09:00:00,310.78003
2016-06-12 12:00:00,310.43823
2016-06-12 15:00:00,310.4878
2016-06-12 18:00:00,313.7517
2016-06-12 21:00:00,314.9359
2016-06-13 00:00:00,315.35938
2016-06-13 03:00:00,314.6443
2016-06-13 06:00:00,314.6455
2016-06-13 09:00:00,315.8977
2016-06-13 12:00:00,314.7815
2016-06-13 15:00:00,313.22168
2016-06-13 18:00:00,314.41455
2016-06-13 21:00:00,317.57373
2016-06-14 00:00:00,321.85083
2016-06-14 03:00:00,320.7334
2016-06-14 06:00:00,318.04065
2016-06-14 09:00:00,310.98267
2016-06-14 12:00:00,305.96924
2016-06-14 15:00:00,302.21326
2016-06-14 18:00:00,299.3423
2016-06-14 21:00:00,298.3023
2016-06-15 00:00:00,298.56854
2016-06-15 03:00:00,298.5056
2016-06-15 06:00:00,298.71606
2016-06-15 09:00:00,298.2821
2016-06-15 12:00:00,299.68127
2016-06-15 15:00:00,302.27258
2016-06-15 18:00:00,304.47766
2016-06-15 21:00:00,306.42694
2016-06-16 00:00:00,307.37622
2016-06-16 03:00:00,308.12476
2016-06-16 06:00:00,308.78876
2016-06-16 09:00:00,309.03094
2016-06-16 12:00:00,308.88812
2016-06-16 15:00:00,308.9037
2016-06-16 18:00:00,309.3836
2016-06-16 21:00:00,310.1469
2016-06-17 00:00:00,310.39935
2016-06-17 03:00:00,310.79846
2016-06-17 06:00:00,311.18658
2016-06-17 09:00:00,311.75848
2016-06-17 12:00:00,312.82178
2016-06-17 15:00:00,315.43414
2016-06-17 18:00:00,320.30524
2016-06-17 21:00:00,326.138
2016-06-18 00:00:00,328.9546
2016-06-18 03:00:00,331.43024
2016-06-18 06:00:00,332.58505
2016-06-18 09:00:00,333.01746
2016-06-18 12:00:00,330.14667
2016-06-18 15:00:00,328.67303
2016-06-18 18:00:00,329.9862
2016-06-18 21:00:00,333.60034
2016-06-19 00:00:00,334.27267
2016-06-19 03:00:00,332.7381
2016-06-19 06:00:00,332.5249
2016-06-19 09:00:00,330.8186
2016-06-19 12:00:00,329.4583
2016-06-19 15:00:00,327.85486
2016-06-19 18:00:00,328.34686
2016-06-19 21:00:00,330.93982
2016-06-20 00:00:00,332.75293
2016-06-20 03:00:00,331.85455
2016-06-20 06:00:00,330.81635
2016-06-20 09:00:00,329.02728
2016-06-20 12:00:00,326.89636
2016-06-20 15:00:00,324.9076
2016-06-20 18:00:00,325.72668
2016-06-20 21:00:00,326.53912
2016-06-21 00:00:00,325.0589
2016-06-21 03:00:00,321.3756
2016-06-21 06:00:00,316.9652
2016-06-21 09:00:00,312.7898
2016-06-21 12:00:00,309.18823
2016-06-21 15:00:00,306.6266
2016-06-21 18:00:00,304.78967
2016-06-21 21:00:00,302.32178
2016-06-22 00:00:00,300.41504
2016-06-22 03:00:00,299.00824
2016-06-22 06:00:00,298.0656
2016-06-22 09:00:00,297.5271
2016-06-22 12:00:00,297.54706
2016-06-22 15:00:00,297.9555
2016-06-22 18:00:00,299.57092
2016-06-22 21:00:00,300.9026
2016-06-23 00:00:00,303.27814
2016-06-23 03:00:00,304.19836
2016-06-23 06:00:00,304.74304
2016-06-23 09:00:00,305.0924
2016-06-23 12:00:00,305.401
2016-06-23 15:00:00,306.99988
2016-06-23 18:00:00,311.05945
2016-06-23 21:00:00,314.16534
2016-06-24 00:00:00,314.18127
2016-06-24 03:00:00,316.3114
2016-06-24 06:00:00,320.51013
2016-06-24 09:00:00,322.74042
2016-06-24 12:00:00,323.0327
2016-06-24 15:00:00,322.45056
2016-06-24 18:00:00,324.80743
2016-06-24 21:00:00,326.93048
2016-06-25 00:00:00,327.35498
2016-06-25 03:00:00,328.7815
2016-06-25 06:00:00,328.542
2016-06-25 09:00:00,327.13715
2016-06-25 12:00:00,325.2171
2016-06-25 15:00:00,324.46912
2016-06-25 18:00:00,324.66156
2016-06-25 21:00:00,325.11414
2016-06-26 00:00:00,325.50623
2016-06-26 03:00:00,324.4837
2016-06-26 06:00:00,324.17114
2016-06-26 09:00:00,324.18683
2016-06-26 12:00:00,324.8249
2016-06-26 15:00:00,325.79346
2016-06-26 18:00:00,326.8802
2016-06-26 21:00:00,327.76843
2016-06-27 00:00:00,328.26404
2016-06-27 03:00:00,328.5575
2016-06-27 06:00:00,328.74695
2016-06-27 09:00:00,328.8717
2016-06-27 12:00:00,328.86487
2016-06-27 15:00:00,328.70532
2016-06-27 18:00:00,328.51923
2016-06-27 21:00:00,329.11145
2016-06-28 00:00:00,329.9198
2016-06-28 03:00:00,329.43182
2016-06-28 06:00:00,328.47763
2016-06-28 09:00:00,327.7743
2016-06-28 12:00:00,327.46237
2016-06-28 15:00:00,327.3693
2016-06-28 18:00:00,328.806
2016-06-28 21:00:00,331.25937
2016-06-29 00:00:00,332.22382
2016-06-29 03:00:00,331.93085
2016-06-29 06:00:00,330.51935
2016-06-29 09:00:00,329.4077
2016-06-29 12:00:00,328.9478
2016-06-29 15:00:00,327.57013
2016-06-29 18:00:00,327.93097
2016-06-29 21:00:00,329.576
2016-06-30 00:00:00,330.66217
2016-06-30 03:00:00,331.2375
2016-06-30 06:00:00,330.30853
2016-06-30 09:00:00,329.3119
2016-06-30 12:00:00,327.68433
2016-06-30 15:00:00,324.87183
2016-06-30 18:00:00,324.71216
2016-06-30 21:00:00,325.78522
2016-07-01 00:00:00,326.55823
2016-07-01 03:00:00,325.11523
2016-07-01 06:00:00,324.0536
2016-07-01 09:00:00,323.40002
2016-07-01 12:00:00,322.75342
2016-07-01 15:00:00,320.83105
2016-07-01 18:00:00,321.72113
2016-07-01 21:00:00,325.09692
2016-07-02 00:00:00,325.6914
2016-07-02 03:00:00,327.5476
2016-07-02 06:00:00,328.94495
2016-07-02 09:00:00,327.69196
2016-07-02 12:00:00,325.36853
2016-07-02 15:00:00,323.89673
2016-07-02 18:00:00,325.56827
2016-07-02 21:00:00,327.6198
2016-07-03 00:00:00,327.4073
2016-07-03 03:00:00,326.39813
2016-07-03 06:00:00,324.6825
2016-07-03 09:00:00,324.0198
2016-07-03 12:00:00,323.59894
2016-07-03 15:00:00,323.68958
2016-07-03 18:00:00,324.182
2016-07-03 21:00:00,324.6507
2016-07-04 00:00:00,324.87103
2016-07-04 03:00:00,324.85858
2016-07-04 06:00:00,324.66956
2016-07-04 09:00:00,324.38446
2016-07-04 12:00:00,324.14166
2016-07-04 15:00:00,323.8603
2016-07-04 18:00:00,323.67395
2016-07-04 21:00:00,324.02002
2016-07-05 00:00:00,324.09558
2016-07-05 03:00:00,324.02136
2016-07-05 06:00:00,323.87006
2016-07-05 09:00:00,323.7677
2016-07-05 12:00:00,323.485
2016-07-05 15:00:00,323.5727
2016-07-05 18:00:00,323.72766
2016-07-05 21:00:00,324.17242
2016-07-06 00:00:00,324.46918
2016-07-06 03:00:00,324.58215
2016-07-06 06:00:00,324.31824
2016-07-06 09:00:00,323.94556
2016-07-06 12:00:00,323.47955
2016-07-06 15:00:00,320.67822
2016-07-06 18:00:00,321.52972
2016-07-06 21:00:00,322.09656
2016-07-07 00:00:00,321.93286
2016-07-07 03:00:00,320.8109
2016-07-07 06:00:00,318.80444
2016-07-07 09:00:00,316.4015
2016-07-07 12:00:00,314.03925
2016-07-07 15:00:00,311.19763
2016-07-07 18:00:00,309.466
2016-07-07 21:00:00,311.24695
2016-07-08 00:00:00,312.4732
2016-07-08 03:00:00,313.54947
2016-07-08 06:00:00,314.75983
2016-07-08 09:00:00,316.33588
2016-07-08 12:00:00,320.33276
2016-07-08 15:00:00,321.65344
2016-07-08 18:00:00,325.49524
2016-07-08 21:00:00,331.60007
2016-07-09 00:00:00,332.76566
2016-07-09 03:00:00,332.70605
2016-07-09 06:00:00,330.64087
2016-07-09 09:00:00,327.23865
2016-07-09 12:00:00,324.35168
2016-07-09 15:00:00,321.91052
2016-07-09 18:00:00,321.88098
2016-07-09 21:00:00,321.0996
2016-07-10 00:00:00,319.00653
2016-07-10 03:00:00,316.6493
2016-07-10 06:00:00,315.3711
2016-07-10 09:00:00,313.58398
2016-07-10 12:00:00,311.54944
2016-07-10 15:00:00,310.9286
2016-07-10 18:00:00,314.6469
2016-07-10 21:00:00,316.682
2016-07-11 00:00:00,315.8169
2016-07-11 03:00:00,314.39307
2016-07-11 06:00:00,315.97107
2016-07-11 09:00:00,318.26135
2016-07-11 12:00:00,314.30212
2016-07-11 15:00:00,314.9048
2016-07-11 18:00:00,318.6803
2016-07-11 21:00:00,322.10968
2016-07-12 00:00:00,322.57507
2016-07-12 03:00:00,324.7528
2016-07-12 06:00:00,327.42163
2016-07-12 09:00:00,327.5598
2016-07-12 12:00:00,324.36157
2016-07-12 15:00:00,323.79102
2016-07-12 18:00:00,325.25012
2016-07-12 21:00:00,328.5794
2016-07-13 00:00:00,329.6128
2016-07-13 03:00:00,330.3222
2016-07-13 06:00:00,330.37787
2016-07-13 09:00:00,330.09436
2016-07-13 12:00:00,328.75897
2016-07-13 15:00:00,328.49078
2016-07-13 18:00:00,329.68268
2016-07-13 21:00:00,331.81012
2016-07-14 00:00:00,332.5141
2016-07-14 03:00:00,331.76285
2016-07-14 06:00:00,329.99377
2016-07-14 09:00:00,328.65125
2016-07-14 12:00:00,327.90717
2016-07-14 15:00:00,327.69763
2016-07-14 18:00:00,328.23724
2016-07-14 21:00:00,329.05927
2016-07-15 00:00:00,329.70593
2016-07-15 03:00:00,330.11725
2016-07-15 06:00:00,330.13318
2016-07-15 09:00:00,329.9234
2016-07-15 12:00:00,330.0559
2016-07-15 15:00:00,330.68347
2016-07-15 18:00:00,331.5315
2016-07-15 21:00:00,333.01587
2016-07-16 00:00:00,333.81323
2016-07-16 03:00:00,333.5691
2016-07-16 06:00:00,331.90234
2016-07-16 09:00:00,328.7688
2016-07-16 12:00:00,321.58398
2016-07-16 15:00:00,313.6526
2016-07-16 18:00:00,309.06763
2016-07-16 21:00:00,304.70648
2016-07-17 00:00:00,305.4417
2016-07-17 03:00:00,307.17233
2016-07-17 06:00:00,306.9853
2016-07-17 09:00:00,305.7484
2016-07-17 12:00:00,304.41077
2016-07-17 15:00:00,302.969
2016-07-17 18:00:00,302.41614
2016-07-17 21:00:00,302.26135
2016-07-18 00:00:00,302.6524
2016-07-18 03:00:00,303.31256
2016-07-18 06:00:00,304.24133
2016-07-18 09:00:00,305.29077
2016-07-18 12:00:00,306.43817
2016-07-18 15:00:00,307.44604
2016-07-18 18:00:00,308.45642
2016-07-18 21:00:00,309.97107
2016-07-19 00:00:00,310.96265
2016-07-19 03:00:00,311.24402
2016-07-19 06:00:00,312.0022
2016-07-19 09:00:00,312.59143
2016-07-19 12:00:00,314.44543
2016-07-19 15:00:00,315.56287
2016-07-19 18:00:00,316.89783
2016-07-19 21:00:00,317.8225
2016-07-20 00:00:00,319.63696
2016-07-20 03:00:00,321.4828
2016-07-20 06:00:00,323.01624
2016-07-20 09:00:00,325.46167
2016-07-20 12:00:00,322.3219
2016-07-20 15:00:00,321.19653
2016-07-20 18:00:00,321.83655
2016-07-20 21:00:00,323.57935
2016-07-21 00:00:00,325.2975
2016-07-21 03:00:00,325.38098
2016-07-21 06:00:00,326.54724
2016-07-21 09:00:00,325.5099
2016-07-21 12:00:00,322.41052
2016-07-21 15:00:00,322.7705
2016-07-21 18:00:00,324.00537
2016-07-21 21:00:00,325.72437
2016-07-22 00:00:00,326.12134
2016-07-22 03:00:00,326.516
2016-07-22 06:00:00,327.21997
2016-07-22 09:00:00,324.54553
2016-07-22 12:00:00,323.01587
2016-07-22 15:00:00,321.2202
2016-07-22 18:00:00,321.42596
2016-07-22 21:00:00,323.43237
2016-07-23 00:00:00,323.30832
2016-07-23 03:00:00,320.9398
2016-07-23 06:00:00,319.84113
2016-07-23 09:00:00,320.30194
2016-07-23 12:00:00,321.23618
2016-07-23 15:00:00,322.46414
2016-07-23 18:00:00,324.59518
2016-07-23 21:00:00,328.79297
2016-07-24 00:00:00,330.2893
2016-07-24 03:00:00,329.62277
2016-07-24 06:00:00,328.92447
2016-07-24 09:00:00,328.43793
2016-07-24 12:00:00,328.01532
2016-07-24 15:00:00,327.58295
2016-07-24 18:00:00,327.45404
2016-07-24 21:00:00,327.57373
2016-07-25 00:00:00,327.67505
2016-07-25 03:00:00,327.81134
2016-07-25 06:00:00,327.9234
2016-07-25 09:00:00,328.0631
2016-07-25 12:00:00,328.04364
2016-07-25 15:00:00,327.89655
2016-07-25 18:00:00,328.39862
2016-07-25 21:00:00,328.6129
2016-07-26 00:00:00,328.38525
2016-07-26 03:00:00,328.24017
2016-07-26 06:00:00,327.94037
2016-07-26 09:00:00,327.68762
2016-07-26 12:00:00,327.04315
2016-07-26 15:00:00,327.02155
2016-07-26 18:00:00,328.11084
2016-07-26 21:00:00,329.31628
2016-07-27 00:00:00,330.52136
2016-07-27 03:00:00,330.29254
2016-07-27 06:00:00,328.55872
2016-07-27 09:00:00,327.3227
2016-07-27 12:00:00,326.8155
2016-07-27 15:00:00,326.46472
2016-07-27 18:00:00,326.02753
2016-07-27 21:00:00,326.46796
2016-07-28 00:00:00,326.32953
2016-07-28 03:00:00,325.89966
2016-07-28 06:00:00,325.73785
2016-07-28 09:00:00,325.8235
2016-07-28 12:00:00,325.8109
2016-07-28 15:00:00,325.77667
2016-07-28 18:00:00,325.8036
2016-07-28 21:00:00,325.88702
2016-07-29 00:00:00,325.65253
2016-07-29 03:00:00,325.2989
2016-07-29 06:00:00,325.07422
2016-07-29 09:00:00,325.04333
2016-07-29 12:00:00,324.3401
2016-07-29 15:00:00,322.2837
2016-07-29 18:00:00,323.236
2016-07-29 21:00:00,324.41058
2016-07-30 00:00:00,324.15845
2016-07-30 03:00:00,322.80243
2016-07-30 06:00:00,322.25952
2016-07-30 09:00:00,322.1571
2016-07-30 12:00:00,321.60205
2016-07-30 15:00:00,320.6407
2016-07-30 18:00:00,320.24524
2016-07-30 21:00:00,323.1223
2016-07-31 00:00:00,326.93115
2016-07-31 03:00:00,328.40894
2016-07-31 06:00:00,328.7378
2016-07-31 09:00:00,330.41077
2016-07-31 12:00:00,330.65088
2016-07-31 15:00:00,328.536
2016-07-31 18:00:00,329.37622
2016-07-31 21:00:00,330.9532
2016-08-01 00:00:00,330.91687
2016-08-01 03:00:00,331.00085
2016-08-01 06:00:00,330.95447
2016-08-01 09:00:00,330.0697
2016-08-01 12:00:00,327.8015
2016-08-01 15:00:00,325.14954
2016-08-01 18:00:00,324.43524
2016-08-01 21:00:00,325.7191
2016-08-02 00:00:00,326.29004
2016-08-02 03:00:00,326.9585
2016-08-02 06:00:00,326.37952
2016-08-02 09:00:00,325.6847
2016-08-02 12:00:00,324.21777
2016-08-02 15:00:00,323.0321
2016-08-02 18:00:00,323.18045
2016-08-02 21:00:00,325.31116
2016-08-03 00:00:00,326.5369
2016-08-03 03:00:00,327.51538
2016-08-03 06:00:00,328.61304
2016-08-03 09:00:00,329.24976
2016-08-03 12:00:00,326.54346
2016-08-03 15:00:00,325.39697
2016-08-03 18:00:00,326.53235
2016-08-03 21:00:00,326.37256
2016-08-04 00:00:00,325.70544
2016-08-04 03:00:00,324.44006
2016-08-04 06:00:00,324.2898
2016-08-04 09:00:00,324.97144
2016-08-04 12:00:00,322.5923
2016-08-04 15:00:00,319.4348
2016-08-04 18:00:00,321.9463
2016-08-04 21:00:00,322.12622
2016-08-05 00:00:00,321.28162
2016-08-05 03:00:00,320.2428
2016-08-05 06:00:00,322.40112
2016-08-05 09:00:00,321.98608
2016-08-05 12:00:00,320.7638
2016-08-05 15:00:00,319.13397
2016-08-05 18:00:00,320.22043
2016-08-05 21:00:00,323.44666
2016-08-06 00:00:00,323.89075
2016-08-06 03:00:00,322.43176
2016-08-06 06:00:00,321.1493
2016-08-06 09:00:00,320.4668
2016-08-06 12:00:00,319.86377
2016-08-06 15:00:00,319.54187
2016-08-06 18:00:00,320.0426
2016-08-06 21:00:00,320.78027
2016-08-07 00:00:00,321.03973
2016-08-07 03:00:00,321.2813
2016-08-07 06:00:00,320.94446
2016-08-07 09:00:00,319.33643
2016-08-07 12:00:00,316.59082
2016-08-07 15:00:00,313.36902
2016-08-07 18:00:00,310.76672
2016-08-07 21:00:00,308.77307
2016-08-08 00:00:00,307.2052
2016-08-08 03:00:00,306.07874
2016-08-08 06:00:00,305.8067
2016-08-08 09:00:00,306.9148
2016-08-08 12:00:00,309.60205
2016-08-08 15:00:00,312.42273
2016-08-08 18:00:00,314.92383
2016-08-08 21:00:00,316.56317
2016-08-09 00:00:00,316.76343
2016-08-09 03:00:00,316.54272
2016-08-09 06:00:00,316.68628
2016-08-09 09:00:00,317.63123
2016-08-09 12:00:00,319.18042
2016-08-09 15:00:00,321.72986
2016-08-09 18:00:00,325.48096
2016-08-09 21:00:00,329.88495
2016-08-10 00:00:00,329.8316
2016-08-10 03:00:00,328.7885
2016-08-10 06:00:00,326.53674
2016-08-10 09:00:00,325.72693
2016-08-10 12:00:00,326.38358
2016-08-10 15:00:00,327.5267
2016-08-10 18:00:00,328.66638
2016-08-10 21:00:00,329.66122
2016-08-11 00:00:00,330.29926
2016-08-11 03:00:00,330.78052
2016-08-11 06:00:00,331.30603
2016-08-11 09:00:00,332.07904
2016-08-11 12:00:00,333.35474
2016-08-11 15:00:00,334.1781
2016-08-11 18:00:00,334.3214
2016-08-11 21:00:00,334.7279
2016-08-12 00:00:00,335.30005
2016-08-12 03:00:00,336.26416
2016-08-12 06:00:00,337.82104
2016-08-12 09:00:00,341.1892
2016-08-12 12:00:00,346.96387
2016-08-12 15:00:00,348.135
2016-08-12 18:00:00,345.06445
2016-08-12 21:00:00,344.5393
2016-08-13 00:00:00,345.81616
2016-08-13 03:00:00,348.65088
2016-08-13 06:00:00,353.43945
2016-08-13 09:00:00,359.906
2016-08-13 12:00:00,3.77137
2016-08-13 15:00:00,345.32104
2016-08-13 18:00:00,335.46265
2016-08-13 21:00:00,334.84387
2016-08-14 00:00:00,334.0236
2016-08-14 03:00:00,332.9673
2016-08-14 06:00:00,332.14587
2016-08-14 09:00:00,331.3042
2016-08-14 12:00:00,330.09973
2016-08-14 15:00:00,327.2871
2016-08-14 18:00:00,327.57788
2016-08-14 21:00:00,329.58447
2016-08-15 00:00:00,328.97778
2016-08-15 03:00:00,328.72388
2016-08-15 06:00:00,328.60498
2016-08-15 09:00:00,325.54883
2016-08-15 12:00:00,321.11743
2016-08-15 15:00:00,320.2351
2016-08-15 18:00:00,321.08447
2016-08-15 21:00:00,323.9978
2016-08-16 00:00:00,320.76782
2016-08-16 03:00:00,320.82617
2016-08-16 06:00:00,321.9375
2016-08-16 09:00:00,325.42407
2016-08-16 12:00:00,326.33667
2016-08-16 15:00:00,325.01172
2016-08-16 18:00:00,323.61816
2016-08-16 21:00:00,325.04297
2016-08-17 00:00:00,323.552
2016-08-17 03:00:00,319.15576
2016-08-17 06:00:00,314.68335
2016-08-17 09:00:00,311.35498
2016-08-17 12:00:00,308.55566
2016-08-17 15:00:00,307.76306
2016-08-17 18:00:00,308.74603
2016-08-17 21:00:00,311.82092
2016-08-18 00:00:00,312.65796
2016-08-18 03:00:00,315.53503
2016-08-18 06:00:00,317.0741
2016-08-18 09:00:00,315.21387
2016-08-18 12:00:00,312.61206
2016-08-18 15:00:00,311.39172
2016-08-18 18:00:00,311.60156
2016-08-18 21:00:00,312.51733
2016-08-19 00:00:00,311.57288
2016-08-19 03:00:00,310.33704
2016-08-19 06:00:00,309.27856
2016-08-19 09:00:00,307.79834
2016-08-19 12:00:00,306.22266
2016-08-19 15:00:00,304.094
2016-08-19 18:00:00,303.03412
2016-08-19 21:00:00,304.43982
2016-08-20 00:00:00,307.01648
2016-08-20 03:00:00,313.60468
2016-08-20 06:00:00,323.66272
2016-08-20 09:00:00,326.17456
2016-08-20 12:00:00,324.9408
2016-08-20 15:00:00,323.29022
2016-08-20 18:00:00,324.66003
2016-08-20 21:00:00,327.15674
2016-08-21 00:00:00,328.61066
2016-08-21 03:00:00,328.41675
2016-08-21 06:00:00,327.6001
2016-08-21 09:00:00,326.9486
2016-08-21 12:00:00,325.53387
2016-08-21 15:00:00,325.1183
2016-08-21 18:00:00,325.36023
2016-08-21 21:00:00,325.3775
2016-08-22 00:00:00,325.16187
2016-08-22 03:00:00,324.97034
2016-08-22 06:00:00,324.7201
2016-08-22 09:00:00,324.4278
2016-08-22 12:00:00,324.1825
2016-08-22 15:00:00,323.67236
2016-08-22 18:00:00,323.8921
2016-08-22 21:00:00,324.4829
2016-08-23 00:00:00,323.89417
2016-08-23 03:00:00,322.68384
2016-08-23 06:00:00,320.8562
2016-08-23 09:00:00,318.9408
2016-08-23 12:00:00,317.12622
2016-08-23 15:00:00,316.0157
2016-08-23 18:00:00,316.07318
2016-08-23 21:00:00,317.16516
2016-08-24 00:00:00,317.748
2016-08-24 03:00:00,317.29102
2016-08-24 06:00:00,316.36023
2016-08-24 09:00:00,314.6283
2016-08-24 12:00:00,313.60504
2016-08-24 15:00:00,314.63977
2016-08-24 18:00:00,318.662
2016-08-24 21:00:00,319.70062
2016-08-25 00:00:00,319.91467
2016-08-25 03:00:00,321.2603
2016-08-25 06:00:00,322.5564
2016-08-25 09:00:00,322.55188
2016-08-25 12:00:00,322.51556
2016-08-25 15:00:00,323.29828
2016-08-25 18:00:00,323.85953
2016-08-25 21:00:00,325.54486
2016-08-26 00:00:00,324.50235
2016-08-26 03:00:00,324.0739
2016-08-26 06:00:00,324.17886
2016-08-26 09:00:00,324.207
2016-08-26 12:00:00,324.14447
2016-08-26 15:00:00,324.07166
2016-08-26 18:00:00,324.85602
2016-08-26 21:00:00,326.1662
2016-08-27 00:00:00,326.53198
2016-08-27 03:00:00,326.5202
2016-08-27 06:00:00,326.86017
2016-08-27 09:00:00,326.84314
2016-08-27 12:00:00,325.8354
2016-08-27 15:00:00,324.6407
2016-08-27 18:00:00,324.7813
2016-08-27 21:00:00,326.02118
2016-08-28 00:00:00,326.11118
2016-08-28 03:00:00,328.21115
2016-08-28 06:00:00,329.11407
2016-08-28 09:00:00,330.6261
2016-08-28 12:00:00,331.33765
2016-08-28 15:00:00,327.03418
2016-08-28 18:00:00,327.1682
2016-08-28 21:00:00,329.76398
2016-08-29 00:00:00,331.46832
2016-08-29 03:00:00,331.9494
2016-08-29 06:00:00,330.57037
2016-08-29 09:00:00,328.37018
2016-08-29 12:00:00,327.3733
2016-08-29 15:00:00,326.0287
2016-08-29 18:00:00,326.17487
2016-08-29 21:00:00,328.02637
2016-08-30 00:00:00,328.83313
2016-08-30 03:00:00,328.7008
2016-08-30 06:00:00,327.71228
2016-08-30 09:00:00,326.04004
2016-08-30 12:00:00,324.27832
2016-08-30 15:00:00,322.56055
2016-08-30 18:00:00,322.85132
2016-08-30 21:00:00,326.66113
2016-08-31 00:00:00,329.69208
2016-08-31 03:00:00,330.85632
2016-08-31 06:00:00,331.22516
2016-08-31 09:00:00,329.8993
2016-08-31 12:00:00,328.24316
2016-08-31 15:00:00,325.86462
2016-08-31 18:00:00,324.662
2016-08-31 21:00:00,327.10687
2016-09-01 00:00:00,327.37067
2016-09-01 03:00:00,326.15417
2016-09-01 06:00:00,322.5398
2016-09-01 09:00:00,319.15796
2016-09-01 12:00:00,317.4403
2016-09-01 15:00:00,316.5204
2016-09-01 18:00:00,315.97668
2016-09-01 21:00:00,315.86035
2016-09-02 00:00:00,315.72723
2016-09-02 03:00:00,315.64923
2016-09-02 06:00:00,315.96112
2016-09-02 09:00:00,316.0147
2016-09-02 12:00:00,316.36035
2016-09-02 15:00:00,317.19
2016-09-02 18:00:00,317.62988
2016-09-02 21:00:00,317.8916
2016-09-03 00:00:00,317.78882
2016-09-03 03:00:00,316.4629
2016-09-03 06:00:00,314.11133
2016-09-03 09:00:00,310.94482
2016-09-03 12:00:00,307.84418
2016-09-03 15:00:00,305.2989
2016-09-03 18:00:00,303.6751
2016-09-03 21:00:00,302.20477
2016-09-04 00:00:00,301.19885
2016-09-04 03:00:00,300.61188
2016-09-04 06:00:00,299.8181
2016-09-04 09:00:00,299.06146
2016-09-04 12:00:00,298.4245
2016-09-04 15:00:00,298.02008
2016-09-04 18:00:00,298.06543
2016-09-04 21:00:00,298.34485
2016-09-05 00:00:00,298.70013
2016-09-05 03:00:00,299.0874
2016-09-05 06:00:00,299.82837
2016-09-05 09:00:00,300.71997
2016-09-05 12:00:00,301.37683
2016-09-05 15:00:00,301.73926
2016-09-05 18:00:00,302.2602
2016-09-05 21:00:00,303.52417
2016-09-06 00:00:00,304.95508
2016-09-06 03:00:00,305.75983
2016-09-06 06:00:00,305.7589
2016-09-06 09:00:00,304.98022
2016-09-06 12:00:00,303.65076
2016-09-06 15:00:00,302.1078
2016-09-06 18:00:00,300.33356
2016-09-06 21:00:00,298.97815
2016-09-07 00:00:00,298.01154
2016-09-07 03:00:00,297.08868
2016-09-07 06:00:00,296.31866
2016-09-07 09:00:00,296.22742
2016-09-07 12:00:00,297.96967
2016-09-07 15:00:00,302.4458
2016-09-07 18:00:00,311.46155
2016-09-07 21:00:00,318.31323
2016-09-08 00:00:00,319.90845
2016-09-08 03:00:00,318.22998
2016-09-08 06:00:00,316.76196
2016-09-08 09:00:00,322.35742
2016-09-08 12:00:00,320.47498
2016-09-08 15:00:00,319.46826
2016-09-08 18:00:00,320.6588
2016-09-08 21:00:00,323.85608
2016-09-09 00:00:00,326.23547
2016-09-09 03:00:00,325.36316
2016-09-09 06:00:00,324.5598
2016-09-09 09:00:00,323.95715
2016-09-09 12:00:00,320.29187
2016-09-09 15:00:00,318.839
2016-09-09 18:00:00,319.64417
2016-09-09 21:00:00,322.28174
2016-09-10 00:00:00,320.83594
2016-09-10 03:00:00,319.61365
2016-09-10 06:00:00,319.71118
2016-09-10 09:00:00,318.47058
2016-09-10 12:00:00,315.2201
2016-09-10 15:00:00,313.7511
2016-09-10 18:00:00,312.92468
2016-09-10 21:00:00,314.45758
2016-09-11 00:00:00,314.25024
2016-09-11 03:00:00,313.5288
2016-09-11 06:00:00,313.72192
2016-09-11 09:00:00,313.56018
2016-09-11 12:00:00,313.5948
2016-09-11 15:00:00,314.38275
2016-09-11 18:00:00,315.25354
2016-09-11 21:00:00,315.61896
2016-09-12 00:00:00,315.69714
2016-09-12 03:00:00,315.6983
2016-09-12 06:00:00,315.7088
2016-09-12 09:00:00,315.71985
2016-09-12 12:00:00,315.43005
2016-09-12 15:00:00,314.53967
2016-09-12 18:00:00,313.97894
2016-09-12 21:00:00,313.3446
2016-09-13 00:00:00,310.6704
2016-09-13 03:00:00,306.7212
2016-09-13 06:00:00,304.52905
2016-09-13 09:00:00,305.274
2016-09-13 12:00:00,304.87122
2016-09-13 15:00:00,304.38806
2016-09-13 18:00:00,304.6902
2016-09-13 21:00:00,305.227
2016-09-14 00:00:00,305.26538
2016-09-14 03:00:00,305.54083
2016-09-14 06:00:00,307.20514
2016-09-14 09:00:00,308.49286
2016-09-14 12:00:00,307.8058
2016-09-14 15:00:00,308.00092
2016-09-14 18:00:00,308.80072
2016-09-14 21:00:00,310.59534
2016-09-15 00:00:00,311.04242
2016-09-15 03:00:00,311.6306
2016-09-15 06:00:00,312.33765
2016-09-15 09:00:00,312.91162
2016-09-15 12:00:00,312.80664
2016-09-15 15:00:00,313.21368
2016-09-15 18:00:00,313.87646
2016-09-15 21:00:00,314.4348
2016-09-16 00:00:00,314.77832
2016-09-16 03:00:00,315.49304
2016-09-16 06:00:00,318.3877
2016-09-16 09:00:00,322.46735
2016-09-16 12:00:00,323.97748
2016-09-16 15:00:00,322.0863
2016-09-16 18:00:00,322.29364
2016-09-16 21:00:00,325.20483
2016-09-17 00:00:00,325.1963
2016-09-17 03:00:00,323.649
2016-09-17 06:00:00,321.84686
2016-09-17 09:00:00,320.58124
2016-09-17 12:00:00,319.72223
2016-09-17 15:00:00,320.54114
2016-09-17 18:00:00,321.9525
2016-09-17 21:00:00,323.5259
2016-09-18 00:00:00,323.46207
2016-09-18 03:00:00,323.0451
2016-09-18 06:00:00,322.90118
2016-09-18 09:00:00,322.56757
2016-09-18 12:00:00,322.5338
2016-09-18 15:00:00,323.24457
2016-09-18 18:00:00,324.03253
2016-09-18 21:00:00,325.71982
2016-09-19 00:00:00,325.55798
2016-09-19 03:00:00,325.3415
2016-09-19 06:00:00,324.18286
2016-09-19 09:00:00,322.94324
2016-09-19 12:00:00,321.25568
2016-09-19 15:00:00,319.29694
2016-09-19 18:00:00,317.45892
2016-09-19 21:00:00,316.6551
2016-09-20 00:00:00,316.71783
2016-09-20 03:00:00,316.78983
2016-09-20 06:00:00,316.3048
2016-09-20 09:00:00,316.1765
2016-09-20 12:00:00,316.1383
2016-09-20 15:00:00,316.16022
2016-09-20 18:00:00,317.1662
2016-09-20 21:00:00,318.80396
2016-09-21 00:00:00,320.4156
2016-09-21 03:00:00,321.49405
2016-09-21 06:00:00,323.49707
2016-09-21 09:00:00,324.70374
2016-09-21 12:00:00,322.7577
2016-09-21 15:00:00,321.98456
2016-09-21 18:00:00,321.5747
2016-09-21 21:00:00,323.23294
2016-09-22 00:00:00,325.2041
2016-09-22 03:00:00,325.54883
2016-09-22 06:00:00,324.47168
2016-09-22 09:00:00,323.0957
2016-09-22 12:00:00,321.3297
2016-09-22 15:00:00,320.09625
2016-09-22 18:00:00,319.31348
2016-09-22 21:00:00,319.7375
2016-09-23 00:00:00,320.8216
2016-09-23 03:00:00,320.0121
2016-09-23 06:00:00,318.3985
2016-09-23 09:00:00,317.5863
2016-09-23 12:00:00,317.13745
2016-09-23 15:00:00,316.779
2016-09-23 18:00:00,316.4461
2016-09-23 21:00:00,316.7975
2016-09-24 00:00:00,317.48773
2016-09-24 03:00:00,317.6598
2016-09-24 06:00:00,317.95447
2016-09-24 09:00:00,318.4969
2016-09-24 12:00:00,319.3357
2016-09-24 15:00:00,318.51862
2016-09-24 18:00:00,317.6772
2016-09-24 21:00:00,316.9652
2016-09-25 00:00:00,315.48352
2016-09-25 03:00:00,313.80176
2016-09-25 06:00:00,311.35168
2016-09-25 09:00:00,311.2672
2016-09-25 12:00:00,311.90765
2016-09-25 15:00:00,314.4203
2016-09-25 18:00:00,318.04718
2016-09-25 21:00:00,320.9574
2016-09-26 00:00:00,321.87573
2016-09-26 03:00:00,323.19238
2016-09-26 06:00:00,323.46283
2016-09-26 09:00:00,323.5501
2016-09-26 12:00:00,322.24402
2016-09-26 15:00:00,321.41498
2016-09-26 18:00:00,323.1679
2016-09-26 21:00:00,325.9884
2016-09-27 00:00:00,328.26324
2016-09-27 03:00:00,330.00977
2016-09-27 06:00:00,330.93863
2016-09-27 09:00:00,329.47067
2016-09-27 12:00:00,326.4272
2016-09-27 15:00:00,324.27722
2016-09-27 18:00:00,325.31354
2016-09-27 21:00:00,327.00363
2016-09-28 00:00:00,324.69598
2016-09-28 03:00:00,321.73773
2016-09-28 06:00:00,319.60193
2016-09-28 09:00:00,316.89905
2016-09-28 12:00:00,313.3921
2016-09-28 15:00:00,309.8103
2016-09-28 18:00:00,307.224
2016-09-28 21:00:00,305.54163
2016-09-29 00:00:00,304.2223
2016-09-29 03:00:00,303.29163
2016-09-29 06:00:00,303.2608
2016-09-29 09:00:00,304.3225
2016-09-29 12:00:00,305.00195
2016-09-29 15:00:00,307.4557
2016-09-29 18:00:00,311.32275
2016-09-29 21:00:00,313.7661
2016-09-30 00:00:00,311.51
2016-09-30 03:00:00,309.11328
2016-09-30 06:00:00,307.05615
2016-09-30 09:00:00,305.39636
2016-09-30 12:00:00,303.91064
2016-09-30 15:00:00,303.09412
2016-09-30 18:00:00,303.21985
2016-09-30 21:00:00,303.4522
2016-10-01 00:00:00,303.94568
2016-10-01 03:00:00,305.46167
2016-10-01 06:00:00,308.39392
2016-10-01 09:00:00,310.99774
2016-10-01 12:00:00,312.98016
2016-10-01 15:00:00,313.73767
2016-10-01 18:00:00,316.90698
2016-10-01 21:00:00,320.133
2016-10-02 00:00:00,321.6363
2016-10-02 03:00:00,323.7738
2016-10-02 06:00:00,322.62805
2016-10-02 09:00:00,320.72083
2016-10-02 12:00:00,318.3523
2016-10-02 15:00:00,317.33813
2016-10-02 18:00:00,317.8236
2016-10-02 21:00:00,320.15588
2016-10-03 00:00:00,322.1798
2016-10-03 03:00:00,322.448
2016-10-03 06:00:00,321.11053
2016-10-03 09:00:00,319.92322
2016-10-03 12:00:00,317.6034
2016-10-03 15:00:00,314.71985
2016-10-03 18:00:00,312.44617
2016-10-03 21:00:00,310.4218
2016-10-04 00:00:00,308.32593
2016-10-04 03:00:00,308.17017
2016-10-04 06:00:00,308.87848
2016-10-04 09:00:00,309.2934
2016-10-04 12:00:00,309.17963
2016-10-04 15:00:00,310.14648
2016-10-04 18:00:00,312.16425
2016-10-04 21:00:00,313.75067
2016-10-05 00:00:00,313.438
2016-10-05 03:00:00,313.175
2016-10-05 06:00:00,313.02032
2016-10-05 09:00:00,313.2984
2016-10-05 12:00:00,313.45483
2016-10-05 15:00:00,313.57037
2016-10-05 18:00:00,313.67188
2016-10-05 21:00:00,313.84448
2016-10-06 00:00:00,314.08026
2016-10-06 03:00:00,314.45404
2016-10-06 06:00:00,315.04688
2016-10-06 09:00:00,314.98553
2016-10-06 12:00:00,314.78973
2016-10-06 15:00:00,314.4856
2016-10-06 18:00:00,314.2315
2016-10-06 21:00:00,313.86743
2016-10-07 00:00:00,312.66223
2016-10-07 03:00:00,311.6618
2016-10-07 06:00:00,311.61902
2016-10-07 09:00:00,310.5785
2016-10-07 12:00:00,309.30212
2016-10-07 15:00:00,308.93744
2016-10-07 18:00:00,309.0865
2016-10-07 21:00:00,309.3393
2016-10-08 00:00:00,308.93005
2016-10-08 03:00:00,309.25803
2016-10-08 06:00:00,310.31415
2016-10-08 09:00:00,312.11084
2016-10-08 12:00:00,312.53436
2016-10-08 15:00:00,313.07062
2016-10-08 18:00:00,315.6789
2016-10-08 21:00:00,318.4922
2016-10-09 00:00:00,317.89526
2016-10-09 03:00:00,316.64398
2016-10-09 06:00:00,315.5158
2016-10-09 09:00:00,314.62646
2016-10-09 12:00:00,312.94916
2016-10-09 15:00:00,311.9301
2016-10-09 18:00:00,312.6361
2016-10-09 21:00:00,313.1991
2016-10-10 00:00:00,313.1148
2016-10-10 03:00:00,313.422
2016-10-10 06:00:00,313.44855
2016-10-10 09:00:00,313.25848
2016-10-10 12:00:00,313.2589
2016-10-10 15:00:00,313.52643
2016-10-10 18:00:00,313.73834
2016-10-10 21:00:00,314.07874
2016-10-11 00:00:00,313.70477
2016-10-11 03:00:00,313.79022
2016-10-11 06:00:00,313.3258
2016-10-11 09:00:00,312.3462
2016-10-11 12:00:00,310.8308
2016-10-11 15:00:00,308.49512
2016-10-11 18:00:00,305.7516
2016-10-11 21:00:00,300.89868
2016-10-12 00:00:00,278.21814
2016-10-12 03:00:00,288.735
2016-10-12 06:00:00,293.2119
2016-10-12 09:00:00,294.60565
2016-10-12 12:00:00,295.77423
2016-10-12 15:00:00,296.7426
2016-10-12 18:00:00,296.58844
2016-10-12 21:00:00,297.52463
2016-10-13 00:00:00,298.4934
2016-10-13 03:00:00,299.3756
2016-10-13 06:00:00,300.29987
2016-10-13 09:00:00,301.00873
2016-10-13 12:00:00,301.03998
2016-10-13 15:00:00,300.92413
2016-10-13 18:00:00,300.75836
2016-10-13 21:00:00,301.3858
2016-10-14 00:00:00,302.30554
2016-10-14 03:00:00,305.56332
2016-10-14 06:00:00,309.54608
2016-10-14 09:00:00,312.7431
2016-10-14 12:00:00,311.94836
2016-10-14 15:00:00,310.43457
2016-10-14 18:00:00,308.9391
2016-10-14 21:00:00,307.42932
2016-10-15 00:00:00,305.84497
2016-10-15 03:00:00,304.1726
2016-10-15 06:00:00,302.8783
2016-10-15 09:00:00,302.69568
2016-10-15 12:00:00,304.04016
2016-10-15 15:00:00,306.02344
2016-10-15 18:00:00,308.00397
2016-10-15 21:00:00,309.46503
2016-10-16 00:00:00,310.61163
2016-10-16 03:00:00,311.61737
2016-10-16 06:00:00,312.54895
2016-10-16 09:00:00,313.498
2016-10-16 12:00:00,314.4088
2016-10-16 15:00:00,315.11377
2016-10-16 18:00:00,315.9417
2016-10-16 21:00:00,316.3047
2016-10-17 00:00:00,315.4643
2016-10-17 03:00:00,312.0338
2016-10-17 06:00:00,305.063
2016-10-17 09:00:00,294.73047
2016-10-17 12:00:00,283.6726
2016-10-17 15:00:00,275.43018
2016-10-17 18:00:00,270.57178
2016-10-17 21:00:00,268.94043
2016-10-18 00:00:00,267.93823
2016-10-18 03:00:00,267.31738
2016-10-18 06:00:00,266.5957
2016-10-18 09:00:00,265.80127
2016-10-18 12:00:00,265.49512
2016-10-18 15:00:00,266.06677
2016-10-18 18:00:00,267.6394
2016-10-18 21:00:00,270.28162
2016-10-19 00:00:00,273.50024
2016-10-19 03:00:00,276.65625
2016-10-19 06:00:00,279.36755
2016-10-19 09:00:00,281.4065
2016-10-19 12:00:00,283.18103
2016-10-19 15:00:00,285.1422
2016-10-19 18:00:00,287.9159
2016-10-19 21:00:00,291.42847
2016-10-20 00:00:00,295.1798
2016-10-20 03:00:00,298.3368
2016-10-20 06:00:00,300.2505
2016-10-20 09:00:00,300.9989
2016-10-20 12:00:00,300.93457
2016-10-20 15:00:00,300.5205
2016-10-20 18:00:00,299.92188
2016-10-20 21:00:00,299.1194
2016-10-21 00:00:00,298.18726
2016-10-21 03:00:00,297.27588
2016-10-21 06:00:00,296.61792
2016-10-21 09:00:00,296.5755
2016-10-21 12:00:00,297.49628
2016-10-21 15:00:00,298.7934
2016-10-21 18:00:00,298.6554
2016-10-21 21:00:00,299.82446
2016-10-22 00:00:00,303.23468
2016-10-22 03:00:00,305.17966
2016-10-22 06:00:00,306.01822
2016-10-22 09:00:00,304.97043
2016-10-22 12:00:00,302.4725
2016-10-22 15:00:00,298.45703
2016-10-22 18:00:00,292.76697
2016-10-22 21:00:00,276.36987
2016-10-23 00:00:00,269.12537
2016-10-23 03:00:00,271.49292
2016-10-23 06:00:00,271.614
2016-10-23 09:00:00,274.85413
2016-10-23 12:00:00,280.1748
2016-10-23 15:00:00,286.57684
2016-10-23 18:00:00,291.78308
2016-10-23 21:00:00,295.16522
2016-10-24 00:00:00,298.1889
2016-10-24 03:00:00,300.2392
2016-10-24 06:00:00,302.20624
2016-10-24 09:00:00,303.0044
2016-10-24 12:00:00,302.40118
2016-10-24 15:00:00,300.9699
2016-10-24 18:00:00,298.33636
2016-10-24 21:00:00,290.69257
2016-10-25 00:00:00,281.53357
2016-10-25 03:00:00,277.7473
2016-10-25 06:00:00,278.14307
2016-10-25 09:00:00,276.99487
2016-10-25 12:00:00,277.72827
2016-10-25 15:00:00,277.47485
2016-10-25 18:00:00,277.0962
2016-10-25 21:00:00,278.85278
2016-10-26 00:00:00,280.6609
2016-10-26 03:00:00,283.5957
2016-10-26 06:00:00,286.7766
2016-10-26 09:00:00,289.75903
2016-10-26 12:00:00,292.1892
2016-10-26 15:00:00,294.50684
2016-10-26 18:00:00,297.25024
2016-10-26 21:00:00,300.4441
2016-10-27 00:00:00,303.86914
2016-10-27 03:00:00,304.04712
2016-10-27 06:00:00,304.08203
2016-10-27 09:00:00,300.43066
2016-10-27 12:00:00,289.94702
2016-10-27 15:00:00,276.25415
2016-10-27 18:00:00,259.82123
2016-10-27 21:00:00,247.14697
2016-10-28 00:00:00,257.17447
2016-10-28 03:00:00,263.596
2016-10-28 06:00:00,266.11792
2016-10-28 09:00:00,258.517
2016-10-28 12:00:00,239.99026
2016-10-28 15:00:00,237.43628
2016-10-28 18:00:00,248.40282
2016-10-28 21:00:00,256.74658
2016-10-29 00:00:00,257.53345
2016-10-29 03:00:00,253.32571
2016-10-29 06:00:00,193.70404
2016-10-29 09:00:00,192.19545
2016-10-29 12:00:00,225.14247
2016-10-29 15:00:00,277.49365
2016-10-29 18:00:00,292.11975
2016-10-29 21:00:00,299.61133
2016-10-30 00:00:00,304.0011
2016-10-30 03:00:00,307.3059
2016-10-30 06:00:00,309.901
2016-10-30 09:00:00,311.55542
2016-10-30 12:00:00,312.35583
2016-10-30 15:00:00,312.10217
2016-10-30 18:00:00,311.13977
2016-10-30 21:00:00,309.92212
2016-10-31 00:00:00,309.06287
2016-10-31 03:00:00,308.30554
2016-10-31 06:00:00,307.7975
2016-10-31 09:00:00,307.66077
2016-10-31 12:00:00,307.323
2016-10-31 15:00:00,306.62268
2016-10-31 18:00:00,305.66495
2016-10-31 21:00:00,305.75336
2016-11-01 00:00:00,304.69818
2016-11-01 03:00:00,304.3689
2016-11-01 06:00:00,306.8313
2016-11-01 09:00:00,308.33337
2016-11-01 12:00:00,309.3047
2016-11-01 15:00:00,309.30872
2016-11-01 18:00:00,309.72675
2016-11-01 21:00:00,310.0952
2016-11-02 00:00:00,310.17487
2016-11-02 03:00:00,310.1734
2016-11-02 06:00:00,310.10852
2016-11-02 09:00:00,309.9851
2016-11-02 12:00:00,308.13153
2016-11-02 15:00:00,302.25354
2016-11-02 18:00:00,301.14282
2016-11-02 21:00:00,300.97876
2016-11-03 00:00:00,298.1521
2016-11-03 03:00:00,293.5559
2016-11-03 06:00:00,289.3086
2016-11-03 09:00:00,286.30615
2016-11-03 12:00:00,284.09497
2016-11-03 15:00:00,282.17285
2016-11-03 18:00:00,278.59363
2016-11-03 21:00:00,274.2859
2016-11-04 00:00:00,275.1372
2016-11-04 03:00:00,275.12598
2016-11-04 06:00:00,251.46173
2016-11-04 09:00:00,230.32474
2016-11-04 12:00:00,221.54056
2016-11-04 15:00:00,223.1128
2016-11-04 18:00:00,224.17422
2016-11-04 21:00:00,220.84413
2016-11-05 00:00:00,223.85342
2016-11-05 03:00:00,229.08806
2016-11-05 06:00:00,234.73625
2016-11-05 09:00:00,241.28394
2016-11-05 12:00:00,246.27527
2016-11-05 15:00:00,267.46313
2016-11-05 18:00:00,313.5083
2016-11-05 21:00:00,324.32074
2016-11-06 00:00:00,324.89203
2016-11-06 03:00:00,325.24072
2016-11-06 06:00:00,326.22968
2016-11-06 09:00:00,326.5365
2016-11-06 12:00:00,326.29944
2016-11-06 15:00:00,326.51184
2016-11-06 18:00:00,327.8447
2016-11-06 21:00:00,332.85974
2016-11-07 00:00:00,335.65125
2016-11-07 03:00:00,334.2353
2016-11-07 06:00:00,332.41495
2016-11-07 09:00:00,333.68097
2016-11-07 12:00:00,334.6445
2016-11-07 15:00:00,333.5551
2016-11-07 18:00:00,333.17242
2016-11-07 21:00:00,335.3594
2016-11-08 00:00:00,336.0633
2016-11-08 03:00:00,335.57904
2016-11-08 06:00:00,334.98877
2016-11-08 09:00:00,333.29175
2016-11-08 12:00:00,327.43774
2016-11-08 15:00:00,322.63367
2016-11-08 18:00:00,318.36035
2016-11-08 21:00:00,314.90308
2016-11-09 00:00:00,311.31396
2016-11-09 03:00:00,307.32056
2016-11-09 06:00:00,303.80518
2016-11-09 09:00:00,304.17432
2016-11-09 12:00:00,303.63586
2016-11-09 15:00:00,304.59863
2016-11-09 18:00:00,308.59534
2016-11-09 21:00:00,311.17737
2016-11-10 00:00:00,311.865
2016-11-10 03:00:00,312.18127
2016-11-10 06:00:00,314.59448
2016-11-10 09:00:00,315.9148
2016-11-10 12:00:00,316.83325
2016-11-10 15:00:00,318.42566
2016-11-10 18:00:00,320.26184
2016-11-10 21:00:00,321.87665
2016-11-11 00:00:00,322.6095
2016-11-11 03:00:00,322.72113
2016-11-11 06:00:00,322.60162
2016-11-11 09:00:00,322.54187
2016-11-11 12:00:00,322.4532
2016-11-11 15:00:00,322.31635
2016-11-11 18:00:00,322.1256
2016-11-11 21:00:00,321.862
2016-11-12 00:00:00,321.49603
2016-11-12 03:00:00,321.03265
2016-11-12 06:00:00,320.3908
2016-11-12 09:00:00,319.90656
2016-11-12 12:00:00,319.35126
2016-11-12 15:00:00,319.1599
2016-11-12 18:00:00,318.674
2016-11-12 21:00:00,317.37
2016-11-13 00:00:00,315.49756
2016-11-13 03:00:00,313.9394
2016-11-13 06:00:00,315.66046
2016-11-13 09:00:00,316.43054
2016-11-13 12:00:00,315.59555
2016-11-13 15:00:00,315.727
2016-11-13 18:00:00,316.5498
2016-11-13 21:00:00,319.4082
2016-11-14 00:00:00,319.88364
2016-11-14 03:00:00,320.92062
2016-11-14 06:00:00,322.5397
2016-11-14 09:00:00,324.4225
2016-11-14 12:00:00,324.12415
2016-11-14 15:00:00,323.09256
2016-11-14 18:00:00,327.4814
2016-11-14 21:00:00,336.67328
2016-11-15 00:00:00,344.36084
2016-11-15 03:00:00,352.52353
2016-11-15 06:00:00,2.3405342
2016-11-15 09:00:00,13.056735
2016-11-15 12:00:00,14.923645
2016-11-15 15:00:00,1.4461455
2016-11-15 18:00:00,351.98572
2016-11-15 21:00:00,352.85254
2016-11-16 00:00:00,1.8454304
2016-11-16 03:00:00,6.4531593
2016-11-16 06:00:00,2.373804
2016-11-16 09:00:00,359.56555
2016-11-16 12:00:00,342.48047
2016-11-16 15:00:00,327.74646
2016-11-16 18:00:00,322.8678
2016-11-16 21:00:00,323.57312
2016-11-17 00:00:00,328.25928
2016-11-17 03:00:00,324.7207
2016-11-17 06:00:00,320.2682
2016-11-17 09:00:00,317.50354
2016-11-17 12:00:00,316.2832
2016-11-17 15:00:00,316.1371
2016-11-17 18:00:00,317.42194
2016-11-17 21:00:00,320.28192
2016-11-18 00:00:00,323.44412
2016-11-18 03:00:00,324.94556
2016-11-18 06:00:00,325.26678
2016-11-18 09:00:00,325.69733
2016-11-18 12:00:00,325.51624
2016-11-18 15:00:00,325.76007
2016-11-18 18:00:00,326.92203
2016-11-18 21:00:00,328.07092
2016-11-19 00:00:00,328.8881
2016-11-19 03:00:00,329.46057
2016-11-19 06:00:00,329.53125
2016-11-19 09:00:00,328.42285
2016-11-19 12:00:00,327.42285
2016-11-19 15:00:00,326.59424
2016-11-19 18:00:00,325.64215
2016-11-19 21:00:00,324.89893
2016-11-20 00:00:00,321.3673
2016-11-20 03:00:00,312.18542
2016-11-20 06:00:00,306.82935
2016-11-20 09:00:00,302.38623
2016-11-20 12:00:00,297.52808
2016-11-20 15:00:00,293.30078
2016-11-20 18:00:00,292.48132
2016-11-20 21:00:00,296.5442
2016-11-21 00:00:00,291.1975
2016-11-21 03:00:00,287.27478
2016-11-21 06:00:00,293.31543
2016-11-21 09:00:00,299.4502
2016-11-21 12:00:00,304.73462
2016-11-21 15:00:00,307.61743
2016-11-21 18:00:00,308.50305
2016-11-21 21:00:00,308.88562
2016-11-22 00:00:00,309.12402
2016-11-22 03:00:00,309.6211
2016-11-22 06:00:00,310.5138
2016-11-22 09:00:00,311.5398
2016-11-22 12:00:00,312.90656
2016-11-22 15:00:00,313.9933
2016-11-22 18:00:00,315.6532
2016-11-22 21:00:00,317.7591
2016-11-23 00:00:00,320.00784
2016-11-23 03:00:00,321.46918
2016-11-23 06:00:00,323.16675
2016-11-23 09:00:00,323.8978
2016-11-23 12:00:00,325.64252
2016-11-23 15:00:00,324.85074
2016-11-23 18:00:00,324.66498
2016-11-23 21:00:00,325.03143
2016-11-24 00:00:00,325.76556
2016-11-24 03:00:00,325.79852
2016-11-24 06:00:00,325.25226
2016-11-24 09:00:00,324.12698
2016-11-24 12:00:00,321.72665
2016-11-24 15:00:00,320.74414
2016-11-24 18:00:00,316.35986
2016-11-24 21:00:00,309.4944
2016-11-25 00:00:00,289.10254
2016-11-25 03:00:00,285.0437
2016-11-25 06:00:00,285.45654
2016-11-25 09:00:00,287.85547
2016-11-25 12:00:00,292.69702
2016-11-25 15:00:00,301.19543
2016-11-25 18:00:00,309.79236
2016-11-25 21:00:00,313.56836
2016-11-26 00:00:00,313.7141
2016-11-26 03:00:00,309.28137
2016-11-26 06:00:00,301.37402
2016-11-26 09:00:00,291.74463
2016-11-26 12:00:00,283.0381
2016-11-26 15:00:00,275.89062
2016-11-26 18:00:00,271.93018
2016-11-26 21:00:00,271.80493
2016-11-27 00:00:00,269.42407
2016-11-27 03:00:00,273.57812
2016-11-27 06:00:00,277.3866
2016-11-27 09:00:00,285.00085
2016-11-27 12:00:00,292.1593
2016-11-27 15:00:00,302.7942
2016-11-27 18:00:00,311.33838
2016-11-27 21:00:00,315.69635
2016-11-28 00:00:00,313.89404
2016-11-28 03:00:00,313.6272
2016-11-28 06:00:00,311.33728
2016-11-28 09:00:00,307.75403
2016-11-28 12:00:00,304.30115
2016-11-28 15:00:00,302.15686
2016-11-28 18:00:00,301.04712
2016-11-28 21:00:00,300.41016
2016-11-29 00:00:00,300.22028
2016-11-29 03:00:00,300.2976
2016-11-29 06:00:00,300.53906
2016-11-29 09:00:00,301.0266
2016-11-29 12:00:00,300.65515
2016-11-29 15:00:00,299.64117
2016-11-29 18:00:00,299.17996
2016-11-29 21:00:00,293.84915
2016-11-30 00:00:00,220.03786
2016-11-30 03:00:00,210.19626
2016-11-30 06:00:00,225.10295
2016-11-30 09:00:00,218.58472
2016-11-30 12:00:00,196.26648
2016-11-30 15:00:00,189.99338
2016-11-30 18:00:00,182.5517
2016-11-30 21:00:00,195.99318
2016-12-01 00:00:00,212.85587
2016-12-01 03:00:00,224.33665
2016-12-01 06:00:00,233.19702
2016-12-01 09:00:00,242.31122
2016-12-01 12:00:00,243.6039
2016-12-01 15:00:00,249.06308
2016-12-01 18:00:00,254.18108
2016-12-01 21:00:00,259.2873
2016-12-02 00:00:00,264.3865
2016-12-02 03:00:00,268.69946
2016-12-02 06:00:00,272.16406
2016-12-02 09:00:00,272.3767
2016-12-02 12:00:00,255.53844
2016-12-02 15:00:00,201.32962
2016-12-02 18:00:00,189.51343
2016-12-02 21:00:00,182.72859
2016-12-03 00:00:00,168.17265
2016-12-03 03:00:00,188.18863
2016-12-03 06:00:00,199.6626
2016-12-03 09:00:00,189.1549
2016-12-03 12:00:00,178.8066
2016-12-03 15:00:00,197.10254
2016-12-03 18:00:00,216.70523
2016-12-03 21:00:00,227.45427
2016-12-04 00:00:00,235.89432
2016-12-04 03:00:00,239.36737
2016-12-04 06:00:00,242.7436
2016-12-04 09:00:00,245.39465
2016-12-04 12:00:00,246.44608
2016-12-04 15:00:00,248.1828
2016-12-04 18:00:00,251.27606
2016-12-04 21:00:00,253.98482
2016-12-05 00:00:00,256.73712
2016-12-05 03:00:00,259.391
2016-12-05 06:00:00,261.72876
2016-12-05 09:00:00,264.22083
2016-12-05 12:00:00,267.15845
2016-12-05 15:00:00,268.8059
2016-12-05 18:00:00,271.2682
2016-12-05 21:00:00,273.01123
2016-12-06 00:00:00,272.87573
2016-12-06 03:00:00,272.74536
2016-12-06 06:00:00,272.89355
2016-12-06 09:00:00,272.8307
2016-12-06 12:00:00,272.4923
2016-12-06 15:00:00,272.1706
2016-12-06 18:00:00,272.68225
2016-12-06 21:00:00,273.68073
2016-12-07 00:00:00,274.95032
2016-12-07 03:00:00,276.25128
2016-12-07 06:00:00,277.23517
2016-12-07 09:00:00,277.52356
2016-12-07 12:00:00,276.5955
2016-12-07 15:00:00,274.6916
2016-12-07 18:00:00,273.004
2016-12-07 21:00:00,271.88834
2016-12-08 00:00:00,269.81674
2016-12-08 03:00:00,265.64417
2016-12-08 06:00:00,261.838
2016-12-08 09:00:00,257.97272
2016-12-08 12:00:00,240.84238
2016-12-08 15:00:00,238.01633
2016-12-08 18:00:00,245.62889
2016-12-08 21:00:00,247.544
2016-12-09 00:00:00,231.2138
2016-12-09 03:00:00,225.3144
2016-12-09 06:00:00,219.88342
2016-12-09 09:00:00,218.13388
2016-12-09 12:00:00,203.97687
2016-12-09 15:00:00,224.91931
2016-12-09 18:00:00,253.31508
2016-12-09 21:00:00,267.71997
2016-12-10 00:00:00,275.04944
2016-12-10 03:00:00,279.2119
2016-12-10 06:00:00,281.69238
2016-12-10 09:00:00,283.2069
2016-12-10 12:00:00,283.8734
2016-12-10 15:00:00,285.0089
2016-12-10 18:00:00,285.52496
2016-12-10 21:00:00,286.6103
2016-12-11 00:00:00,287.7422
2016-12-11 03:00:00,289.32074
2016-12-11 06:00:00,290.84613
2016-12-11 09:00:00,292.1883
2016-12-11 12:00:00,293.48517
2016-12-11 15:00:00,294.60388
2016-12-11 18:00:00,295.7873
2016-12-11 21:00:00,296.92694
2016-12-12 00:00:00,297.98572
2016-12-12 03:00:00,298.84662
2016-12-12 06:00:00,299.47742
2016-12-12 09:00:00,299.89343
2016-12-12 12:00:00,300.14563
2016-12-12 15:00:00,300.4845
2016-12-12 18:00:00,300.40076
2016-12-12 21:00:00,300.03516
2016-12-13 00:00:00,299.62683
2016-12-13 03:00:00,299.33032
2016-12-13 06:00:00,299.33978
2016-12-13 09:00:00,299.7342
2016-12-13 12:00:00,299.9897
2016-12-13 15:00:00,300.0479
2016-12-13 18:00:00,300.06042
2016-12-13 21:00:00,298.5326
2016-12-14 00:00:00,287.4077
2016-12-14 03:00:00,278.6377
2016-12-14 06:00:00,276.0243
2016-12-14 09:00:00,293.31335
2016-12-14 12:00:00,298.53192
2016-12-14 15:00:00,300.8532
2016-12-14 18:00:00,303.3534
2016-12-14 21:00:00,305.73975
2016-12-15 00:00:00,305.2047
2016-12-15 03:00:00,304.1062
2016-12-15 06:00:00,302.6255
2016-12-15 09:00:00,300.7751
2016-12-15 12:00:00,299.7036
2016-12-15 15:00:00,298.27045
2016-12-15 18:00:00,295.03186
2016-12-15 21:00:00,284.2785
2016-12-16 00:00:00,295.82825
2016-12-16 03:00:00,301.6941
2016-12-16 06:00:00,304.93268
2016-12-16 09:00:00,307.77557
2016-12-16 12:00:00,308.653
2016-12-16 15:00:00,311.51788
2016-12-16 18:00:00,315.24713
2016-12-16 21:00:00,316.41943
2016-12-17 00:00:00,317.4378
2016-12-17 03:00:00,317.21735
2016-12-17 06:00:00,316.85287
2016-12-17 09:00:00,317.45682
2016-12-17 12:00:00,318.32242
2016-12-17 15:00:00,318.61072
2016-12-17 18:00:00,320.28015
2016-12-17 21:00:00,322.9876
2016-12-18 00:00:00,326.25024
2016-12-18 03:00:00,329.87784
2016-12-18 06:00:00,332.67188
2016-12-18 09:00:00,338.6455
2016-12-18 12:00:00,341.29736
2016-12-18 15:00:00,331.66614
2016-12-18 18:00:00,330.1529
2016-12-18 21:00:00,332.5923
2016-12-19 00:00:00,330.6029
2016-12-19 03:00:00,327.15817
2016-12-19 06:00:00,325.0678
2016-12-19 09:00:00,324.1256
2016-12-19 12:00:00,316.4707
2016-12-19 15:00:00,312.90784
2016-12-19 18:00:00,312.0006
2016-12-19 21:00:00,307.4779
2016-12-20 00:00:00,304.89972
2016-12-20 03:00:00,303.7196
2016-12-20 06:00:00,303.0393
2016-12-20 09:00:00,302.63525
2016-12-20 12:00:00,302.76685
2016-12-20 15:00:00,303.19275
2016-12-20 18:00:00,303.7442
2016-12-20 21:00:00,305.19757
2016-12-21 00:00:00,305.64142
2016-12-21 03:00:00,305.91522
2016-12-21 06:00:00,306.53607
2016-12-21 09:00:00,306.89716
2016-12-21 12:00:00,307.4824
2016-12-21 15:00:00,307.836
2016-12-21 18:00:00,310.17664
2016-12-21 21:00:00,311.5402
2016-12-22 00:00:00,312.5169
2016-12-22 03:00:00,313.14963
2016-12-22 06:00:00,313.4298
2016-12-22 09:00:00,313.55994
2016-12-22 12:00:00,313.39145
2016-12-22 15:00:00,313.2301
2016-12-22 18:00:00,313.62042
2016-12-22 21:00:00,314.07535
2016-12-23 00:00:00,314.56714
2016-12-23 03:00:00,315.33734
2016-12-23 06:00:00,316.10248
2016-12-23 09:00:00,316.68835
2016-12-23 12:00:00,317.14383
2016-12-23 15:00:00,317.48547
2016-12-23 18:00:00,318.01572
2016-12-23 21:00:00,318.94617
2016-12-24 00:00:00,320.05853
2016-12-24 03:00:00,320.15982
2016-12-24 06:00:00,320.20325
2016-12-24 09:00:00,320.22906
2016-12-24 12:00:00,319.73483
2016-12-24 15:00:00,319.02353
2016-12-24 18:00:00,318.84628
2016-12-24 21:00:00,319.1661
2016-12-25 00:00:00,319.80872
2016-12-25 03:00:00,319.6418
2016-12-25 06:00:00,319.2037
2016-12-25 09:00:00,319.09915
2016-12-25 12:00:00,318.58618
2016-12-25 15:00:00,317.7033
2016-12-25 18:00:00,317.1128
2016-12-25 21:00:00,316.72675
2016-12-26 00:00:00,316.56305
2016-12-26 03:00:00,316.39105
2016-12-26 06:00:00,316.16888
2016-12-26 09:00:00,315.62506
2016-12-26 12:00:00,314.45386
2016-12-26 15:00:00,312.6499
2016-12-26 18:00:00,310.7057
2016-12-26 21:00:00,308.95325
2016-12-27 00:00:00,307.39166
2016-12-27 03:00:00,306.03253
2016-12-27 06:00:00,304.88696
2016-12-27 09:00:00,304.0553
2016-12-27 12:00:00,303.5163
2016-12-27 15:00:00,303.4223
2016-12-27 18:00:00,303.8282
2016-12-27 21:00:00,304.7898
2016-12-28 00:00:00,305.94244
2016-12-28 03:00:00,307.22656
2016-12-28 06:00:00,308.7119
2016-12-28 09:00:00,310.30542
2016-12-28 12:00:00,311.94672
2016-12-28 15:00:00,312.87994
2016-12-28 18:00:00,313.47327
2016-12-28 21:00:00,314.11108
2016-12-29 00:00:00,315.76428
2016-12-29 03:00:00,317.2755
2016-12-29 06:00:00,320.77673
2016-12-29 09:00:00,326.82837
2016-12-29 12:00:00,323.64893
2016-12-29 15:00:00,311.22302
2016-12-29 18:00:00,305.3479
2016-12-29 21:00:00,302.77597
2016-12-30 00:00:00,301.29514
2016-12-30 03:00:00,300.44952
2016-12-30 06:00:00,300.93024
2016-12-30 09:00:00,302.13495
2016-12-30 12:00:00,302.7619
2016-12-30 15:00:00,302.6808
2016-12-30 18:00:00,303.5308
2016-12-30 21:00:00,304.68268
2016-12-31 00:00:00,305.8136
2016-12-31 03:00:00,306.6297
2016-12-31 06:00:00,307.20056
2016-12-31 09:00:00,307.51355
2016-12-31 12:00:00,307.0785
2016-12-31 15:00:00,304.2035
2016-12-31 18:00:00,301.26038
2016-12-31 21:00:00,299.5868
2017-01-01 00:00:00,299.12622
2017-01-01 03:00:00,299.4848
2017-01-01 06:00:00,301.93066
2017-01-01 09:00:00,305.85315
2017-01-01 12:00:00,309.5194
2017-01-01 15:00:00,311.0022
2017-01-01 18:00:00,311.74792
2017-01-01 21:00:00,311.12573
2017-01-02 00:00:00,303.9392
2017-01-02 03:00:00,261.5564
2017-01-02 06:00:00,227.70557
2017-01-02 09:00:00,214.6739
2017-01-02 12:00:00,213.05067
2017-01-02 15:00:00,218.07779
2017-01-02 18:00:00,220.0842
2017-01-02 21:00:00,223.6366
2017-01-03 00:00:00,226.07495
2017-01-03 03:00:00,229.26726
2017-01-03 06:00:00,233.58157
2017-01-03 09:00:00,237.7111
2017-01-03 12:00:00,241.67679
2017-01-03 15:00:00,242.56783
2017-01-03 18:00:00,241.83553
2017-01-03 21:00:00,239.96118
2017-01-04 00:00:00,237.73991
2017-01-04 03:00:00,235.84804
2017-01-04 06:00:00,234.3375
2017-01-04 09:00:00,233.14551
2017-01-04 12:00:00,233.02162
2017-01-04 15:00:00,234.55536
2017-01-04 18:00:00,237.88354
2017-01-04 21:00:00,242.47755
2017-01-05 00:00:00,247.64932
2017-01-05 03:00:00,252.69815
2017-01-05 06:00:00,257.12216
2017-01-05 09:00:00,260.7202
2017-01-05 12:00:00,263.3291
2017-01-05 15:00:00,265.18427
2017-01-05 18:00:00,267.31274
2017-01-05 21:00:00,269.27356
2017-01-06 00:00:00,269.28577
2017-01-06 03:00:00,269.18054
2017-01-06 06:00:00,269.88367
2017-01-06 09:00:00,271.10284
2017-01-06 12:00:00,271.58038
2017-01-06 15:00:00,272.19977
2017-01-06 18:00:00,273.14978
2017-01-06 21:00:00,274.69482
2017-01-07 00:00:00,276.30664
2017-01-07 03:00:00,277.44614
2017-01-07 06:00:00,278.97598
2017-01-07 09:00:00,280.9535
2017-01-07 12:00:00,282.44833
2017-01-07 15:00:00,283.69806
2017-01-07 18:00:00,286.64984
2017-01-07 21:00:00,290.3797
2017-01-08 00:00:00,293.961
2017-01-08 03:00:00,297.4536
2017-01-08 06:00:00,301.29126
2017-01-08 09:00:00,304.96277
2017-01-08 12:00:00,308.32306
2017-01-08 15:00:00,311.28613
2017-01-08 18:00:00,316.10986
2017-01-08 21:00:00,320.9846
2017-01-09 00:00:00,322.11407
2017-01-09 03:00:00,322.58716
2017-01-09 06:00:00,321.89233
2017-01-09 09:00:00,320.79346
2017-01-09 12:00:00,319.9381
2017-01-09 15:00:00,318.85254
2017-01-09 18:00:00,321.04858
2017-01-09 21:00:00,322.4204
2017-01-10 00:00:00,321.3919
2017-01-10 03:00:00,324.83682
2017-01-10 06:00:00,328.50958
2017-01-10 09:00:00,331.05524
2017-01-10 12:00:00,331.58777
2017-01-10 15:00:00,329.61395
2017-01-10 18:00:00,330.57062
2017-01-10 21:00:00,333.14465
2017-01-11 00:00:00,331.73895
2017-01-11 03:00:00,330.97726
2017-01-11 06:00:00,329.42255
2017-01-11 09:00:00,328.8844
2017-01-11 12:00:00,328.8979
2017-01-11 15:00:00,327.7361
2017-01-11 18:00:00,326.78168
2017-01-11 21:00:00,326.09552
2017-01-12 00:00:00,325.49872
2017-01-12 03:00:00,324.83234
2017-01-12 06:00:00,324.11743
2017-01-12 09:00:00,323.50836
2017-01-12 12:00:00,323.04822
2017-01-12 15:00:00,323.14648
2017-01-12 18:00:00,324.5642
2017-01-12 21:00:00,327.34134
2017-01-13 00:00:00,331.82343
2017-01-13 03:00:00,331.75037
2017-01-13 06:00:00,333.58765
2017-01-13 09:00:00,337.08005
2017-01-13 12:00:00,337.64606
2017-01-13 15:00:00,334.91443
2017-01-13 18:00:00,334.6113
2017-01-13 21:00:00,336.5518
2017-01-14 00:00:00,336.42194
2017-01-14 03:00:00,334.63367
2017-01-14 06:00:00,334.13678
2017-01-14 09:00:00,334.55634
2017-01-14 12:00:00,333.2817
2017-01-14 15:00:00,331.43707
2017-01-14 18:00:00,331.45648
2017-01-14 21:00:00,333.64935
2017-01-15 00:00:00,335.16742
2017-01-15 03:00:00,334.62515
2017-01-15 06:00:00,333.61078
2017-01-15 09:00:00,333.81635
2017-01-15 12:00:00,335.127
2017-01-15 15:00:00,332.90735
2017-01-15 18:00:00,333.27875
2017-01-15 21:00:00,335.8371
2017-01-16 00:00:00,336.05493
2017-01-16 03:00:00,334.83655
2017-01-16 06:00:00,334.0016
2017-01-16 09:00:00,333.75183
2017-01-16 12:00:00,333.77347
2017-01-16 15:00:00,332.85352
2017-01-16 18:00:00,333.26962
2017-01-16 21:00:00,335.28326
2017-01-17 00:00:00,335.30493
2017-01-17 03:00:00,334.70184
2017-01-17 06:00:00,334.76736
2017-01-17 09:00:00,334.70197
2017-01-17 12:00:00,333.18066
2017-01-17 15:00:00,330.68134
2017-01-17 18:00:00,330.1878
2017-01-17 21:00:00,330.8204
2017-01-18 00:00:00,332.5094
2017-01-18 03:00:00,338.48755
2017-01-18 06:00:00,348.46964
2017-01-18 09:00:00,359.86597
2017-01-18 12:00:00,8.392443
2017-01-18 15:00:00,346.3335
2017-01-18 18:00:00,340.04712
2017-01-18 21:00:00,355.8634
2017-01-19 00:00:00,356.88306
2017-01-19 03:00:00,345.51587
2017-01-19 06:00:00,348.24805
2017-01-19 09:00:00,356.59857
2017-01-19 12:00:00,351.263
2017-01-19 15:00:00,344.44873
2017-01-19 18:00:00,340.21216
2017-01-19 21:00:00,330.93848
2017-01-20 00:00:00,318.1289
2017-01-20 03:00:00,310.75806
2017-01-20 06:00:00,308.76917
2017-01-20 09:00:00,303.7893
2017-01-20 12:00:00,298.41553
2017-01-20 15:00:00,295.1266
2017-01-20 18:00:00,294.17462
2017-01-20 21:00:00,294.2196
2017-01-21 00:00:00,293.67212
2017-01-21 03:00:00,293.5921
2017-01-21 06:00:00,294.14868
2017-01-21 09:00:00,294.50354
2017-01-21 12:00:00,294.25916
2017-01-21 15:00:00,294.0481
2017-01-21 18:00:00,295.45422
2017-01-21 21:00:00,296.96912
2017-01-22 00:00:00,297.84497
2017-01-22 03:00:00,299.01678
2017-01-22 06:00:00,300.28363
2017-01-22 09:00:00,301.4071
2017-01-22 12:00:00,300.97784
2017-01-22 15:00:00,302.64325
2017-01-22 18:00:00,305.21246
2017-01-22 21:00:00,311.5703
2017-01-23 00:00:00,315.79706
2017-01-23 03:00:00,319.97882
2017-01-23 06:00:00,322.61993
2017-01-23 09:00:00,324.0717
2017-01-23 12:00:00,322.24487
2017-01-23 15:00:00,321.375
2017-01-23 18:00:00,322.86792
2017-01-23 21:00:00,324.56757
2017-01-24 00:00:00,321.38336
2017-01-24 03:00:00,316.20447
2017-01-24 06:00:00,310.6333
2017-01-24 09:00:00,305.43103
2017-01-24 12:00:00,301.15247
2017-01-24 15:00:00,298.3853
2017-01-24 18:00:00,296.70538
2017-01-24 21:00:00,295.46112
2017-01-25 00:00:00,294.52814
2017-01-25 03:00:00,293.85272
2017-01-25 06:00:00,293.32275
2017-01-25 09:00:00,292.838
2017-01-25 12:00:00,292.29077
2017-01-25 15:00:00,291.63385
2017-01-25 18:00:00,289.85413
2017-01-25 21:00:00,285.8911
2017-01-26 00:00:00,278.7041
2017-01-26 03:00:00,264.68076
2017-01-26 06:00:00,249.39114
2017-01-26 09:00:00,242.868
2017-01-26 12:00:00,239.03177
2017-01-26 15:00:00,248.69835
2017-01-26 18:00:00,262.1652
2017-01-26 21:00:00,269.80548
2017-01-27 00:00:00,269.40997
2017-01-27 03:00:00,270.0092
2017-01-27 06:00:00,277.41138
2017-01-27 09:00:00,284.36908
2017-01-27 12:00:00,290.3291
2017-01-27 15:00:00,295.7528
2017-01-27 18:00:00,299.90912
2017-01-27 21:00:00,301.96753
2017-01-28 00:00:00,303.06274
2017-01-28 03:00:00,303.98822
2017-01-28 06:00:00,304.891
2017-01-28 09:00:00,305.65137
2017-01-28 12:00:00,306.26764
2017-01-28 15:00:00,306.78937
2017-01-28 18:00:00,307.3097
2017-01-28 21:00:00,307.7674
2017-01-29 00:00:00,307.9093
2017-01-29 03:00:00,307.9087
2017-01-29 06:00:00,308.00818
2017-01-29 09:00:00,307.93225
2017-01-29 12:00:00,307.45007
2017-01-29 15:00:00,306.42578
2017-01-29 18:00:00,305.47046
2017-01-29 21:00:00,304.4458
2017-01-30 00:00:00,303.1632
2017-01-30 03:00:00,301.71338
2017-01-30 06:00:00,300.00806
2017-01-30 09:00:00,298.00793
2017-01-30 12:00:00,294.6333
2017-01-30 15:00:00,287.39844
2017-01-30 18:00:00,282.66553
2017-01-30 21:00:00,278.63428
2017-01-31 00:00:00,272.19165
2017-01-31 03:00:00,259.31293
2017-01-31 06:00:00,254.06535
2017-01-31 09:00:00,263.96887
2017-01-31 12:00:00,273.89246
2017-01-31 15:00:00,284.04974
2017-01-31 18:00:00,289.1421
2017-01-31 21:00:00,291.34216
2017-02-01 00:00:00,293.05573
2017-02-01 03:00:00,293.27826
2017-02-01 06:00:00,293.33862
2017-02-01 09:00:00,293.03772
2017-02-01 12:00:00,292.89087
2017-02-01 15:00:00,292.2954
2017-02-01 18:00:00,289.44287
2017-02-01 21:00:00,284.6183
2017-02-02 00:00:00,277.19385
2017-02-02 03:00:00,271.03906
2017-02-02 06:00:00,272.79712
2017-02-02 09:00:00,278.09387
2017-02-02 12:00:00,286.9214
2017-02-02 15:00:00,296.31207
2017-02-02 18:00:00,301.4773
2017-02-02 21:00:00,302.25146
2017-02-03 00:00:00,300.71497
2017-02-03 03:00:00,297.0337
2017-02-03 06:00:00,295.5094
2017-02-03 09:00:00,295.36975
2017-02-03 12:00:00,295.8064
2017-02-03 15:00:00,296.09265
2017-02-03 18:00:00,295.93066
2017-02-03 21:00:00,295.64136
2017-02-04 00:00:00,294.30505
2017-02-04 03:00:00,292.90747
2017-02-04 06:00:00,292.28516
2017-02-04 09:00:00,292.6631
2017-02-04 12:00:00,291.67236
2017-02-04 15:00:00,288.74597
2017-02-04 18:00:00,287.245
2017-02-04 21:00:00,288.34387
2017-02-05 00:00:00,288.43762
2017-02-05 03:00:00,291.3026
2017-02-05 06:00:00,294.94678
2017-02-05 09:00:00,299.6825
2017-02-05 12:00:00,302.13806
2017-02-05 15:00:00,304.69147
2017-02-05 18:00:00,305.76672
2017-02-05 21:00:00,305.26758
2017-02-06 00:00:00,304.23816
2017-02-06 03:00:00,303.23938
2017-02-06 06:00:00,302.46173
2017-02-06 09:00:00,301.89886
2017-02-06 12:00:00,301.42065
2017-02-06 15:00:00,300.94043
2017-02-06 18:00:00,300.38293
2017-02-06 21:00:00,299.72705
2017-02-07 00:00:00,298.922
2017-02-07 03:00:00,298.0797
2017-02-07 06:00:00,297.5027
2017-02-07 09:00:00,297.47815
2017-02-07 12:00:00,297.76862
2017-02-07 15:00:00,299.59613
2017-02-07 18:00:00,304.22748
2017-02-07 21:00:00,308.37036
2017-02-08 00:00:00,308.63464
2017-02-08 03:00:00,307.79297
2017-02-08 06:00:00,308.48627
2017-02-08 09:00:00,306.98444
2017-02-08 12:00:00,305.98157
2017-02-08 15:00:00,305.1565
2017-02-08 18:00:00,305.37524
2017-02-08 21:00:00,305.61145
2017-02-09 00:00:00,305.6491
2017-02-09 03:00:00,305.68378
2017-02-09 06:00:00,305.71118
2017-02-09 09:00:00,305.64355
2017-02-09 12:00:00,305.32166
2017-02-09 15:00:00,303.02393
2017-02-09 18:00:00,296.89087
2017-02-09 21:00:00,298.95422
2017-02-10 00:00:00,299.07642
2017-02-10 03:00:00,299.57153
2017-02-10 06:00:00,299.11743
2017-02-10 09:00:00,298.33966
2017-02-10 12:00:00,298.21112
2017-02-10 15:00:00,299.36023
2017-02-10 18:00:00,301.1256
2017-02-10 21:00:00,302.80487
2017-02-11 00:00:00,303.836
2017-02-11 03:00:00,304.11206
2017-02-11 06:00:00,303.97455
2017-02-11 09:00:00,303.57892
2017-02-11 12:00:00,304.23114
2017-02-11 15:00:00,304.11865
2017-02-11 18:00:00,303.1754
2017-02-11 21:00:00,301.06274
2017-02-12 00:00:00,294.60376
2017-02-12 03:00:00,278.93115
2017-02-12 06:00:00,261.32324
2017-02-12 09:00:00,251.78932
2017-02-12 12:00:00,252.03906
2017-02-12 15:00:00,250.34499
2017-02-12 18:00:00,250.05125
2017-02-12 21:00:00,255.9457
2017-02-13 00:00:00,265.13678
2017-02-13 03:00:00,276.33704
2017-02-13 06:00:00,276.21234
2017-02-13 09:00:00,273.65662
2017-02-13 12:00:00,270.83008
2017-02-13 15:00:00,268.9619
2017-02-13 18:00:00,267.66516
2017-02-13 21:00:00,266.7046
2017-02-14 00:00:00,258.33972
2017-02-14 03:00:00,257.06268
2017-02-14 06:00:00,261.04822
2017-02-14 09:00:00,265.65417
2017-02-14 12:00:00,268.65637
2017-02-14 15:00:00,271.22937
2017-02-14 18:00:00,273.5088
2017-02-14 21:00:00,275.3761
2017-02-15 00:00:00,276.78162
2017-02-15 03:00:00,277.7594
2017-02-15 06:00:00,278.7661
2017-02-15 09:00:00,280.54773
2017-02-15 12:00:00,279.49603
2017-02-15 15:00:00,275.93283
2017-02-15 18:00:00,274.26056
2017-02-15 21:00:00,273.1182
2017-02-16 00:00:00,271.82956
2017-02-16 03:00:00,271.76627
2017-02-16 06:00:00,273.8003
2017-02-16 09:00:00,274.2113
2017-02-16 12:00:00,273.0875
2017-02-16 15:00:00,273.11145
2017-02-16 18:00:00,274.72028
2017-02-16 21:00:00,277.17645
2017-02-17 00:00:00,279.09174
2017-02-17 03:00:00,280.16565
2017-02-17 06:00:00,280.86
2017-02-17 09:00:00,281.44897
2017-02-17 12:00:00,281.97656
2017-02-17 15:00:00,282.58313
2017-02-17 18:00:00,283.47876
2017-02-17 21:00:00,283.98505
2017-02-18 00:00:00,285.37732
2017-02-18 03:00:00,286.03607
2017-02-18 06:00:00,287.3521
2017-02-18 09:00:00,288.50916
2017-02-18 12:00:00,290.2199
2017-02-18 15:00:00,291.9041
2017-02-18 18:00:00,295.62958
2017-02-18 21:00:00,299.41522
2017-02-19 00:00:00,298.0031
2017-02-19 03:00:00,296.98773
2017-02-19 06:00:00,299.30554
2017-02-19 09:00:00,304.8307
2017-02-19 12:00:00,309.68445
2017-02-19 15:00:00,309.89282
2017-02-19 18:00:00,307.12878
2017-02-19 21:00:00,306.64166
2017-02-20 00:00:00,308.99286
2017-02-20 03:00:00,310.49255
2017-02-20 06:00:00,319.81155
2017-02-20 09:00:00,328.91632
2017-02-20 12:00:00,328.347
2017-02-20 15:00:00,319.3112
2017-02-20 18:00:00,312.48584
2017-02-20 21:00:00,310.719
2017-02-21 00:00:00,309.52563
2017-02-21 03:00:00,309.0316
2017-02-21 06:00:00,309.9334
2017-02-21 09:00:00,309.95355
2017-02-21 12:00:00,308.0665
2017-02-21 15:00:00,305.5238
2017-02-21 18:00:00,303.15906
2017-02-21 21:00:00,301.4391
2017-02-22 00:00:00,299.52454
2017-02-22 03:00:00,297.9179
2017-02-22 06:00:00,296.8443
2017-02-22 09:00:00,296.51764
2017-02-22 12:00:00,296.3803
2017-02-22 15:00:00,296.5251
2017-02-22 18:00:00,297.46985
2017-02-22 21:00:00,298.72894
2017-02-23 00:00:00,299.24414
2017-02-23 03:00:00,299.70593
2017-02-23 06:00:00,302.19205
2017-02-23 09:00:00,307.36948
2017-02-23 12:00:00,316.1273
2017-02-23 15:00:00,317.5562
2017-02-23 18:00:00,320.92694
2017-02-23 21:00:00,324.53336
2017-02-24 00:00:00,326.47803
2017-02-24 03:00:00,327.90652
2017-02-24 06:00:00,326.6098
2017-02-24 09:00:00,326.88306
2017-02-24 12:00:00,326.64893
2017-02-24 15:00:00,324.49927
2017-02-24 18:00:00,323.2113
2017-02-24 21:00:00,324.352
2017-02-25 00:00:00,323.83075
2017-02-25 03:00:00,323.35986
2017-02-25 06:00:00,323.34515
2017-02-25 09:00:00,323.49133
2017-02-25 12:00:00,323.73566
2017-02-25 15:00:00,323.77008
2017-02-25 18:00:00,323.9793
2017-02-25 21:00:00,324.3933
2017-02-26 00:00:00,324.11078
2017-02-26 03:00:00,322.37012
2017-02-26 06:00:00,319.39124
2017-02-26 09:00:00,316.635
2017-02-26 12:00:00,310.82983
2017-02-26 15:00:00,306.41418
2017-02-26 18:00:00,304.08838
2017-02-26 21:00:00,301.7624
2017-02-27 00:00:00,300.0398
2017-02-27 03:00:00,298.97797
2017-02-27 06:00:00,298.5235
2017-02-27 09:00:00,298.49945
2017-02-27 12:00:00,299.04303
2017-02-27 15:00:00,300.35382
2017-02-27 18:00:00,302.56592
2017-02-27 21:00:00,306.26248
2017-02-28 00:00:00,311.0195
2017-02-28 03:00:00,315.33017
2017-02-28 06:00:00,317.81757
2017-02-28 09:00:00,318.79523
2017-02-28 12:00:00,319.1616
2017-02-28 15:00:00,319.27356
2017-02-28 18:00:00,319.416
2017-02-28 21:00:00,319.60205
2017-03-01 00:00:00,319.80167
2017-03-01 03:00:00,319.9408
2017-03-01 06:00:00,320.00012
2017-03-01 09:00:00,319.94452
2017-03-01 12:00:00,319.74042
2017-03-01 15:00:00,319.45447
2017-03-01 18:00:00,319.15527
2017-03-01 21:00:00,318.8039
2017-03-02 00:00:00,318.29474
2017-03-02 03:00:00,317.89893
2017-03-02 06:00:00,317.74365
2017-03-02 09:00:00,317.86298
2017-03-02 12:00:00,317.91724
2017-03-02 15:00:00,317.65186
2017-03-02 18:00:00,317.13812
2017-03-02 21:00:00,316.30835
2017-03-03 00:00:00,314.7356
2017-03-03 03:00:00,309.48694
2017-03-03 06:00:00,296.18335
2017-03-03 09:00:00,297.54822
2017-03-03 12:00:00,296.56732
2017-03-03 15:00:00,292.91852
2017-03-03 18:00:00,293.50415
2017-03-03 21:00:00,293.9145
2017-03-04 00:00:00,292.8559
2017-03-04 03:00:00,287.49664
2017-03-04 06:00:00,274.14212
2017-03-04 09:00:00,280.91095
2017-03-04 12:00:00,286.9414
2017-03-04 15:00:00,290.46912
2017-03-04 18:00:00,291.53284
2017-03-04 21:00:00,291.5946
2017-03-05 00:00:00,291.42212
2017-03-05 03:00:00,291.01587
2017-03-05 06:00:00,291.50134
2017-03-05 09:00:00,292.22754
2017-03-05 12:00:00,293.06323
2017-03-05 15:00:00,293.96527
2017-03-05 18:00:00,294.86023
2017-03-05 21:00:00,295.6659
2017-03-06 00:00:00,296.2486
2017-03-06 03:00:00,297.04242
2017-03-06 06:00:00,298.55182
2017-03-06 09:00:00,300.40442
2017-03-06 12:00:00,301.91174
2017-03-06 15:00:00,303.72968
2017-03-06 18:00:00,305.18396
2017-03-06 21:00:00,306.00073
2017-03-07 00:00:00,305.72418
2017-03-07 03:00:00,305.8913
2017-03-07 06:00:00,307.28345
2017-03-07 09:00:00,308.5498
2017-03-07 12:00:00,307.37177
2017-03-07 15:00:00,306.57935
2017-03-07 18:00:00,307.0393
2017-03-07 21:00:00,307.4928
2017-03-08 00:00:00,308.2904
2017-03-08 03:00:00,307.8167
2017-03-08 06:00:00,307.11768
2017-03-08 09:00:00,306.40778
2017-03-08 12:00:00,305.71423
2017-03-08 15:00:00,304.55487
2017-03-08 18:00:00,303.4535
2017-03-08 21:00:00,302.2196
2017-03-09 00:00:00,300.84857
2017-03-09 03:00:00,299.42474
2017-03-09 06:00:00,297.8473
2017-03-09 09:00:00,294.93243
2017-03-09 12:00:00,291.00232
2017-03-09 15:00:00,288.53342
2017-03-09 18:00:00,287.903
2017-03-09 21:00:00,288.02747
2017-03-10 00:00:00,287.8538
2017-03-10 03:00:00,288.18042
2017-03-10 06:00:00,288.84705
2017-03-10 09:00:00,289.49298
2017-03-10 12:00:00,290.1172
2017-03-10 15:00:00,290.2511
2017-03-10 18:00:00,290.04095
2017-03-10 21:00:00,289.86255
2017-03-11 00:00:00,289.69678
2017-03-11 03:00:00,289.47766
2017-03-11 06:00:00,289.66626
2017-03-11 09:00:00,292.72803
2017-03-11 12:00:00,304.8683
2017-03-11 15:00:00,306.8916
2017-03-11 18:00:00,314.45477
2017-03-11 21:00:00,322.40826
2017-03-12 00:00:00,326.37537
2017-03-12 03:00:00,326.23083
2017-03-12 06:00:00,328.98712
2017-03-12 09:00:00,332.19287
2017-03-12 12:00:00,327.13037
2017-03-12 15:00:00,326.5169
2017-03-12 18:00:00,331.83026
2017-03-12 21:00:00,334.90924
2017-03-13 00:00:00,336.28033
2017-03-13 03:00:00,335.94983
2017-03-13 06:00:00,334.24805
2017-03-13 09:00:00,332.0548
2017-03-13 12:00:00,326.42224
2017-03-13 15:00:00,323.01617
2017-03-13 18:00:00,319.4784
2017-03-13 21:00:00,319.1955
2017-03-14 00:00:00,319.55804
2017-03-14 03:00:00,321.14172
2017-03-14 06:00:00,325.34393
2017-03-14 09:00:00,328.61108
2017-03-14 12:00:00,328.72437
2017-03-14 15:00:00,324.35202
2017-03-14 18:00:00,322.1252
2017-03-14 21:00:00,324.31287
2017-03-15 00:00:00,319.6123
2017-03-15 03:00:00,315.3369
2017-03-15 06:00:00,312.026
2017-03-15 09:00:00,311.06567
2017-03-15 12:00:00,309.3885
2017-03-15 15:00:00,307.3377
2017-03-15 18:00:00,306.172
2017-03-15 21:00:00,306.0238
2017-03-16 00:00:00,306.14618
2017-03-16 03:00:00,306.19434
2017-03-16 06:00:00,306.68378
2017-03-16 09:00:00,307.7677
2017-03-16 12:00:00,307.5896
2017-03-16 15:00:00,305.8518
2017-03-16 18:00:00,306.12915
2017-03-16 21:00:00,308.58752
2017-03-17 00:00:00,307.99884
2017-03-17 03:00:00,308.4627
2017-03-17 06:00:00,308.59753
2017-03-17 09:00:00,309.06262
2017-03-17 12:00:00,308.7458
2017-03-17 15:00:00,308.30133
2017-03-17 18:00:00,309.13428
2017-03-17 21:00:00,311.0871
2017-03-18 00:00:00,313.76593
2017-03-18 03:00:00,314.9729
2017-03-18 06:00:00,316.07977
2017-03-18 09:00:00,317.7507
2017-03-18 12:00:00,319.1334
2017-03-18 15:00:00,320.62363
2017-03-18 18:00:00,322.20245
2017-03-18 21:00:00,324.49307
2017-03-19 00:00:00,325.57233
2017-03-19 03:00:00,325.31287
2017-03-19 06:00:00,325.02667
2017-03-19 09:00:00,324.6855
2017-03-19 12:00:00,324.242
2017-03-19 15:00:00,323.82996
2017-03-19 18:00:00,324.2912
2017-03-19 21:00:00,325.93622
2017-03-20 00:00:00,328.0198
2017-03-20 03:00:00,327.15283
2017-03-20 06:00:00,326.34064
2017-03-20 09:00:00,326.20337
2017-03-20 12:00:00,324.0805
2017-03-20 15:00:00,322.99353
2017-03-20 18:00:00,321.6942
2017-03-20 21:00:00,322.5808
2017-03-21 00:00:00,317.7981
2017-03-21 03:00:00,313.30298
2017-03-21 06:00:00,310.07764
2017-03-21 09:00:00,307.14258
2017-03-21 12:00:00,305.40045
2017-03-21 15:00:00,305.60333
2017-03-21 18:00:00,310.633
2017-03-21 21:00:00,314.45312
2017-03-22 00:00:00,311.4071
2017-03-22 03:00:00,309.3546
2017-03-22 06:00:00,308.62598
2017-03-22 09:00:00,307.2915
2017-03-22 12:00:00,306.1026
2017-03-22 15:00:00,311.12146
2017-03-22 18:00:00,316.34314
2017-03-22 21:00:00,319.05768
2017-03-23 00:00:00,319.12878
2017-03-23 03:00:00,318.6576
2017-03-23 06:00:00,318.14478
2017-03-23 09:00:00,318.59448
2017-03-23 12:00:00,318.30103
2017-03-23 15:00:00,317.5783
2017-03-23 18:00:00,317.1507
2017-03-23 21:00:00,317.9762
2017-03-24 00:00:00,318.38428
2017-03-24 03:00:00,318.42432
2017-03-24 06:00:00,318.7011
2017-03-24 09:00:00,319.16663
2017-03-24 12:00:00,319.71893
2017-03-24 15:00:00,320.0349
2017-03-24 18:00:00,318.44006
2017-03-24 21:00:00,313.60254
2017-03-25 00:00:00,295.48938
2017-03-25 03:00:00,291.99036
2017-03-25 06:00:00,295.27374
2017-03-25 09:00:00,300.4574
2017-03-25 12:00:00,302.35962
2017-03-25 15:00:00,301.44604
2017-03-25 18:00:00,300.15234
2017-03-25 21:00:00,298.54346
2017-03-26 00:00:00,298.813
2017-03-26 03:00:00,296.65576
2017-03-26 06:00:00,291.36792
2017-03-26 09:00:00,267.45557
2017-03-26 12:00:00,213.59085
2017-03-26 15:00:00,218.82095
2017-03-26 18:00:00,243.97835
2017-03-26 21:00:00,259.88837
2017-03-27 00:00:00,261.19458
2017-03-27 03:00:00,262.00098
2017-03-27 06:00:00,263.41577
2017-03-27 09:00:00,265.67212
2017-03-27 12:00:00,269.61108
2017-03-27 15:00:00,274.07324
2017-03-27 18:00:00,278.56982
2017-03-27 21:00:00,282.6737
2017-03-28 00:00:00,286.0603
2017-03-28 03:00:00,288.85364
2017-03-28 06:00:00,291.05054
2017-03-28 09:00:00,292.68823
2017-03-28 12:00:00,293.5786
2017-03-28 15:00:00,293.47278
2017-03-28 18:00:00,292.51343
2017-03-28 21:00:00,291.0254
2017-03-29 00:00:00,289.5868
2017-03-29 03:00:00,289.0752
2017-03-29 06:00:00,289.52515
2017-03-29 09:00:00,290.5348
2017-03-29 12:00:00,291.52667
2017-03-29 15:00:00,292.24683
2017-03-29 18:00:00,292.6806
2017-03-29 21:00:00,292.8075
2017-03-30 00:00:00,292.69836
2017-03-30 03:00:00,292.37732
2017-03-30 06:00:00,291.92975
2017-03-30 09:00:00,291.37878
2017-03-30 12:00:00,290.80652
2017-03-30 15:00:00,290.4096
2017-03-30 18:00:00,290.2307
2017-03-30 21:00:00,290.14856
2017-03-31 00:00:00,290.04053
2017-03-31 03:00:00,289.90466
2017-03-31 06:00:00,289.68622
2017-03-31 09:00:00,289.35803
2017-03-31 12:00:00,288.94257
2017-03-31 15:00:00,288.5255
2017-03-31 18:00:00,288.47705
2017-03-31 21:00:00,289.26636
2017-04-01 00:00:00,289.774
2017-04-01 03:00:00,290.3062
2017-04-01 06:00:00,291.7663
2017-04-01 09:00:00,293.71216
2017-04-01 12:00:00,294.3454
2017-04-01 15:00:00,296.0172
2017-04-01 18:00:00,300.14978
2017-04-01 21:00:00,305.50494
2017-04-02 00:00:00,307.5157
2017-04-02 03:00:00,308.06427
2017-04-02 06:00:00,308.68127
2017-04-02 09:00:00,309.88568
2017-04-02 12:00:00,309.28192
2017-04-02 15:00:00,310.12146
2017-04-02 18:00:00,310.82385
2017-04-02 21:00:00,311.477
2017-04-03 00:00:00,313.70514
2017-04-03 03:00:00,311.9745
2017-04-03 06:00:00,307.26245
2017-04-03 09:00:00,301.7119
2017-04-03 12:00:00,296.0249
2017-04-03 15:00:00,293.06342
2017-04-03 18:00:00,293.75507
2017-04-03 21:00:00,295.61035
2017-04-04 00:00:00,296.55157
2017-04-04 03:00:00,295.3761
2017-04-04 06:00:00,295.5321
2017-04-04 09:00:00,295.01178
2017-04-04 12:00:00,294.31348
2017-04-04 15:00:00,294.76215
2017-04-04 18:00:00,296.9619
2017-04-04 21:00:00,298.79028
2017-04-05 00:00:00,299.08173
2017-04-05 03:00:00,299.61438
2017-04-05 06:00:00,301.03027
2017-04-05 09:00:00,303.14056
2017-04-05 12:00:00,305.9395
2017-04-05 15:00:00,309.219
2017-04-05 18:00:00,312.88422
2017-04-05 21:00:00,316.45032
2017-04-06 00:00:00,319.2578
2017-04-06 03:00:00,321.25226
2017-04-06 06:00:00,322.13474
2017-04-06 09:00:00,323.2031
2017-04-06 12:00:00,323.6364
2017-04-06 15:00:00,323.5628
2017-04-06 18:00:00,323.35162
2017-04-06 21:00:00,323.16858
2017-04-07 00:00:00,322.4566
2017-04-07 03:00:00,320.9461
2017-04-07 06:00:00,318.9911
2017-04-07 09:00:00,316.5027
2017-04-07 12:00:00,313.5702
2017-04-07 15:00:00,310.74316
2017-04-07 18:00:00,308.349
2017-04-07 21:00:00,306.53033
2017-04-08 00:00:00,304.41864
2017-04-08 03:00:00,301.28992
2017-04-08 06:00:00,297.92584
2017-04-08 09:00:00,295.9702
2017-04-08 12:00:00,294.0113
2017-04-08 15:00:00,291.43964
2017-04-08 18:00:00,289.7965
2017-04-08 21:00:00,288.69946
2017-04-09 00:00:00,286.8204
2017-04-09 03:00:00,280.25946
2017-04-09 06:00:00,184.50061
2017-04-09 09:00:00,142.23209
2017-04-09 12:00:00,152.17676
2017-04-09 15:00:00,158.65663
2017-04-09 18:00:00,177.11742
2017-04-09 21:00:00,207.09395
2017-04-10 00:00:00,177.162
2017-04-10 03:00:00,169.39111
2017-04-10 06:00:00,291.64935
2017-04-10 09:00:00,308.15686
2017-04-10 12:00:00,309.78943
2017-04-10 15:00:00,311.39966
2017-04-10 18:00:00,312.7268
2017-04-10 21:00:00,313.0476
2017-04-11 00:00:00,312.9702
2017-04-11 03:00:00,313.08063
2017-04-11 06:00:00,313.383
2017-04-11 09:00:00,313.59607
2017-04-11 12:00:00,313.7508
2017-04-11 15:00:00,313.17523
2017-04-11 18:00:00,312.7754
2017-04-11 21:00:00,313.27917
2017-04-12 00:00:00,314.87
2017-04-12 03:00:00,315.79663
2017-04-12 06:00:00,316.35437
2017-04-12 09:00:00,317.54126
2017-04-12 12:00:00,317.64966
2017-04-12 15:00:00,317.0443
2017-04-12 18:00:00,314.98267
2017-04-12 21:00:00,312.96472
2017-04-13 00:00:00,310.04126
2017-04-13 03:00:00,306.4148
2017-04-13 06:00:00,303.1289
2017-04-13 09:00:00,300.80054
2017-04-13 12:00:00,298.2683
2017-04-13 15:00:00,300.05273
2017-04-13 18:00:00,302.14087
2017-04-13 21:00:00,301.97632
2017-04-14 00:00:00,297.4978
2017-04-14 03:00:00,292.55127
2017-04-14 06:00:00,288.51025
2017-04-14 09:00:00,286.75415
2017-04-14 12:00:00,284.58716
2017-04-14 15:00:00,284.18237
2017-04-14 18:00:00,287.88574
2017-04-14 21:00:00,295.39307
2017-04-15 00:00:00,299.18774
2017-04-15 03:00:00,302.74292
2017-04-15 06:00:00,305.58887
2017-04-15 09:00:00,306.5359
2017-04-15 12:00:00,304.19775
2017-04-15 15:00:00,306.67773
2017-04-15 18:00:00,313.86182
2017-04-15 21:00:00,317.17395
2017-04-16 00:00:00,318.70325
2017-04-16 03:00:00,319.4618
2017-04-16 06:00:00,319.9624
2017-04-16 09:00:00,316.0625
2017-04-16 12:00:00,311.4297
2017-04-16 15:00:00,310.70386
2017-04-16 18:00:00,310.1858
2017-04-16 21:00:00,311.29846
2017-04-17 00:00:00,308.8546
2017-04-17 03:00:00,308.67627
2017-04-17 06:00:00,309.32068
2017-04-17 09:00:00,308.7832
2017-04-17 12:00:00,308.65308
2017-04-17 15:00:00,307.57104
2017-04-17 18:00:00,309.14087
2017-04-17 21:00:00,312.62146
2017-04-18 00:00:00,315.8401
2017-04-18 03:00:00,325.24268
2017-04-18 06:00:00,335.1477
2017-04-18 09:00:00,332.7754
2017-04-18 12:00:00,350.10202
2017-04-18 15:00:00,352.4269
2017-04-18 18:00:00,345.79272
2017-04-18 21:00:00,338.83978
2017-04-19 00:00:00,332.17346
2017-04-19 03:00:00,326.40283
2017-04-19 06:00:00,321.89062
2017-04-19 09:00:00,319.12036
2017-04-19 12:00:00,315.0785
2017-04-19 15:00:00,300.86743
2017-04-19 18:00:00,297.35254
2017-04-19 21:00:00,301.42407
2017-04-20 00:00:00,185.41798
2017-04-20 03:00:00,144.61963
2017-04-20 06:00:00,134.89427
2017-04-20 09:00:00,129.0849
2017-04-20 12:00:00,130.89256
2017-04-20 15:00:00,134.6609
2017-04-20 18:00:00,135.84782
2017-04-20 21:00:00,127.69548
2017-04-21 00:00:00,125.87273
2017-04-21 03:00:00,123.85248
2017-04-21 06:00:00,123.53964
2017-04-21 09:00:00,125.677
2017-04-21 12:00:00,130.74263
2017-04-21 15:00:00,134.12204
2017-04-21 18:00:00,136.67575
2017-04-21 21:00:00,135.3218
2017-04-22 00:00:00,134.63766
2017-04-22 03:00:00,132.81303
2017-04-22 06:00:00,125.78459
2017-04-22 09:00:00,103.8215
2017-04-22 12:00:00,19.415634
2017-04-22 15:00:00,326.9568
2017-04-22 18:00:00,320.67212
2017-04-22 21:00:00,320.5409
2017-04-23 00:00:00,321.78943
2017-04-23 03:00:00,321.6277
2017-04-23 06:00:00,321.10986
2017-04-23 09:00:00,320.2002
2017-04-23 12:00:00,318.1255
2017-04-23 15:00:00,314.8213
2017-04-23 18:00:00,313.96265
2017-04-23 21:00:00,313.83203
2017-04-24 00:00:00,313.266
2017-04-24 03:00:00,312.00793
2017-04-24 06:00:00,310.6184
2017-04-24 09:00:00,309.25916
2017-04-24 12:00:00,308.00488
2017-04-24 15:00:00,305.3452
2017-04-24 18:00:00,304.33105
2017-04-24 21:00:00,305.34595
2017-04-25 00:00:00,307.0214
2017-04-25 03:00:00,309.52472
2017-04-25 06:00:00,312.3866
2017-04-25 09:00:00,318.50323
2017-04-25 12:00:00,316.09692
2017-04-25 15:00:00,315.61243
2017-04-25 18:00:00,318.5022
2017-04-25 21:00:00,322.7976
2017-04-26 00:00:00,319.17444
2017-04-26 03:00:00,314.76428
2017-04-26 06:00:00,312.66602
2017-04-26 09:00:00,313.04834
2017-04-26 12:00:00,310.8531
2017-04-26 15:00:00,315.4862
2017-04-26 18:00:00,322.79678
2017-04-26 21:00:00,328.22687
2017-04-27 00:00:00,330.50113
2017-04-27 03:00:00,331.45538
2017-04-27 06:00:00,331.70355
2017-04-27 09:00:00,331.986
2017-04-27 12:00:00,331.85162
2017-04-27 15:00:00,330.94513
2017-04-27 18:00:00,330.6067
2017-04-27 21:00:00,330.6187
2017-04-28 00:00:00,331.3833
2017-04-28 03:00:00,331.36792
2017-04-28 06:00:00,331.98627
2017-04-28 09:00:00,334.57996
2017-04-28 12:00:00,337.4629
2017-04-28 15:00:00,336.10522
2017-04-28 18:00:00,332.8104
2017-04-28 21:00:00,328.35388
2017-04-29 00:00:00,320.73486
2017-04-29 03:00:00,311.8728
2017-04-29 06:00:00,302.10962
2017-04-29 09:00:00,294.1272
2017-04-29 12:00:00,291.1145
2017-04-29 15:00:00,298.2036
2017-04-29 18:00:00,304.266
2017-04-29 21:00:00,304.76172
2017-04-30 00:00:00,301.7527
2017-04-30 03:00:00,292.5161
2017-04-30 06:00:00,280.39868
2017-04-30 09:00:00,277.15906
2017-04-30 12:00:00,286.1732
2017-04-30 15:00:00,298.6502
2017-04-30 18:00:00,307.4502
2017-04-30 21:00:00,313.26587
2017-05-01 00:00:00,315.48212
2017-05-01 03:00:00,315.88568
2017-05-01 06:00:00,316.29114
2017-05-01 09:00:00,316.61786
2017-05-01 12:00:00,315.95587
2017-05-01 15:00:00,315.67346
2017-05-01 18:00:00,316.20087
2017-05-01 21:00:00,317.55023
2017-05-02 00:00:00,317.70685
2017-05-02 03:00:00,317.41412
2017-05-02 06:00:00,317.55548
2017-05-02 09:00:00,317.79956
2017-05-02 12:00:00,317.00635
2017-05-02 15:00:00,316.31262
2017-05-02 18:00:00,315.969
2017-05-02 21:00:00,316.18225
2017-05-03 00:00:00,316.07977
2017-05-03 03:00:00,314.72656
2017-05-03 06:00:00,312.0664
2017-05-03 09:00:00,308.00037
2017-05-03 12:00:00,303.12268
2017-05-03 15:00:00,297.7672
2017-05-03 18:00:00,292.82428
2017-05-03 21:00:00,288.9726
2017-05-04 00:00:00,285.23813
2017-05-04 03:00:00,282.63568
2017-05-04 06:00:00,282.91595
2017-05-04 09:00:00,284.01654
2017-05-04 12:00:00,284.82166
2017-05-04 15:00:00,283.97095
2017-05-04 18:00:00,285.16284
2017-05-04 21:00:00,286.16925
2017-05-05 00:00:00,284.92102
2017-05-05 03:00:00,285.35522
2017-05-05 06:00:00,283.55078
2017-05-05 09:00:00,279.33716
2017-05-05 12:00:00,277.72644
2017-05-05 15:00:00,277.39258
2017-05-05 18:00:00,278.8141
2017-05-05 21:00:00,279.5658
2017-05-06 00:00:00,279.44873
2017-05-06 03:00:00,279.23474
2017-05-06 06:00:00,279.79822
2017-05-06 09:00:00,280.91565
2017-05-06 12:00:00,281.61243
2017-05-06 15:00:00,281.64563
2017-05-06 18:00:00,281.69543
2017-05-06 21:00:00,281.4004
2017-05-07 00:00:00,280.59106
2017-05-07 03:00:00,280.14172
2017-05-07 06:00:00,279.74402
2017-05-07 09:00:00,280.31982
2017-05-07 12:00:00,278.86536
2017-05-07 15:00:00,278.12207
2017-05-07 18:00:00,277.86792
2017-05-07 21:00:00,278.15808
2017-05-08 00:00:00,278.6942
2017-05-08 03:00:00,279.17047
2017-05-08 06:00:00,279.51312
2017-05-08 09:00:00,279.72083
2017-05-08 12:00:00,279.88373
2017-05-08 15:00:00,280.11737
2017-05-08 18:00:00,280.29358
2017-05-08 21:00:00,280.27582
2017-05-09 00:00:00,280.10938
2017-05-09 03:00:00,279.7212
2017-05-09 06:00:00,279.18115
2017-05-09 09:00:00,278.59778
2017-05-09 12:00:00,276.3034
2017-05-09 15:00:00,268.4807
2017-05-09 18:00:00,266.5542
2017-05-09 21:00:00,268.12543
2017-05-10 00:00:00,268.5681
2017-05-10 03:00:00,268.4541
2017-05-10 06:00:00,266.74402
2017-05-10 09:00:00,260.0959
2017-05-10 12:00:00,248.80885
2017-05-10 15:00:00,246.06483
2017-05-10 18:00:00,250.7892
2017-05-10 21:00:00,255.09389
2017-05-11 00:00:00,255.58981
2017-05-11 03:00:00,254.7077
2017-05-11 06:00:00,255.01741
2017-05-11 09:00:00,255.4612
2017-05-11 12:00:00,253.43207
2017-05-11 15:00:00,251.50764
2017-05-11 18:00:00,251.55423
2017-05-11 21:00:00,252.44124
2017-05-12 00:00:00,252.02646
2017-05-12 03:00:00,254.95062
2017-05-12 06:00:00,259.40808
2017-05-12 09:00:00,262.9591
2017-05-12 12:00:00,264.19702
2017-05-12 15:00:00,264.28235
2017-05-12 18:00:00,264.4685
2017-05-12 21:00:00,265.1593
2017-05-13 00:00:00,265.9773
2017-05-13 03:00:00,266.98865
2017-05-13 06:00:00,268.28442
2017-05-13 09:00:00,270.10974
2017-05-13 12:00:00,272.27417
2017-05-13 15:00:00,274.68286
2017-05-13 18:00:00,278.00122
2017-05-13 21:00:00,282.4519
2017-05-14 00:00:00,286.66626
2017-05-14 03:00:00,290.1931
2017-05-14 06:00:00,293.1372
2017-05-14 09:00:00,295.26636
2017-05-14 12:00:00,295.54834
2017-05-14 15:00:00,295.67505
2017-05-14 18:00:00,295.73755
2017-05-14 21:00:00,295.89014
2017-05-15 00:00:00,296.3634
2017-05-15 03:00:00,297.47058
2017-05-15 06:00:00,299.0995
2017-05-15 09:00:00,299.6599
2017-05-15 12:00:00,298.9486
2017-05-15 15:00:00,298.94348
2017-05-15 18:00:00,301.318
2017-05-15 21:00:00,307.25912
2017-05-16 00:00:00,308.62732
2017-05-16 03:00:00,306.17297
2017-05-16 06:00:00,301.41016
2017-05-16 09:00:00,296.40186
2017-05-16 12:00:00,292.1908
2017-05-16 15:00:00,289.19812
2017-05-16 18:00:00,288.1174
2017-05-16 21:00:00,289.67267
2017-05-17 00:00:00,291.02988
2017-05-17 03:00:00,290.0171
2017-05-17 06:00:00,288.5182
2017-05-17 09:00:00,287.2813
2017-05-17 12:00:00,286.72778
2017-05-17 15:00:00,293.8352
2017-05-17 18:00:00,306.8395
2017-05-17 21:00:00,319.40692
2017-05-18 00:00:00,324.9746
2017-05-18 03:00:00,328.81042
2017-05-18 06:00:00,330.47156
2017-05-18 09:00:00,332.33606
2017-05-18 12:00:00,329.7201
2017-05-18 15:00:00,327.10645
2017-05-18 18:00:00,329.47314
2017-05-18 21:00:00,333.94354
2017-05-19 00:00:00,336.72797
2017-05-19 03:00:00,339.26953
2017-05-19 06:00:00,342.11353
2017-05-19 09:00:00,343.14294
2017-05-19 12:00:00,337.2301
2017-05-19 15:00:00,333.06848
2017-05-19 18:00:00,331.54816
2017-05-19 21:00:00,333.58673
2017-05-20 00:00:00,335.12427
2017-05-20 03:00:00,336.64673
2017-05-20 06:00:00,337.1032
2017-05-20 09:00:00,335.6599
2017-05-20 12:00:00,332.44714
2017-05-20 15:00:00,330.89
2017-05-20 18:00:00,330.52026
2017-05-20 21:00:00,330.7583
2017-05-21 00:00:00,331.8003
2017-05-21 03:00:00,339.36133
2017-05-21 06:00:00,90.51938
2017-05-21 09:00:00,132.81155
2017-05-21 12:00:00,140.64113
2017-05-21 15:00:00,292.19592
2017-05-21 18:00:00,314.98877
2017-05-21 21:00:00,314.7793
2017-05-22 00:00:00,312.47742
2017-05-22 03:00:00,311.3412
2017-05-22 06:00:00,311.99078
2017-05-22 09:00:00,313.86743
2017-05-22 12:00:00,315.12018
2017-05-22 15:00:00,319.2627
2017-05-22 18:00:00,324.237
2017-05-22 21:00:00,329.1182
2017-05-23 00:00:00,330.11374
2017-05-23 03:00:00,328.07452
2017-05-23 06:00:00,326.3512
2017-05-23 09:00:00,323.85706
2017-05-23 12:00:00,320.87292
2017-05-23 15:00:00,317.68372
2017-05-23 18:00:00,315.52795
2017-05-23 21:00:00,313.73145
2017-05-24 00:00:00,312.21204
2017-05-24 03:00:00,310.92358
2017-05-24 06:00:00,309.52307
2017-05-24 09:00:00,307.7456
2017-05-24 12:00:00,305.67358
2017-05-24 15:00:00,302.17682
2017-05-24 18:00:00,299.67664
2017-05-24 21:00:00,298.32294
2017-05-25 00:00:00,297.09424
2017-05-25 03:00:00,295.94714
2017-05-25 06:00:00,295.20398
2017-05-25 09:00:00,294.2979
2017-05-25 12:00:00,292.26813
2017-05-25 15:00:00,291.04694
2017-05-25 18:00:00,291.12207
2017-05-25 21:00:00,291.5563
2017-05-26 00:00:00,291.85736
2017-05-26 03:00:00,292.23456
2017-05-26 06:00:00,292.38336
2017-05-26 09:00:00,293.3806
2017-05-26 12:00:00,292.79883
2017-05-26 15:00:00,293.4773
2017-05-26 18:00:00,294.20197
2017-05-26 21:00:00,295.95142
2017-05-27 00:00:00,295.11987
2017-05-27 03:00:00,293.9803
2017-05-27 06:00:00,293.03802
2017-05-27 09:00:00,292.23883
2017-05-27 12:00:00,291.59924
2017-05-27 15:00:00,291.17334
2017-05-27 18:00:00,291.1958
2017-05-27 21:00:00,291.3004
2017-05-28 00:00:00,291.40344
2017-05-28 03:00:00,291.2541
2017-05-28 06:00:00,290.64154
2017-05-28 09:00:00,286.88293
2017-05-28 12:00:00,280.1455
2017-05-28 15:00:00,274.859
2017-05-28 18:00:00,275.03723
2017-05-28 21:00:00,275.82605
2017-05-29 00:00:00,276.9546
2017-05-29 03:00:00,277.1167
2017-05-29 06:00:00,276.9386
2017-05-29 09:00:00,276.75824
2017-05-29 12:00:00,276.76324
2017-05-29 15:00:00,277.47662
2017-05-29 18:00:00,281.6458
2017-05-29 21:00:00,287.1521
2017-05-30 00:00:00,291.24817
2017-05-30 03:00:00,296.61047
2017-05-30 06:00:00,298.83643
2017-05-30 09:00:00,300.94116
2017-05-30 12:00:00,301.604
2017-05-30 15:00:00,304.76624
2017-05-30 18:00:00,311.38855
2017-05-30 21:00:00,316.2444
2017-05-31 00:00:00,316.13855
2017-05-31 03:00:00,318.84497
2017-05-31 06:00:00,319.29114
2017-05-31 09:00:00,319.22876
2017-05-31 12:00:00,317.35132
2017-05-31 15:00:00,317.42358
2017-05-31 18:00:00,320.73547
2017-05-31 21:00:00,322.87158
2017-06-01 00:00:00,323.52454
2017-06-01 03:00:00,325.06927
2017-06-01 06:00:00,324.7436
2017-06-01 09:00:00,322.31732
2017-06-01 12:00:00,319.14062
2017-06-01 15:00:00,319.5255
2017-06-01 18:00:00,321.65125
2017-06-01 21:00:00,322.138
2017-06-02 00:00:00,320.2345
2017-06-02 03:00:00,320.49664
2017-06-02 06:00:00,318.28156
2017-06-02 09:00:00,315.61353
2017-06-02 12:00:00,313.31433
2017-06-02 15:00:00,312.8385
2017-06-02 18:00:00,315.2301
2017-06-02 21:00:00,318.16724
2017-06-03 00:00:00,317.63342
2017-06-03 03:00:00,319.9068
2017-06-03 06:00:00,321.7608
2017-06-03 09:00:00,325.08356
2017-06-03 12:00:00,323.38007
2017-06-03 15:00:00,323.3448
2017-06-03 18:00:00,326.40488
2017-06-03 21:00:00,329.21466
2017-06-04 00:00:00,331.4295
2017-06-04 03:00:00,332.23907
2017-06-04 06:00:00,332.31274
2017-06-04 09:00:00,332.83026
2017-06-04 12:00:00,329.59637
2017-06-04 15:00:00,328.08044
2017-06-04 18:00:00,328.1494
2017-06-04 21:00:00,330.18744
2017-06-05 00:00:00,331.26874
2017-06-05 03:00:00,331.56488
2017-06-05 06:00:00,332.76416
2017-06-05 09:00:00,332.43945
2017-06-05 12:00:00,327.20532
2017-06-05 15:00:00,324.1388
2017-06-05 18:00:00,323.69556
2017-06-05 21:00:00,323.68445
2017-06-06 00:00:00,321.30005
2017-06-06 03:00:00,318.85437
2017-06-06 06:00:00,316.21448
2017-06-06 09:00:00,315.57837
2017-06-06 12:00:00,315.4807
2017-06-06 15:00:00,315.20453
2017-06-06 18:00:00,318.37384
2017-06-06 21:00:00,321.8247
2017-06-07 00:00:00,322.32532
2017-06-07 03:00:00,324.63074
2017-06-07 06:00:00,323.65143
2017-06-07 09:00:00,321.4986
2017-06-07 12:00:00,318.37488
2017-06-07 15:00:00,316.95245
2017-06-07 18:00:00,316.8064
2017-06-07 21:00:00,316.84848
2017-06-08 00:00:00,317.5402
2017-06-08 03:00:00,318.09637
2017-06-08 06:00:00,318.36316
2017-06-08 09:00:00,318.3709
2017-06-08 12:00:00,318.28412
2017-06-08 15:00:00,319.5396
2017-06-08 18:00:00,321.32208
2017-06-08 21:00:00,323.4098
2017-06-09 00:00:00,324.12988
2017-06-09 03:00:00,326.51562
2017-06-09 06:00:00,323.93018
2017-06-09 09:00:00,316.08667
2017-06-09 12:00:00,308.58276
2017-06-09 15:00:00,306.61853
2017-06-09 18:00:00,306.99414
2017-06-09 21:00:00,308.84973
2017-06-10 00:00:00,307.54102
2017-06-10 03:00:00,307.84827
2017-06-10 06:00:00,307.6565
2017-06-10 09:00:00,305.91052
2017-06-10 12:00:00,305.64148
2017-06-10 15:00:00,308.8783
2017-06-10 18:00:00,310.3493
2017-06-10 21:00:00,309.4051
2017-06-11 00:00:00,308.206
2017-06-11 03:00:00,306.3454
2017-06-11 06:00:00,304.85938
2017-06-11 09:00:00,304.0578
2017-06-11 12:00:00,303.61884
2017-06-11 15:00:00,304.29706
2017-06-11 18:00:00,306.34308
2017-06-11 21:00:00,308.40765
2017-06-12 00:00:00,308.15875
2017-06-12 03:00:00,307.12817
2017-06-12 06:00:00,306.94135
2017-06-12 09:00:00,307.76642
2017-06-12 12:00:00,308.3606
2017-06-12 15:00:00,309.26715
2017-06-12 18:00:00,311.39957
2017-06-12 21:00:00,314.6517
2017-06-13 00:00:00,315.78375
2017-06-13 03:00:00,316.00763
2017-06-13 06:00:00,316.6087
2017-06-13 09:00:00,317.35162
2017-06-13 12:00:00,316.7948
2017-06-13 15:00:00,316.06348
2017-06-13 18:00:00,315.31726
2017-06-13 21:00:00,314.55164
2017-06-14 00:00:00,313.77972
2017-06-14 03:00:00,313.07074
2017-06-14 06:00:00,312.65924
2017-06-14 09:00:00,312.46375
2017-06-14 12:00:00,312.21704
2017-06-14 15:00:00,311.9477
2017-06-14 18:00:00,312.25195
2017-06-14 21:00:00,314.15894
2017-06-15 00:00:00,316.31845
2017-06-15 03:00:00,316.9443
2017-06-15 06:00:00,317.37195
2017-06-15 09:00:00,316.4713
2017-06-15 12:00:00,314.51703
2017-06-15 15:00:00,313.25348
2017-06-15 18:00:00,314.69016
2017-06-15 21:00:00,316.07217
2017-06-16 00:00:00,314.95752
2017-06-16 03:00:00,313.1385
2017-06-16 06:00:00,312.72913
2017-06-16 09:00:00,312.10425
2017-06-16 12:00:00,311.13568
2017-06-16 15:00:00,311.01556
2017-06-16 18:00:00,311.84393
2017-06-16 21:00:00,313.08005
2017-06-17 00:00:00,312.95013
2017-06-17 03:00:00,312.43903
2017-06-17 06:00:00,311.99506
2017-06-17 09:00:00,311.52466
2017-06-17 12:00:00,311.18225
2017-06-17 15:00:00,310.6023
2017-06-17 18:00:00,310.448
2017-06-17 21:00:00,311.21185
2017-06-18 00:00:00,311.21143
2017-06-18 03:00:00,310.96625
2017-06-18 06:00:00,310.50214
2017-06-18 09:00:00,309.7232
2017-06-18 12:00:00,308.44092
2017-06-18 15:00:00,305.5606
2017-06-18 18:00:00,305.38367
2017-06-18 21:00:00,304.58862
2017-06-19 00:00:00,303.51764
2017-06-19 03:00:00,301.778
2017-06-19 06:00:00,300.86932
2017-06-19 09:00:00,300.42786
2017-06-19 12:00:00,299.66724
2017-06-19 15:00:00,293.61838
2017-06-19 18:00:00,293.6034
2017-06-19 21:00:00,296.46338
2017-06-20 00:00:00,297.60498
2017-06-20 03:00:00,298.18127
2017-06-20 06:00:00,298.37823
2017-06-20 09:00:00,298.00354
2017-06-20 12:00:00,296.7663
2017-06-20 15:00:00,294.06296
2017-06-20 18:00:00,292.80902
2017-06-20 21:00:00,295.0183
2017-06-21 00:00:00,296.0056
2017-06-21 03:00:00,296.5952
2017-06-21 06:00:00,296.8855
2017-06-21 09:00:00,297.3396
2017-06-21 12:00:00,296.92163
2017-06-21 15:00:00,296.10052
2017-06-21 18:00:00,298.2292
2017-06-21 21:00:00,302.2605
2017-06-22 00:00:00,305.8235
2017-06-22 03:00:00,307.46887
2017-06-22 06:00:00,312.19995
2017-06-22 09:00:00,316.59753
2017-06-22 12:00:00,314.0421
2017-06-22 15:00:00,314.19446
2017-06-22 18:00:00,316.85645
2017-06-22 21:00:00,322.6294
2017-06-23 00:00:00,327.49194
2017-06-23 03:00:00,331.8479
2017-06-23 06:00:00,336.09436
2017-06-23 09:00:00,335.01074
2017-06-23 12:00:00,327.03906
2017-06-23 15:00:00,326.28516
2017-06-23 18:00:00,329.1621
2017-06-23 21:00:00,327.563
2017-06-24 00:00:00,329.6278
2017-06-24 03:00:00,331.7755
2017-06-24 06:00:00,335.4558
2017-06-24 09:00:00,340.79028
2017-06-24 12:00:00,335.65088
2017-06-24 15:00:00,332.38818
2017-06-24 18:00:00,336.01636
2017-06-24 21:00:00,338.23596
2017-06-25 00:00:00,336.12097
2017-06-25 03:00:00,334.16174
2017-06-25 06:00:00,335.20605
2017-06-25 09:00:00,333.24475
2017-06-25 12:00:00,327.63745
2017-06-25 15:00:00,324.56592
2017-06-25 18:00:00,326.8147
2017-06-25 21:00:00,326.10974
2017-06-26 00:00:00,324.67834
2017-06-26 03:00:00,324.2943
2017-06-26 06:00:00,321.97766
2017-06-26 09:00:00,319.2069
2017-06-26 12:00:00,316.2345
2017-06-26 15:00:00,314.52466
2017-06-26 18:00:00,314.69556
2017-06-26 21:00:00,317.73413
2017-06-27 00:00:00,318.3202
2017-06-27 03:00:00,319.9159
2017-06-27 06:00:00,321.52856
2017-06-27 09:00:00,321.99902
2017-06-27 12:00:00,319.09546
2017-06-27 15:00:00,314.6703
2017-06-27 18:00:00,313.48816
2017-06-27 21:00:00,314.60352
2017-06-28 00:00:00,314.34888
2017-06-28 03:00:00,311.386
2017-06-28 06:00:00,303.45386
2017-06-28 09:00:00,296.9673
2017-06-28 12:00:00,298.25854
2017-06-28 15:00:00,303.64484
2017-06-28 18:00:00,310.21274
2017-06-28 21:00:00,320.2829
2017-06-29 00:00:00,323.391
2017-06-29 03:00:00,325.47705
2017-06-29 06:00:00,326.56848
2017-06-29 09:00:00,326.61316
2017-06-29 12:00:00,324.63696
2017-06-29 15:00:00,322.79944
2017-06-29 18:00:00,324.19788
2017-06-29 21:00:00,328.72217
2017-06-30 00:00:00,330.06323
2017-06-30 03:00:00,329.90222
2017-06-30 06:00:00,329.7245
2017-06-30 09:00:00,330.938
2017-06-30 12:00:00,330.40906
2017-06-30 15:00:00,330.40826
2017-06-30 18:00:00,331.99353
2017-06-30 21:00:00,335.60922
2017-07-01 00:00:00,339.23126
2017-07-01 03:00:00,340.79547
2017-07-01 06:00:00,342.4286
2017-07-01 09:00:00,343.4602
2017-07-01 12:00:00,340.032
2017-07-01 15:00:00,335.52173
2017-07-01 18:00:00,334.383
2017-07-01 21:00:00,337.00998
2017-07-02 00:00:00,338.40173
2017-07-02 03:00:00,338.44022
2017-07-02 06:00:00,337.4821
2017-07-02 09:00:00,335.72104
2017-07-02 12:00:00,333.72183
2017-07-02 15:00:00,332.81116
2017-07-02 18:00:00,332.93835
2017-07-02 21:00:00,334.0932
2017-07-03 00:00:00,332.0194
2017-07-03 03:00:00,331.06366
2017-07-03 06:00:00,331.07397
2017-07-03 09:00:00,331.469
2017-07-03 12:00:00,331.27014
2017-07-03 15:00:00,329.02625
2017-07-03 18:00:00,327.8313
2017-07-03 21:00:00,327.75708
2017-07-04 00:00:00,328.0542
2017-07-04 03:00:00,328.11255
2017-07-04 06:00:00,327.96704
2017-07-04 09:00:00,327.58862
2017-07-04 12:00:00,324.65723
2017-07-04 15:00:00,320.86084
2017-07-04 18:00:00,319.30237
2017-07-04 21:00:00,319.02527
2017-07-05 00:00:00,316.92896
2017-07-05 03:00:00,316.39185
2017-07-05 06:00:00,315.9209
2017-07-05 09:00:00,314.8933
2017-07-05 12:00:00,313.1996
2017-07-05 15:00:00,311.34375
2017-07-05 18:00:00,310.65894
2017-07-05 21:00:00,309.77563
2017-07-06 00:00:00,308.44897
2017-07-06 03:00:00,306.8069
2017-07-06 06:00:00,305.0504
2017-07-06 09:00:00,303.50928
2017-07-06 12:00:00,302.391
2017-07-06 15:00:00,303.02045
2017-07-06 18:00:00,303.99493
2017-07-06 21:00:00,306.81555
2017-07-07 00:00:00,306.98175
2017-07-07 03:00:00,307.58337
2017-07-07 06:00:00,308.43054
2017-07-07 09:00:00,308.76306
2017-07-07 12:00:00,309.9167
2017-07-07 15:00:00,310.26984
2017-07-07 18:00:00,312.42017
2017-07-07 21:00:00,315.8968
2017-07-08 00:00:00,316.6902
2017-07-08 03:00:00,319.50146
2017-07-08 06:00:00,323.3192
2017-07-08 09:00:00,322.37085
2017-07-08 12:00:00,321.59863
2017-07-08 15:00:00,319.58875
2017-07-08 18:00:00,319.72388
2017-07-08 21:00:00,321.66583
2017-07-09 00:00:00,324.2467
2017-07-09 03:00:00,326.60657
2017-07-09 06:00:00,329.1609
2017-07-09 09:00:00,330.7185
2017-07-09 12:00:00,328.55127
2017-07-09 15:00:00,324.12036
2017-07-09 18:00:00,322.53064
2017-07-09 21:00:00,324.09888
2017-07-10 00:00:00,323.90918
2017-07-10 03:00:00,323.32166
2017-07-10 06:00:00,323.5747
2017-07-10 09:00:00,323.3158
2017-07-10 12:00:00,320.7301
2017-07-10 15:00:00,318.3139
2017-07-10 18:00:00,321.024
2017-07-10 21:00:00,325.21277
2017-07-11 00:00:00,327.15936
2017-07-11 03:00:00,326.87823
2017-07-11 06:00:00,329.04333
2017-07-11 09:00:00,329.19598
2017-07-11 12:00:00,325.85468
2017-07-11 15:00:00,324.57904
2017-07-11 18:00:00,325.7196
2017-07-11 21:00:00,328.83337
2017-07-12 00:00:00,330.0174
2017-07-12 03:00:00,330.84198
2017-07-12 06:00:00,330.6773
2017-07-12 09:00:00,327.5735
2017-07-12 12:00:00,324.05017
2017-07-12 15:00:00,322.40015
2017-07-12 18:00:00,321.93524
2017-07-12 21:00:00,321.64908
2017-07-13 00:00:00,320.69824
2017-07-13 03:00:00,321.29584
2017-07-13 06:00:00,321.15686
2017-07-13 09:00:00,320.17816
2017-07-13 12:00:00,320.2353
2017-07-13 15:00:00,322.34143
2017-07-13 18:00:00,323.87112
2017-07-13 21:00:00,326.418
2017-07-14 00:00:00,326.72986
2017-07-14 03:00:00,327.4673
2017-07-14 06:00:00,327.4143
2017-07-14 09:00:00,326.61353
2017-07-14 12:00:00,325.8474
2017-07-14 15:00:00,326.07123
2017-07-14 18:00:00,326.84375
2017-07-14 21:00:00,328.13922
2017-07-15 00:00:00,328.97943
2017-07-15 03:00:00,329.16516
2017-07-15 06:00:00,329.10718
2017-07-15 09:00:00,327.6338
2017-07-15 12:00:00,326.23254
2017-07-15 15:00:00,326.0841
2017-07-15 18:00:00,326.4065
2017-07-15 21:00:00,326.88477
2017-07-16 00:00:00,327.24292
2017-07-16 03:00:00,327.651
2017-07-16 06:00:00,326.63684
2017-07-16 09:00:00,325.26758
2017-07-16 12:00:00,324.26868
2017-07-16 15:00:00,323.68372
2017-07-16 18:00:00,323.86548
2017-07-16 21:00:00,325.59424
2017-07-17 00:00:00,326.8335
2017-07-17 03:00:00,326.0548
2017-07-17 06:00:00,324.1327
2017-07-17 09:00:00,322.04602
2017-07-17 12:00:00,320.18115
2017-07-17 15:00:00,318.24487
2017-07-17 18:00:00,317.0464
2017-07-17 21:00:00,316.09497
2017-07-18 00:00:00,315.08618
2017-07-18 03:00:00,316.135
2017-07-18 06:00:00,316.01294
2017-07-18 09:00:00,315.89172
2017-07-18 12:00:00,314.05725
2017-07-18 15:00:00,313.2367
2017-07-18 18:00:00,313.84387
2017-07-18 21:00:00,314.46838
2017-07-19 00:00:00,313.5747
2017-07-19 03:00:00,313.11255
2017-07-19 06:00:00,311.82556
2017-07-19 09:00:00,310.735
2017-07-19 12:00:00,309.48694
2017-07-19 15:00:00,308.35486
2017-07-19 18:00:00,309.42554
2017-07-19 21:00:00,314.94586
2017-07-20 00:00:00,318.95593
2017-07-20 03:00:00,322.0149
2017-07-20 06:00:00,322.39148
2017-07-20 09:00:00,322.3728
2017-07-20 12:00:00,319.23364
2017-07-20 15:00:00,317.49622
2017-07-20 18:00:00,319.5927
2017-07-20 21:00:00,322.65668
2017-07-21 00:00:00,322.98877
2017-07-21 03:00:00,324.70776
2017-07-21 06:00:00,326.17224
2017-07-21 09:00:00,325.87903
2017-07-21 12:00:00,323.39062
2017-07-21 15:00:00,322.52167
2017-07-21 18:00:00,324.16223
2017-07-21 21:00:00,326.21118
2017-07-22 00:00:00,326.40686
2017-07-22 03:00:00,326.34644
2017-07-22 06:00:00,329.89917
2017-07-22 09:00:00,329.07605
2017-07-22 12:00:00,324.33228
2017-07-22 15:00:00,321.70496
2017-07-22 18:00:00,323.4699
2017-07-22 21:00:00,326.74298
2017-07-23 00:00:00,328.4378
2017-07-23 03:00:00,328.7295
2017-07-23 06:00:00,329.6667
2017-07-23 09:00:00,328.44617
2017-07-23 12:00:00,326.13208
2017-07-23 15:00:00,325.51263
2017-07-23 18:00:00,328.28506
2017-07-23 21:00:00,331.4372
2017-07-24 00:00:00,334.1501
2017-07-24 03:00:00,335.1548
2017-07-24 06:00:00,336.4317
2017-07-24 09:00:00,334.88516
2017-07-24 12:00:00,331.96143
2017-07-24 15:00:00,330.87653
2017-07-24 18:00:00,331.58594
2017-07-24 21:00:00,333.4004
2017-07-25 00:00:00,334.24414
2017-07-25 03:00:00,332.80664
2017-07-25 06:00:00,330.3871
2017-07-25 09:00:00,327.99323
2017-07-25 12:00:00,326.24506
2017-07-25 15:00:00,325.42838
2017-07-25 18:00:00,327.68427
2017-07-25 21:00:00,330.80087
2017-07-26 00:00:00,331.47128
2017-07-26 03:00:00,330.70084
2017-07-26 06:00:00,329.6408
2017-07-26 09:00:00,328.8274
2017-07-26 12:00:00,327.03278
2017-07-26 15:00:00,326.97772
2017-07-26 18:00:00,328.2621
2017-07-26 21:00:00,329.2498
2017-07-27 00:00:00,329.85498
2017-07-27 03:00:00,331.31366
2017-07-27 06:00:00,331.899
2017-07-27 09:00:00,331.77185
2017-07-27 12:00:00,327.95447
2017-07-27 15:00:00,324.99768
2017-07-27 18:00:00,323.89197
2017-07-27 21:00:00,326.36975
2017-07-28 00:00:00,328.1316
2017-07-28 03:00:00,328.42664
2017-07-28 06:00:00,326.27612
2017-07-28 09:00:00,321.42334
2017-07-28 12:00:00,317.22974
2017-07-28 15:00:00,318.338
2017-07-28 18:00:00,321.1095
2017-07-28 21:00:00,324.4182
2017-07-29 00:00:00,325.08978
2017-07-29 03:00:00,325.3949
2017-07-29 06:00:00,325.29004
2017-07-29 09:00:00,325.96326
2017-07-29 12:00:00,324.24622
2017-07-29 15:00:00,322.836
2017-07-29 18:00:00,322.31763
2017-07-29 21:00:00,323.4306
2017-07-30 00:00:00,323.34277
2017-07-30 03:00:00,324.31268
2017-07-30 06:00:00,324.62708
2017-07-30 09:00:00,322.182
2017-07-30 12:00:00,320.05823
2017-07-30 15:00:00,320.35413
2017-07-30 18:00:00,321.87524
2017-07-30 21:00:00,324.9729
2017-07-31 00:00:00,327.08252
2017-07-31 03:00:00,325.813
2017-07-31 06:00:00,324.62292
2017-07-31 09:00:00,322.7318
2017-07-31 12:00:00,319.72302
2017-07-31 15:00:00,318.6007
2017-07-31 18:00:00,316.43384
2017-07-31 21:00:00,317.55164
2017-08-01 00:00:00,319.01733
2017-08-01 03:00:00,320.84045
2017-08-01 06:00:00,320.94238
2017-08-01 09:00:00,319.04102
2017-08-01 12:00:00,315.81506
2017-08-01 15:00:00,315.72815
2017-08-01 18:00:00,318.53992
2017-08-01 21:00:00,321.2694
2017-08-02 00:00:00,321.662
2017-08-02 03:00:00,323.151
2017-08-02 06:00:00,326.1958
2017-08-02 09:00:00,327.82556
2017-08-02 12:00:00,323.75146
2017-08-02 15:00:00,320.4286
2017-08-02 18:00:00,323.30554
2017-08-02 21:00:00,327.7002
2017-08-03 00:00:00,329.9845
2017-08-03 03:00:00,332.8247
2017-08-03 06:00:00,330.19263
2017-08-03 09:00:00,324.22144
2017-08-03 12:00:00,317.65686
2017-08-03 15:00:00,315.69165
2017-08-03 18:00:00,316.4873
2017-08-03 21:00:00,317.01923
2017-08-04 00:00:00,316.4007
2017-08-04 03:00:00,315.7085
2017-08-04 06:00:00,314.79834
2017-08-04 09:00:00,314.5863
2017-08-04 12:00:00,313.65735
2017-08-04 15:00:00,314.51343
2017-08-04 18:00:00,315.0783
2017-08-04 21:00:00,317.5006
2017-08-05 00:00:00,318.4248
2017-08-05 03:00:00,318.83105
2017-08-05 06:00:00,320.03918
2017-08-05 09:00:00,321.1996
2017-08-05 12:00:00,321.67334
2017-08-05 15:00:00,322.0539
2017-08-05 18:00:00,323.77148
2017-08-05 21:00:00,327.31433
2017-08-06 00:00:00,327.95615
2017-08-06 03:00:00,327.04352
2017-08-06 06:00:00,327.09424
2017-08-06 09:00:00,328.19855
2017-08-06 12:00:00,328.06134
2017-08-06 15:00:00,328.23663
2017-08-06 18:00:00,328.7193
2017-08-06 21:00:00,329.89148
2017-08-07 00:00:00,330.7397
2017-08-07 03:00:00,330.96448
2017-08-07 06:00:00,334.10217
2017-08-07 09:00:00,335.74225
2017-08-07 12:00:00,333.0636
2017-08-07 15:00:00,332.1861
2017-08-07 18:00:00,332.79187
2017-08-07 21:00:00,335.81348
2017-08-08 00:00:00,337.97168
2017-08-08 03:00:00,339.23483
2017-08-08 06:00:00,338.98727
2017-08-08 09:00:00,339.2741
2017-08-08 12:00:00,335.66443
2017-08-08 15:00:00,332.438
2017-08-08 18:00:00,333.0766
2017-08-08 21:00:00,334.8832
2017-08-09 00:00:00,335.547
2017-08-09 03:00:00,334.32117
2017-08-09 06:00:00,334.0249
2017-08-09 09:00:00,333.68344
2017-08-09 12:00:00,330.64532
2017-08-09 15:00:00,328.75507
2017-08-09 18:00:00,329.08102
2017-08-09 21:00:00,331.1331
2017-08-10 00:00:00,330.7683
2017-08-10 03:00:00,330.0937
2017-08-10 06:00:00,330.9724
2017-08-10 09:00:00,331.64978
2017-08-10 12:00:00,331.8149
2017-08-10 15:00:00,333.53107
2017-08-10 18:00:00,334.78833
2017-08-10 21:00:00,337.60254
2017-08-11 00:00:00,338.3524
2017-08-11 03:00:00,336.96725
2017-08-11 06:00:00,335.2319
2017-08-11 09:00:00,333.5757
2017-08-11 12:00:00,332.8869
2017-08-11 15:00:00,331.8465
2017-08-11 18:00:00,331.4389
2017-08-11 21:00:00,335.05563
2017-08-12 00:00:00,336.7555
2017-08-12 03:00:00,335.94647
2017-08-12 06:00:00,333.72314
2017-08-12 09:00:00,331.9638
2017-08-12 12:00:00,330.79285
2017-08-12 15:00:00,330.48486
2017-08-12 18:00:00,330.68164
2017-08-12 21:00:00,330.52466
2017-08-13 00:00:00,330.3661
2017-08-13 03:00:00,330.22247
2017-08-13 06:00:00,329.74243
2017-08-13 09:00:00,329.21887
2017-08-13 12:00:00,328.85303
2017-08-13 15:00:00,328.5846
2017-08-13 18:00:00,328.5161
2017-08-13 21:00:00,328.19287
2017-08-14 00:00:00,327.677
2017-08-14 03:00:00,327.12012
2017-08-14 06:00:00,326.4613
2017-08-14 09:00:00,326.56006
2017-08-14 12:00:00,326.4043
2017-08-14 15:00:00,325.1134
2017-08-14 18:00:00,326.79193
2017-08-14 21:00:00,330.65643
2017-08-15 00:00:00,331.9593
2017-08-15 03:00:00,334.49402
2017-08-15 06:00:00,336.92297
2017-08-15 09:00:00,338.10657
2017-08-15 12:00:00,332.01746
2017-08-15 15:00:00,328.53955
2017-08-15 18:00:00,330.37213
2017-08-15 21:00:00,333.6333
2017-08-16 00:00:00,337.1944
2017-08-16 03:00:00,338.15735
2017-08-16 06:00:00,340.13306
2017-08-16 09:00:00,339.91162
2017-08-16 12:00:00,332.20837
2017-08-16 15:00:00,328.82764
2017-08-16 18:00:00,327.8944
2017-08-16 21:00:00,330.78122
2017-08-17 00:00:00,332.97812
2017-08-17 03:00:00,335.71957
2017-08-17 06:00:00,336.846
2017-08-17 09:00:00,333.6997
2017-08-17 12:00:00,327.89868
2017-08-17 15:00:00,325.25183
2017-08-17 18:00:00,327.1671
2017-08-17 21:00:00,329.41632
2017-08-18 00:00:00,328.24237
2017-08-18 03:00:00,326.90808
2017-08-18 06:00:00,327.86487
2017-08-18 09:00:00,323.50903
2017-08-18 12:00:00,321.7019
2017-08-18 15:00:00,323.18298
2017-08-18 18:00:00,325.17065
2017-08-18 21:00:00,328.33868
2017-08-19 00:00:00,329.0318
2017-08-19 03:00:00,329.8634
2017-08-19 06:00:00,329.66614
2017-08-19 09:00:00,327.5094
2017-08-19 12:00:00,323.85986
2017-08-19 15:00:00,322.18384
2017-08-19 18:00:00,323.41614
2017-08-19 21:00:00,325.05347
2017-08-20 00:00:00,324.25323
2017-08-20 03:00:00,322.54138
2017-08-20 06:00:00,321.75317
2017-08-20 09:00:00,321.4926
2017-08-20 12:00:00,321.42676
2017-08-20 15:00:00,321.39435
2017-08-20 18:00:00,321.54993
2017-08-20 21:00:00,321.26355
2017-08-21 00:00:00,320.4005
2017-08-21 03:00:00,318.70374
2017-08-21 06:00:00,316.36523
2017-08-21 09:00:00,313.64368
2017-08-21 12:00:00,310.90308
2017-08-21 15:00:00,308.32166
2017-08-21 18:00:00,306.53137
2017-08-21 21:00:00,305.2085
2017-08-22 00:00:00,303.99756
2017-08-22 03:00:00,303.15234
2017-08-22 06:00:00,302.5288
2017-08-22 09:00:00,302.07043
2017-08-22 12:00:00,301.74762
2017-08-22 15:00:00,301.73645
2017-08-22 18:00:00,303.2129
2017-08-22 21:00:00,305.90845
2017-08-23 00:00:00,305.16217
2017-08-23 03:00:00,304.23663
2017-08-23 06:00:00,304.2307
2017-08-23 09:00:00,304.58917
2017-08-23 12:00:00,304.5661
2017-08-23 15:00:00,307.64545
2017-08-23 18:00:00,311.62463
2017-08-23 21:00:00,315.31598
2017-08-24 00:00:00,317.9887
2017-08-24 03:00:00,321.14758
2017-08-24 06:00:00,322.7738
2017-08-24 09:00:00,324.57568
2017-08-24 12:00:00,320.13037
2017-08-24 15:00:00,319.45972
2017-08-24 18:00:00,320.2821
2017-08-24 21:00:00,322.43152
2017-08-25 00:00:00,323.5802
2017-08-25 03:00:00,324.59485
2017-08-25 06:00:00,327.96954
2017-08-25 09:00:00,327.65857
2017-08-25 12:00:00,324.99902
2017-08-25 15:00:00,322.51318
2017-08-25 18:00:00,323.29846
2017-08-25 21:00:00,322.94904
2017-08-26 00:00:00,320.15723
2017-08-26 03:00:00,317.47034
2017-08-26 06:00:00,316.23535
2017-08-26 09:00:00,312.37292
2017-08-26 12:00:00,308.5996
2017-08-26 15:00:00,305.73132
2017-08-26 18:00:00,305.20496
2017-08-26 21:00:00,305.07178
2017-08-27 00:00:00,304.9402
2017-08-27 03:00:00,304.40027
2017-08-27 06:00:00,304.5067
2017-08-27 09:00:00,304.86212
2017-08-27 12:00:00,305.1803
2017-08-27 15:00:00,305.1129
2017-08-27 18:00:00,304.9124
2017-08-27 21:00:00,304.7575
2017-08-28 00:00:00,304.1515
2017-08-28 03:00:00,303.39874
2017-08-28 06:00:00,302.80768
2017-08-28 09:00:00,302.3224
2017-08-28 12:00:00,301.5755
2017-08-28 15:00:00,301.09393
2017-08-28 18:00:00,301.13776
2017-08-28 21:00:00,301.75818
2017-08-29 00:00:00,303.51337
2017-08-29 03:00:00,304.0946
2017-08-29 06:00:00,304.89398
2017-08-29 09:00:00,305.71454
2017-08-29 12:00:00,306.7276
2017-08-29 15:00:00,308.57208
2017-08-29 18:00:00,311.52002
2017-08-29 21:00:00,313.80652
2017-08-30 00:00:00,313.94855
2017-08-30 03:00:00,315.20215
2017-08-30 06:00:00,316.5094
2017-08-30 09:00:00,317.80756
2017-08-30 12:00:00,318.54047
2017-08-30 15:00:00,319.64948
2017-08-30 18:00:00,322.68976
2017-08-30 21:00:00,326.7845
2017-08-31 00:00:00,328.07452
2017-08-31 03:00:00,329.40942
2017-08-31 06:00:00,330.438
2017-08-31 09:00:00,330.63342
2017-08-31 12:00:00,327.08862
2017-08-31 15:00:00,325.3139
2017-08-31 18:00:00,325.7082
2017-08-31 21:00:00,327.71204
2017-09-01 00:00:00,329.25894
2017-09-01 03:00:00,329.08627
2017-09-01 06:00:00,328.35324
2017-09-01 09:00:00,327.994
2017-09-01 12:00:00,327.586
2017-09-01 15:00:00,328.23865
2017-09-01 18:00:00,330.71637
2017-09-01 21:00:00,332.5007
2017-09-02 00:00:00,331.97864
2017-09-02 03:00:00,330.5261
2017-09-02 06:00:00,329.14523
2017-09-02 09:00:00,328.14386
2017-09-02 12:00:00,327.41443
2017-09-02 15:00:00,326.43225
2017-09-02 18:00:00,325.37524
2017-09-02 21:00:00,326.61487
2017-09-03 00:00:00,325.22778
2017-09-03 03:00:00,321.94592
2017-09-03 06:00:00,319.70557
2017-09-03 09:00:00,318.2616
2017-09-03 12:00:00,315.1449
2017-09-03 15:00:00,316.25952
2017-09-03 18:00:00,317.49792
2017-09-03 21:00:00,317.68567
2017-09-04 00:00:00,315.68823
2017-09-04 03:00:00,311.0581
2017-09-04 06:00:00,305.80664
2017-09-04 09:00:00,301.99707
2017-09-04 12:00:00,300.2909
2017-09-04 15:00:00,299.85028
2017-09-04 18:00:00,300.43878
2017-09-04 21:00:00,302.33887
2017-09-05 00:00:00,303.77924
2017-09-05 03:00:00,306.0515
2017-09-05 06:00:00,306.68005
2017-09-05 09:00:00,305.35205
2017-09-05 12:00:00,303.6438
2017-09-05 15:00:00,303.55798
2017-09-05 18:00:00,305.9355
2017-09-05 21:00:00,309.86237
2017-09-06 00:00:00,311.90698
2017-09-06 03:00:00,313.8476
2017-09-06 06:00:00,316.46344
2017-09-06 09:00:00,317.6914
2017-09-06 12:00:00,317.10272
2017-09-06 15:00:00,318.06573
2017-09-06 18:00:00,319.52234
2017-09-06 21:00:00,321.35107
2017-09-07 00:00:00,322.12363
2017-09-07 03:00:00,322.7219
2017-09-07 06:00:00,322.7778
2017-09-07 09:00:00,323.16412
2017-09-07 12:00:00,323.509
2017-09-07 15:00:00,324.19724
2017-09-07 18:00:00,325.71292
2017-09-07 21:00:00,327.50348
2017-09-08 00:00:00,327.28262
2017-09-08 03:00:00,327.1344
2017-09-08 06:00:00,327.38638
2017-09-08 09:00:00,327.73242
2017-09-08 12:00:00,327.31396
2017-09-08 15:00:00,327.29108
2017-09-08 18:00:00,328.64056
2017-09-08 21:00:00,330.31403
2017-09-09 00:00:00,331.7937
2017-09-09 03:00:00,331.12915
2017-09-09 06:00:00,329.21094
2017-09-09 09:00:00,328.0409
2017-09-09 12:00:00,324.71118
2017-09-09 15:00:00,323.0481
2017-09-09 18:00:00,325.1427
2017-09-09 21:00:00,327.2118
2017-09-10 00:00:00,326.17303
2017-09-10 03:00:00,327.77094
2017-09-10 06:00:00,330.04102
2017-09-10 09:00:00,332.2893
2017-09-10 12:00:00,331.4148
2017-09-10 15:00:00,329.02307
2017-09-10 18:00:00,329.36505
2017-09-10 21:00:00,331.34338
2017-09-11 00:00:00,331.02887
2017-09-11 03:00:00,330.3318
2017-09-11 06:00:00,329.5412
2017-09-11 09:00:00,329.05676
2017-09-11 12:00:00,326.59924
2017-09-11 15:00:00,325.67908
2017-09-11 18:00:00,326.74628
2017-09-11 21:00:00,331.55444
2017-09-12 00:00:00,334.2964
2017-09-12 03:00:00,336.00018
2017-09-12 06:00:00,336.00446
2017-09-12 09:00:00,336.42523
2017-09-12 12:00:00,335.1131
2017-09-12 15:00:00,334.0166
2017-09-12 18:00:00,333.05878
2017-09-12 21:00:00,333.11975
2017-09-13 00:00:00,333.38293
2017-09-13 03:00:00,333.33493
2017-09-13 06:00:00,332.36264
2017-09-13 09:00:00,331.16852
2017-09-13 12:00:00,329.77563
2017-09-13 15:00:00,328.47937
2017-09-13 18:00:00,327.89
2017-09-13 21:00:00,327.89896
2017-09-14 00:00:00,328.38782
2017-09-14 03:00:00,330.48056
2017-09-14 06:00:00,330.5161
2017-09-14 09:00:00,331.04547
2017-09-14 12:00:00,329.09998
2017-09-14 15:00:00,327.43024
2017-09-14 18:00:00,327.98004
2017-09-14 21:00:00,330.15964
2017-09-15 00:00:00,331.68683
2017-09-15 03:00:00,332.24622
2017-09-15 06:00:00,331.95654
2017-09-15 09:00:00,332.23254
2017-09-15 12:00:00,330.3523
2017-09-15 15:00:00,328.64972
2017-09-15 18:00:00,329.1108
2017-09-15 21:00:00,330.85785
2017-09-16 00:00:00,331.20245
2017-09-16 03:00:00,330.9225
2017-09-16 06:00:00,330.82407
2017-09-16 09:00:00,331.37888
2017-09-16 12:00:00,329.622
2017-09-16 15:00:00,328.1731
2017-09-16 18:00:00,327.87506
2017-09-16 21:00:00,329.69174
2017-09-17 00:00:00,332.43076
2017-09-17 03:00:00,335.39368
2017-09-17 06:00:00,335.0194
2017-09-17 09:00:00,334.73877
2017-09-17 12:00:00,331.21997
2017-09-17 15:00:00,327.46057
2017-09-17 18:00:00,326.04346
2017-09-17 21:00:00,328.61218
2017-09-18 00:00:00,328.81287
2017-09-18 03:00:00,325.8186
2017-09-18 06:00:00,320.63037
2017-09-18 09:00:00,316.47302
2017-09-18 12:00:00,313.1333
2017-09-18 15:00:00,309.9082
2017-09-18 18:00:00,308.6621
2017-09-18 21:00:00,315.6728
2017-09-19 00:00:00,317.81494
2017-09-19 03:00:00,318.25903
2017-09-19 06:00:00,317.06042
2017-09-19 09:00:00,314.56067
2017-09-19 12:00:00,312.39124
2017-09-19 15:00:00,312.04688
2017-09-19 18:00:00,314.24768
2017-09-19 21:00:00,318.02448
2017-09-20 00:00:00,319.29388
2017-09-20 03:00:00,319.47302
2017-09-20 06:00:00,318.31665
2017-09-20 09:00:00,316.2135
2017-09-20 12:00:00,314.02368
2017-09-20 15:00:00,313.74634
2017-09-20 18:00:00,312.67285
2017-09-20 21:00:00,313.60825
2017-09-21 00:00:00,314.84253
2017-09-21 03:00:00,316.75403
2017-09-21 06:00:00,320.35278
2017-09-21 09:00:00,321.77698
2017-09-21 12:00:00,320.70508
2017-09-21 15:00:00,320.70142
2017-09-21 18:00:00,322.4109
2017-09-21 21:00:00,328.9463
2017-09-22 00:00:00,329.77185
2017-09-22 03:00:00,327.85266
2017-09-22 06:00:00,327.92047
2017-09-22 09:00:00,327.63782
2017-09-22 12:00:00,324.44598
2017-09-22 15:00:00,323.4455
2017-09-22 18:00:00,323.72565
2017-09-22 21:00:00,324.18793
2017-09-23 00:00:00,322.76935
2017-09-23 03:00:00,321.2152
2017-09-23 06:00:00,319.37683
2017-09-23 09:00:00,318.086
2017-09-23 12:00:00,317.45343
2017-09-23 15:00:00,317.2376
2017-09-23 18:00:00,318.15887
2017-09-23 21:00:00,317.47717
2017-09-24 00:00:00,316.17633
2017-09-24 03:00:00,313.78125
2017-09-24 06:00:00,310.30542
2017-09-24 09:00:00,306.83716
2017-09-24 12:00:00,304.72113
2017-09-24 15:00:00,303.687
2017-09-24 18:00:00,303.14117
2017-09-24 21:00:00,302.893
2017-09-25 00:00:00,302.51868
2017-09-25 03:00:00,302.56348
2017-09-25 06:00:00,302.78912
2017-09-25 09:00:00,303.24652
2017-09-25 12:00:00,304.45532
2017-09-25 15:00:00,306.27753
2017-09-25 18:00:00,307.64777
2017-09-25 21:00:00,309.98932
2017-09-26 00:00:00,311.64258
2017-09-26 03:00:00,313.0418
2017-09-26 06:00:00,313.9254
2017-09-26 09:00:00,312.9536
2017-09-26 12:00:00,313.06714
2017-09-26 15:00:00,313.79395
2017-09-26 18:00:00,314.33734
2017-09-26 21:00:00,315.50885
2017-09-27 00:00:00,314.29187
2017-09-27 03:00:00,312.76636
2017-09-27 06:00:00,311.28406
2017-09-27 09:00:00,309.80017
2017-09-27 12:00:00,308.71814
2017-09-27 15:00:00,307.84424
2017-09-27 18:00:00,307.51758
2017-09-27 21:00:00,307.52057
2017-09-28 00:00:00,307.61737
2017-09-28 03:00:00,307.7218
2017-09-28 06:00:00,307.62976
2017-09-28 09:00:00,307.51556
2017-09-28 12:00:00,307.34546
2017-09-28 15:00:00,307.38702
2017-09-28 18:00:00,307.40784
2017-09-28 21:00:00,307.37573
2017-09-29 00:00:00,307.17328
2017-09-29 03:00:00,306.9342
2017-09-29 06:00:00,306.5229
2017-09-29 09:00:00,306.1153
2017-09-29 12:00:00,306.30853
2017-09-29 15:00:00,307.9923
2017-09-29 18:00:00,311.239
2017-09-29 21:00:00,314.7813
2017-09-30 00:00:00,314.26587
2017-09-30 03:00:00,314.06427
2017-09-30 06:00:00,313.71832
2017-09-30 09:00:00,313.27393
2017-09-30 12:00:00,313.75787
2017-09-30 15:00:00,315.5421
2017-09-30 18:00:00,316.81442
2017-09-30 21:00:00,319.25412
2017-10-01 00:00:00,320.78436
2017-10-01 03:00:00,321.38495
2017-10-01 06:00:00,320.67084
2017-10-01 09:00:00,320.0144
2017-10-01 12:00:00,318.64148
2017-10-01 15:00:00,317.8305
2017-10-01 18:00:00,318.46335
2017-10-01 21:00:00,320.8995
2017-10-02 00:00:00,320.1786
2017-10-02 03:00:00,318.8604
2017-10-02 06:00:00,316.34375
2017-10-02 09:00:00,314.0703
2017-10-02 12:00:00,312.28302
2017-10-02 15:00:00,310.8916
2017-10-02 18:00:00,311.7425
2017-10-02 21:00:00,316.14368
2017-10-03 00:00:00,314.99628
2017-10-03 03:00:00,312.44177
2017-10-03 06:00:00,310.5628
2017-10-03 09:00:00,309.39478
2017-10-03 12:00:00,308.44775
2017-10-03 15:00:00,307.4768
2017-10-03 18:00:00,306.71393
2017-10-03 21:00:00,306.59396
2017-10-04 00:00:00,307.22705
2017-10-04 03:00:00,307.41644
2017-10-04 06:00:00,306.82397
2017-10-04 09:00:00,306.05566
2017-10-04 12:00:00,305.43262
2017-10-04 15:00:00,305.2887
2017-10-04 18:00:00,306.06445
2017-10-04 21:00:00,306.14062
2017-10-05 00:00:00,306.589
2017-10-05 03:00:00,307.39905
2017-10-05 06:00:00,308.36304
2017-10-05 09:00:00,309.96338
2017-10-05 12:00:00,311.73486
2017-10-05 15:00:00,315.5155
2017-10-05 18:00:00,318.34607
2017-10-05 21:00:00,319.24268
2017-10-06 00:00:00,319.0421
2017-10-06 03:00:00,318.71387
2017-10-06 06:00:00,318.87146
2017-10-06 09:00:00,318.4834
2017-10-06 12:00:00,317.24487
2017-10-06 15:00:00,315.33618
2017-10-06 18:00:00,313.58496
2017-10-06 21:00:00,312.61954
2017-10-07 00:00:00,312.34805
2017-10-07 03:00:00,312.23602
2017-10-07 06:00:00,310.85474
2017-10-07 09:00:00,309.1427
2017-10-07 12:00:00,307.62146
2017-10-07 15:00:00,306.40283
2017-10-07 18:00:00,305.46283
2017-10-07 21:00:00,305.00287
2017-10-08 00:00:00,304.76392
2017-10-08 03:00:00,304.69653
2017-10-08 06:00:00,304.57043
2017-10-08 09:00:00,304.3838
2017-10-08 12:00:00,304.0279
2017-10-08 15:00:00,303.761
2017-10-08 18:00:00,303.6455
2017-10-08 21:00:00,303.7434
2017-10-09 00:00:00,303.81244
2017-10-09 03:00:00,303.96442
2017-10-09 06:00:00,303.93304
2017-10-09 09:00:00,303.9538
2017-10-09 12:00:00,304.0196
2017-10-09 15:00:00,304.35242
2017-10-09 18:00:00,305.10785
2017-10-09 21:00:00,306.11902
2017-10-10 00:00:00,306.53607
2017-10-10 03:00:00,307.14258
2017-10-10 06:00:00,307.5636
2017-10-10 09:00:00,307.99402
2017-10-10 12:00:00,308.1798
2017-10-10 15:00:00,308.4041
2017-10-10 18:00:00,308.58405
2017-10-10 21:00:00,308.74292
2017-10-11 00:00:00,309.93005
2017-10-11 03:00:00,310.5661
2017-10-11 06:00:00,312.00543
2017-10-11 09:00:00,313.46906
2017-10-11 12:00:00,314.92072
2017-10-11 15:00:00,316.1258
2017-10-11 18:00:00,317.0605
2017-10-11 21:00:00,317.67496
2017-10-12 00:00:00,318.26697
2017-10-12 03:00:00,318.69928
2017-10-12 06:00:00,319.10736
2017-10-12 09:00:00,319.31256
2017-10-12 12:00:00,319.516
2017-10-12 15:00:00,319.55518
2017-10-12 18:00:00,319.7199
2017-10-12 21:00:00,319.84674
2017-10-13 00:00:00,319.77094
2017-10-13 03:00:00,319.43884
2017-10-13 06:00:00,319.10376
2017-10-13 09:00:00,318.89246
2017-10-13 12:00:00,318.59753
2017-10-13 15:00:00,318.21912
2017-10-13 18:00:00,318.0885
2017-10-13 21:00:00,317.14124
2017-10-14 00:00:00,316.7813
2017-10-14 03:00:00,316.44812
2017-10-14 06:00:00,315.72742
2017-10-14 09:00:00,314.802
2017-10-14 12:00:00,313.84503
2017-10-14 15:00:00,312.6208
2017-10-14 18:00:00,312.41205
2017-10-14 21:00:00,312.34265
2017-10-15 00:00:00,312.18805
2017-10-15 03:00:00,311.8109
2017-10-15 06:00:00,311.04712
2017-10-15 09:00:00,308.99927
2017-10-15 12:00:00,305.03802
2017-10-15 15:00:00,298.313
2017-10-15 18:00:00,293.56543
2017-10-15 21:00:00,286.04858
2017-10-16 00:00:00,279.05566
2017-10-16 03:00:00,272.58105
2017-10-16 06:00:00,270.172
2017-10-16 09:00:00,269.64874
2017-10-16 12:00:00,271.33826
2017-10-16 15:00:00,275.91467
2017-10-16 18:00:00,282.39825
2017-10-16 21:00:00,288.95776
2017-10-17 00:00:00,294.95337
2017-10-17 03:00:00,300.3192
2017-10-17 06:00:00,304.5251
2017-10-17 09:00:00,307.9649
2017-10-17 12:00:00,310.5869
2017-10-17 15:00:00,312.25208
2017-10-17 18:00:00,312.0022
2017-10-17 21:00:00,308.03442
2017-10-18 00:00:00,298.2771
2017-10-18 03:00:00,296.86035
2017-10-18 06:00:00,297.04028
2017-10-18 09:00:00,296.9851
2017-10-18 12:00:00,297.0744
2017-10-18 15:00:00,297.20795
2017-10-18 18:00:00,297.4043
2017-10-18 21:00:00,295.72772
2017-10-19 00:00:00,295.06683
2017-10-19 03:00:00,296.44672
2017-10-19 06:00:00,298.52405
2017-10-19 09:00:00,298.77722
2017-10-19 12:00:00,297.91797
2017-10-19 15:00:00,297.68005
2017-10-19 18:00:00,297.92267
2017-10-19 21:00:00,298.60028
2017-10-20 00:00:00,299.4532
2017-10-20 03:00:00,300.70667
2017-10-20 06:00:00,302.02393
2017-10-20 09:00:00,303.297
2017-10-20 12:00:00,304.2339
2017-10-20 15:00:00,304.74475
2017-10-20 18:00:00,304.8792
2017-10-20 21:00:00,304.60736
2017-10-21 00:00:00,304.11743
2017-10-21 03:00:00,303.59546
2017-10-21 06:00:00,304.1784
2017-10-21 09:00:00,307.135
2017-10-21 12:00:00,309.1749
2017-10-21 15:00:00,311.04016
2017-10-21 18:00:00,311.485
2017-10-21 21:00:00,312.43182
2017-10-22 00:00:00,312.68054
2017-10-22 03:00:00,312.8307
2017-10-22 06:00:00,312.80518
2017-10-22 09:00:00,313.7901
2017-10-22 12:00:00,313.6446
2017-10-22 15:00:00,314.60406
2017-10-22 18:00:00,315.18152
2017-10-22 21:00:00,316.78253
2017-10-23 00:00:00,317.99365
2017-10-23 03:00:00,318.68927
2017-10-23 06:00:00,319.12677
2017-10-23 09:00:00,319.89655
2017-10-23 12:00:00,320.07336
2017-10-23 15:00:00,319.92224
2017-10-23 18:00:00,319.26794
2017-10-23 21:00:00,317.63367
2017-10-24 00:00:00,314.92383
2017-10-24 03:00:00,311.80505
2017-10-24 06:00:00,309.0244
2017-10-24 09:00:00,307.02393
2017-10-24 12:00:00,304.85352
2017-10-24 15:00:00,303.32825
2017-10-24 18:00:00,302.68958
2017-10-24 21:00:00,302.80115
2017-10-25 00:00:00,302.98462
2017-10-25 03:00:00,303.19586
2017-10-25 06:00:00,303.1798
2017-10-25 09:00:00,302.87305
2017-10-25 12:00:00,302.27374
2017-10-25 15:00:00,302.1869
2017-10-25 18:00:00,302.75214
2017-10-25 21:00:00,303.06573
2017-10-26 00:00:00,303.27075
2017-10-26 03:00:00,303.53973
2017-10-26 06:00:00,303.7893
2017-10-26 09:00:00,304.03204
2017-10-26 12:00:00,304.22125
2017-10-26 15:00:00,304.28986
2017-10-26 18:00:00,304.47113
2017-10-26 21:00:00,304.73773
2017-10-27 00:00:00,305.22174
2017-10-27 03:00:00,305.9992
2017-10-27 06:00:00,306.58167
2017-10-27 09:00:00,306.80255
2017-10-27 12:00:00,306.2589
2017-10-27 15:00:00,304.88
2017-10-27 18:00:00,302.64294
2017-10-27 21:00:00,300.61462
2017-10-28 00:00:00,298.62134
2017-10-28 03:00:00,296.5869
2017-10-28 06:00:00,295.85156
2017-10-28 09:00:00,296.01575
2017-10-28 12:00:00,295.0171
2017-10-28 15:00:00,293.71875
2017-10-28 18:00:00,292.79724
2017-10-28 21:00:00,292.0808
2017-10-29 00:00:00,291.15747
2017-10-29 03:00:00,291.04858
2017-10-29 06:00:00,291.39087
2017-10-29 09:00:00,291.9077
2017-10-29 12:00:00,292.32214
2017-10-29 15:00:00,291.50134
2017-10-29 18:00:00,291.73438
2017-10-29 21:00:00,294.23166
2017-10-30 00:00:00,297.3703
2017-10-30 03:00:00,299.59473
2017-10-30 06:00:00,303.98486
2017-10-30 09:00:00,309.8762
2017-10-30 12:00:00,315.878
2017-10-30 15:00:00,320.09467
2017-10-30 18:00:00,322.26855
2017-10-30 21:00:00,322.79016
2017-10-31 00:00:00,322.0393
2017-10-31 03:00:00,321.17212
2017-10-31 06:00:00,320.35217
2017-10-31 09:00:00,319.4397
2017-10-31 12:00:00,317.4148
2017-10-31 15:00:00,315.19727
2017-10-31 18:00:00,312.51562
2017-10-31 21:00:00,309.84448
2017-11-01 00:00:00,306.11816
2017-11-01 03:00:00,299.99414
2017-11-01 06:00:00,294.42188
2017-11-01 09:00:00,288.98438
2017-11-01 12:00:00,279.2124
2017-11-01 15:00:00,266.4038
2017-11-01 18:00:00,268.1255
2017-11-01 21:00:00,269.90015
2017-11-02 00:00:00,262.01788
2017-11-02 03:00:00,259.3958
2017-11-02 06:00:00,261.2738
2017-11-02 09:00:00,263.39886
2017-11-02 12:00:00,265.81018
2017-11-02 15:00:00,264.47668
2017-11-02 18:00:00,270.5409
2017-11-02 21:00:00,275.37512
2017-11-03 00:00:00,278.90076
2017-11-03 03:00:00,280.67798
2017-11-03 06:00:00,280.1665
2017-11-03 09:00:00,276.96143
2017-11-03 12:00:00,270.60938
2017-11-03 15:00:00,265.165
2017-11-03 18:00:00,267.67993
2017-11-03 21:00:00,268.26184
2017-11-04 00:00:00,276.08008
2017-11-04 03:00:00,282.2696
2017-11-04 06:00:00,289.65796
2017-11-04 09:00:00,295.61304
2017-11-04 12:00:00,299.78607
2017-11-04 15:00:00,303.79077
2017-11-04 18:00:00,309.9107
2017-11-04 21:00:00,316.14966
2017-11-05 00:00:00,318.27377
2017-11-05 03:00:00,321.66437
2017-11-05 06:00:00,328.54346
2017-11-05 09:00:00,331.27597
2017-11-05 12:00:00,334.3986
2017-11-05 15:00:00,335.49274
2017-11-05 18:00:00,336.98535
2017-11-05 21:00:00,339.19098
2017-11-06 00:00:00,338.5829
2017-11-06 03:00:00,337.225
2017-11-06 06:00:00,336.55194
2017-11-06 09:00:00,335.71213
2017-11-06 12:00:00,334.07294
2017-11-06 15:00:00,331.54767
2017-11-06 18:00:00,331.9446
2017-11-06 21:00:00,333.98886
2017-11-07 00:00:00,334.3638
2017-11-07 03:00:00,334.1506
2017-11-07 06:00:00,334.1135
2017-11-07 09:00:00,333.37567
2017-11-07 12:00:00,332.65283
2017-11-07 15:00:00,334.07886
2017-11-07 18:00:00,334.17767
2017-11-07 21:00:00,336.27856
2017-11-08 00:00:00,335.97516
2017-11-08 03:00:00,333.42212
2017-11-08 06:00:00,331.14554
2017-11-08 09:00:00,328.40692
2017-11-08 12:00:00,326.0329
2017-11-08 15:00:00,325.54803
2017-11-08 18:00:00,326.52142
2017-11-08 21:00:00,329.06763
2017-11-09 00:00:00,329.2214
2017-11-09 03:00:00,329.224
2017-11-09 06:00:00,332.35675
2017-11-09 09:00:00,332.90094
2017-11-09 12:00:00,330.56897
2017-11-09 15:00:00,330.42325
2017-11-09 18:00:00,331.5707
2017-11-09 21:00:00,332.57654
2017-11-10 00:00:00,333.3877
2017-11-10 03:00:00,331.81406
2017-11-10 06:00:00,330.86023
2017-11-10 09:00:00,330.39288
2017-11-10 12:00:00,329.19153
2017-11-10 15:00:00,328.36963
2017-11-10 18:00:00,328.39917
2017-11-10 21:00:00,327.62598
2017-11-11 00:00:00,328.14392
2017-11-11 03:00:00,328.336
2017-11-11 06:00:00,328.34775
2017-11-11 09:00:00,327.8661
2017-11-11 12:00:00,327.50305
2017-11-11 15:00:00,327.51483
2017-11-11 18:00:00,328.38434
2017-11-11 21:00:00,328.64203
2017-11-12 00:00:00,329.02512
2017-11-12 03:00:00,329.85077
2017-11-12 06:00:00,330.72916
2017-11-12 09:00:00,332.20358
2017-11-12 12:00:00,333.25235
2017-11-12 15:00:00,334.1642
2017-11-12 18:00:00,335.76285
2017-11-12 21:00:00,338.1419
2017-11-13 00:00:00,339.17493
2017-11-13 03:00:00,340.03494
2017-11-13 06:00:00,339.0291
2017-11-13 09:00:00,338.36975
2017-11-13 12:00:00,335.8371
2017-11-13 15:00:00,332.46436
2017-11-13 18:00:00,331.1728
2017-11-13 21:00:00,328.812
2017-11-14 00:00:00,326.73846
2017-11-14 03:00:00,324.70477
2017-11-14 06:00:00,323.7049
2017-11-14 09:00:00,323.3382
2017-11-14 12:00:00,322.49338
2017-11-14 15:00:00,321.6671
2017-11-14 18:00:00,321.04718
2017-11-14 21:00:00,320.6958
2017-11-15 00:00:00,320.1289
2017-11-15 03:00:00,319.49286
2017-11-15 06:00:00,319.25116
2017-11-15 09:00:00,318.97748
2017-11-15 12:00:00,317.8073
2017-11-15 15:00:00,316.82355
2017-11-15 18:00:00,316.57135
2017-11-15 21:00:00,316.53308
2017-11-16 00:00:00,316.22784
2017-11-16 03:00:00,316.07074
2017-11-16 06:00:00,316.07162
2017-11-16 09:00:00,316.32132
2017-11-16 12:00:00,316.53195
2017-11-16 15:00:00,316.84326
2017-11-16 18:00:00,317.81128
2017-11-16 21:00:00,318.88354
2017-11-17 00:00:00,319.0246
2017-11-17 03:00:00,318.46136
2017-11-17 06:00:00,317.51245
2017-11-17 09:00:00,316.5772
2017-11-17 12:00:00,315.70447
2017-11-17 15:00:00,314.80237
2017-11-17 18:00:00,314.40656
2017-11-17 21:00:00,315.07404
2017-11-18 00:00:00,315.99353
2017-11-18 03:00:00,315.5724
2017-11-18 06:00:00,315.59418
2017-11-18 09:00:00,316.09003
2017-11-18 12:00:00,316.8531
2017-11-18 15:00:00,317.7146
2017-11-18 18:00:00,319.2801
2017-11-18 21:00:00,320.8136
2017-11-19 00:00:00,321.76593
2017-11-19 03:00:00,322.2796
2017-11-19 06:00:00,322.64697
2017-11-19 09:00:00,323.1045
2017-11-19 12:00:00,323.24225
2017-11-19 15:00:00,323.47772
2017-11-19 18:00:00,323.54205
2017-11-19 21:00:00,323.50317
2017-11-20 00:00:00,322.463
2017-11-20 03:00:00,320.39905
2017-11-20 06:00:00,317.38684
2017-11-20 09:00:00,312.54553
2017-11-20 12:00:00,306.9148
2017-11-20 15:00:00,301.4577
2017-11-20 18:00:00,298.15735
2017-11-20 21:00:00,296.77826
2017-11-21 00:00:00,296.2893
2017-11-21 03:00:00,295.70508
2017-11-21 06:00:00,295.0318
2017-11-21 09:00:00,294.1372
2017-11-21 12:00:00,292.3614
2017-11-21 15:00:00,290.68066
2017-11-21 18:00:00,289.57538
2017-11-21 21:00:00,288.57104
2017-11-22 00:00:00,286.7119
2017-11-22 03:00:00,284.3003
2017-11-22 06:00:00,281.61072
2017-11-22 09:00:00,282.1421
2017-11-22 12:00:00,275.60693
2017-11-22 15:00:00,274.01758
2017-11-22 18:00:00,275.07178
2017-11-22 21:00:00,275.27344
2017-11-23 00:00:00,276.08948
2017-11-23 03:00:00,276.39246
2017-11-23 06:00:00,277.3385
2017-11-23 09:00:00,275.883
2017-11-23 12:00:00,269.02643
2017-11-23 15:00:00,258.29913
2017-11-23 18:00:00,263.9831
2017-11-23 21:00:00,271.21948
2017-11-24 00:00:00,276.07617
2017-11-24 03:00:00,280.20337
2017-11-24 06:00:00,284.14197
2017-11-24 09:00:00,287.8871
2017-11-24 12:00:00,291.76514
2017-11-24 15:00:00,296.6731
2017-11-24 18:00:00,301.5559
2017-11-24 21:00:00,304.2417
2017-11-25 00:00:00,305.36108
2017-11-25 03:00:00,305.56348
2017-11-25 06:00:00,304.82678
2017-11-25 09:00:00,303.5974
2017-11-25 12:00:00,302.30615
2017-11-25 15:00:00,301.55188
2017-11-25 18:00:00,301.52844
2017-11-25 21:00:00,302.3678
2017-11-26 00:00:00,304.12
2017-11-26 03:00:00,305.7932
2017-11-26 06:00:00,306.9486
2017-11-26 09:00:00,308.15582
2017-11-26 12:00:00,308.9124
2017-11-26 15:00:00,309.24365
2017-11-26 18:00:00,308.78735
2017-11-26 21:00:00,307.1692
2017-11-27 00:00:00,304.9795
2017-11-27 03:00:00,301.72974
2017-11-27 06:00:00,298.62012
2017-11-27 09:00:00,297.136
2017-11-27 12:00:00,295.62646
2017-11-27 15:00:00,294.61255
2017-11-27 18:00:00,296.16553
2017-11-27 21:00:00,299.6477
2017-11-28 00:00:00,299.802
2017-11-28 03:00:00,296.24292
2017-11-28 06:00:00,291.23633
2017-11-28 09:00:00,284.92114
2017-11-28 12:00:00,264.69684
2017-11-28 15:00:00,258.50363
2017-11-28 18:00:00,258.0122
2017-11-28 21:00:00,254.66711
2017-11-29 00:00:00,255.23769
2017-11-29 03:00:00,259.33313
2017-11-29 06:00:00,266.6505
2017-11-29 09:00:00,288.11108
2017-11-29 12:00:00,314.7407
2017-11-29 15:00:00,324.77017
2017-11-29 18:00:00,329.6824
2017-11-29 21:00:00,335.14658
2017-11-30 00:00:00,337.44754
2017-11-30 03:00:00,336.91592
2017-11-30 06:00:00,338.8999
2017-11-30 09:00:00,341.52475
2017-11-30 12:00:00,340.37524
2017-11-30 15:00:00,338.64545
2017-11-30 18:00:00,340.98175
2017-11-30 21:00:00,343.40076
2017-12-01 00:00:00,343.11142
2017-12-01 03:00:00,340.79025
2017-12-01 06:00:00,338.74847
2017-12-01 09:00:00,339.54395
2017-12-01 12:00:00,341.43005
2017-12-01 15:00:00,345.53305
2017-12-01 18:00:00,344.00146
2017-12-01 21:00:00,348.27374
2017-12-02 00:00:00,352.14124
2017-12-02 03:00:00,347.24667
2017-12-02 06:00:00,345.7813
2017-12-02 09:00:00,347.15698
2017-12-02 12:00:00,346.03754
2017-12-02 15:00:00,337.52863
2017-12-02 18:00:00,334.27686
2017-12-02 21:00:00,340.62012
2017-12-03 00:00:00,348.09692
2017-12-03 03:00:00,347.30408
2017-12-03 06:00:00,352.89514
2017-12-03 09:00:00,356.40887
2017-12-03 12:00:00,345.0276
2017-12-03 15:00:00,330.39117
2017-12-03 18:00:00,326.38367
2017-12-03 21:00:00,346.36658
2017-12-04 00:00:00,358.20215
2017-12-04 03:00:00,359.8699
2017-12-04 06:00:00,5.446932
2017-12-04 09:00:00,6.60929
2017-12-04 12:00:00,342.09766
2017-12-04 15:00:00,295.11615
2017-12-04 18:00:00,282.73593
2017-12-04 21:00:00,280.44885
2017-12-05 00:00:00,280.3352
2017-12-05 03:00:00,278.66757
2017-12-05 06:00:00,275.36203
2017-12-05 09:00:00,271.27136
2017-12-05 12:00:00,267.57068
2017-12-05 15:00:00,266.7657
2017-12-05 18:00:00,268.64813
2017-12-05 21:00:00,272.71082
2017-12-06 00:00:00,275.1449
2017-12-06 03:00:00,275.7344
2017-12-06 06:00:00,276.93338
2017-12-06 09:00:00,279.0807
2017-12-06 12:00:00,277.2334
2017-12-06 15:00:00,276.25348
2017-12-06 18:00:00,279.48734
2017-12-06 21:00:00,283.24805
2017-12-07 00:00:00,282.28693
2017-12-07 03:00:00,281.477
2017-12-07 06:00:00,281.0017
2017-12-07 09:00:00,281.05948
2017-12-07 12:00:00,280.4936
2017-12-07 15:00:00,279.97678
2017-12-07 18:00:00,280.25354
2017-12-07 21:00:00,280.89276
2017-12-08 00:00:00,280.43018
2017-12-08 03:00:00,281.12524
2017-12-08 06:00:00,282.42755
2017-12-08 09:00:00,284.1999
2017-12-08 12:00:00,288.1571
2017-12-08 15:00:00,295.10626
2017-12-08 18:00:00,304.29245
2017-12-08 21:00:00,314.3538
2017-12-09 00:00:00,320.9085
2017-12-09 03:00:00,325.06824
2017-12-09 06:00:00,327.61487
2017-12-09 09:00:00,328.85956
2017-12-09 12:00:00,328.7744
2017-12-09 15:00:00,328.14233
2017-12-09 18:00:00,327.37
2017-12-09 21:00:00,325.9485
2017-12-10 00:00:00,323.67322
2017-12-10 03:00:00,320.61206
2017-12-10 06:00:00,316.40747
2017-12-10 09:00:00,311.93457
2017-12-10 12:00:00,303.40845
2017-12-10 15:00:00,283.7937
2017-12-10 18:00:00,273.57202
2017-12-10 21:00:00,265.0962
2017-12-11 00:00:00,261.38367
2017-12-11 03:00:00,274.9015
2017-12-11 06:00:00,292.56445
2017-12-11 09:00:00,304.0089
2017-12-11 12:00:00,307.82605
2017-12-11 15:00:00,309.0318
2017-12-11 18:00:00,311.94214
2017-12-11 21:00:00,314.14996
2017-12-12 00:00:00,314.60107
2017-12-12 03:00:00,315.6062
2017-12-12 06:00:00,315.79688
2017-12-12 09:00:00,316.27344
2017-12-12 12:00:00,315.08875
2017-12-12 15:00:00,315.32672
2017-12-12 18:00:00,317.1297
2017-12-12 21:00:00,317.58948
2017-12-13 00:00:00,317.81342
2017-12-13 03:00:00,317.69
2017-12-13 06:00:00,317.46185
2017-12-13 09:00:00,317.22314
2017-12-13 12:00:00,316.93115
2017-12-13 15:00:00,316.60022
2017-12-13 18:00:00,316.28613
2017-12-13 21:00:00,316.0125
2017-12-14 00:00:00,315.72357
2017-12-14 03:00:00,315.44403
2017-12-14 06:00:00,315.59418
2017-12-14 09:00:00,316.29388
2017-12-14 12:00:00,317.59668
2017-12-14 15:00:00,318.4002
2017-12-14 18:00:00,319.852
2017-12-14 21:00:00,322.0238
2017-12-15 00:00:00,323.82043
2017-12-15 03:00:00,324.82642
2017-12-15 06:00:00,325.46167
2017-12-15 09:00:00,325.11206
2017-12-15 12:00:00,325.5246
2017-12-15 15:00:00,325.65625
2017-12-15 18:00:00,326.3453
2017-12-15 21:00:00,329.1221
2017-12-16 00:00:00,330.37775
2017-12-16 03:00:00,331.2579
2017-12-16 06:00:00,331.92447
2017-12-16 09:00:00,332.6417
2017-12-16 12:00:00,330.10986
2017-12-16 15:00:00,328.11914
2017-12-16 18:00:00,328.56458
2017-12-16 21:00:00,329.83063
2017-12-17 00:00:00,330.43338
2017-12-17 03:00:00,330.01965
2017-12-17 06:00:00,330.08813
2017-12-17 09:00:00,330.982
2017-12-17 12:00:00,333.01532
2017-12-17 15:00:00,331.50867
2017-12-17 18:00:00,335.54834
2017-12-17 21:00:00,339.43945
2017-12-18 00:00:00,336.6029
2017-12-18 03:00:00,333.09644
2017-12-18 06:00:00,332.8485
2017-12-18 09:00:00,330.4336
2017-12-18 12:00:00,327.30334
2017-12-18 15:00:00,319.45703
2017-12-18 18:00:00,321.3922
2017-12-18 21:00:00,320.65808
2017-12-19 00:00:00,316.18176
2017-12-19 03:00:00,314.6847
2017-12-19 06:00:00,312.89978
2017-12-19 09:00:00,314.03925
2017-12-19 12:00:00,314.88495
2017-12-19 15:00:00,315.13672
2017-12-19 18:00:00,314.86725
2017-12-19 21:00:00,315.4511
2017-12-20 00:00:00,316.8685
2017-12-20 03:00:00,313.76733
2017-12-20 06:00:00,309.18945
2017-12-20 09:00:00,305.7193
2017-12-20 12:00:00,303.0335
2017-12-20 15:00:00,301.3332
2017-12-20 18:00:00,300.3308
2017-12-20 21:00:00,300.14716
2017-12-21 00:00:00,300.32855
2017-12-21 03:00:00,299.46295
2017-12-21 06:00:00,298.5645
2017-12-21 09:00:00,297.87982
2017-12-21 12:00:00,297.28583
2017-12-21 15:00:00,296.79144
2017-12-21 18:00:00,296.638
2017-12-21 21:00:00,296.79932
2017-12-22 00:00:00,297.1928
2017-12-22 03:00:00,297.60193
2017-12-22 06:00:00,297.98798
2017-12-22 09:00:00,298.43854
2017-12-22 12:00:00,299.06372
2017-12-22 15:00:00,300.01398
2017-12-22 18:00:00,302.40997
2017-12-22 21:00:00,307.9073
2017-12-23 00:00:00,311.55707
2017-12-23 03:00:00,313.27466
2017-12-23 06:00:00,312.93835
2017-12-23 09:00:00,311.70215
2017-12-23 12:00:00,311.3636
2017-12-23 15:00:00,311.57898
2017-12-23 18:00:00,312.6548
2017-12-23 21:00:00,313.9065
2017-12-24 00:00:00,315.14526
2017-12-24 03:00:00,315.5558
2017-12-24 06:00:00,314.90314
2017-12-24 09:00:00,316.62646
2017-12-24 12:00:00,318.68164
2017-12-24 15:00:00,308.27466
2017-12-24 18:00:00,304.07007
2017-12-24 21:00:00,301.97974
2017-12-25 00:00:00,300.40454
2017-12-25 03:00:00,299.32385
2017-12-25 06:00:00,297.92236
2017-12-25 09:00:00,295.92383
2017-12-25 12:00:00,292.15796
2017-12-25 15:00:00,282.64185
2017-12-25 18:00:00,281.95483
2017-12-25 21:00:00,283.05292
2017-12-26 00:00:00,286.66473
2017-12-26 03:00:00,294.7943
2017-12-26 06:00:00,296.03296
2017-12-26 09:00:00,298.13348
2017-12-26 12:00:00,301.03894
2017-12-26 15:00:00,302.39075
2017-12-26 18:00:00,300.80554
2017-12-26 21:00:00,296.44617
2017-12-27 00:00:00,296.26697
2017-12-27 03:00:00,294.64227
2017-12-27 06:00:00,303.39767
2017-12-27 09:00:00,309.7821
2017-12-27 12:00:00,313.5027
2017-12-27 15:00:00,316.5171
2017-12-27 18:00:00,319.03143
2017-12-27 21:00:00,319.4975
2017-12-28 00:00:00,318.44666
2017-12-28 03:00:00,316.40234
2017-12-28 06:00:00,314.59058
2017-12-28 09:00:00,313.20386
2017-12-28 12:00:00,312.60352
2017-12-28 15:00:00,312.1377
2017-12-28 18:00:00,311.84607
2017-12-28 21:00:00,311.6819
2017-12-29 00:00:00,311.45483
2017-12-29 03:00:00,311.2149
2017-12-29 06:00:00,311.05725
2017-12-29 09:00:00,310.83807
2017-12-29 12:00:00,310.61224
2017-12-29 15:00:00,310.48138
2017-12-29 18:00:00,310.4549
2017-12-29 21:00:00,310.3017
2017-12-30 00:00:00,310.10095
2017-12-30 03:00:00,309.74646
2017-12-30 06:00:00,309.43835
2017-12-30 09:00:00,309.13373
2017-12-30 12:00:00,308.8969
2017-12-30 15:00:00,308.6886
2017-12-30 18:00:00,308.54858
2017-12-30 21:00:00,308.41046
2017-12-31 00:00:00,308.15967
2017-12-31 03:00:00,307.66046
2017-12-31 06:00:00,306.77423
2017-12-31 09:00:00,305.30737
2017-12-31 12:00:00,303.00037
2017-12-31 15:00:00,300.3855
2017-12-31 18:00:00,301.4972
2017-12-31 21:00:00,302.4001
2018-01-01 00:00:00,301.8683
2018-01-01 03:00:00,302.0429
2018-01-01 06:00:00,302.8719
2018-01-01 09:00:00,303.85944
2018-01-01 12:00:00,304.47253
2018-01-01 15:00:00,304.4093
2018-01-01 18:00:00,303.9627
2018-01-01 21:00:00,303.62433
2018-01-02 00:00:00,303.8377
2018-01-02 03:00:00,304.65082
2018-01-02 06:00:00,305.64923
2018-01-02 09:00:00,306.3833
2018-01-02 12:00:00,306.72266
2018-01-02 15:00:00,306.8321
2018-01-02 18:00:00,306.78876
2018-01-02 21:00:00,306.6808
2018-01-03 00:00:00,306.47992
2018-01-03 03:00:00,306.21082
2018-01-03 06:00:00,306.07324
2018-01-03 09:00:00,306.26965
2018-01-03 12:00:00,307.22137
2018-01-03 15:00:00,309.21902
2018-01-03 18:00:00,310.77377
2018-01-03 21:00:00,312.0401
2018-01-04 00:00:00,312.97116
2018-01-04 03:00:00,313.8372
2018-01-04 06:00:00,314.46494
2018-01-04 09:00:00,314.57104
2018-01-04 12:00:00,314.39288
2018-01-04 15:00:00,313.69568
2018-01-04 18:00:00,312.8573
2018-01-04 21:00:00,311.78168
2018-01-05 00:00:00,309.6344
2018-01-05 03:00:00,306.32422
2018-01-05 06:00:00,302.77502
2018-01-05 09:00:00,296.38428
2018-01-05 12:00:00,291.19882
2018-01-05 15:00:00,296.3153
2018-01-05 18:00:00,298.70532
2018-01-05 21:00:00,302.7218
2018-01-06 00:00:00,308.28973
2018-01-06 03:00:00,313.911
2018-01-06 06:00:00,315.7032
2018-01-06 09:00:00,313.7898
2018-01-06 12:00:00,311.17188
2018-01-06 15:00:00,309.9223
2018-01-06 18:00:00,310.96405
2018-01-06 21:00:00,313.03156
2018-01-07 00:00:00,312.9483
2018-01-07 03:00:00,312.5168
2018-01-07 06:00:00,312.06143
2018-01-07 09:00:00,313.22308
2018-01-07 12:00:00,315.41583
2018-01-07 15:00:00,316.56833
2018-01-07 18:00:00,318.581
2018-01-07 21:00:00,320.2504
2018-01-08 00:00:00,320.8992
2018-01-08 03:00:00,321.50104
2018-01-08 06:00:00,321.9313
2018-01-08 09:00:00,323.21533
2018-01-08 12:00:00,322.9967
2018-01-08 15:00:00,321.90283
2018-01-08 18:00:00,320.8841
2018-01-08 21:00:00,319.1234
2018-01-09 00:00:00,316.15698
2018-01-09 03:00:00,311.29785
2018-01-09 06:00:00,300.29028
2018-01-09 09:00:00,288.81543
2018-01-09 12:00:00,263.90665
2018-01-09 15:00:00,249.16594
2018-01-09 18:00:00,270.69623
2018-01-09 21:00:00,285.97723
2018-01-10 00:00:00,288.02637
2018-01-10 03:00:00,289.96057
2018-01-10 06:00:00,292.68372
2018-01-10 09:00:00,295.43842
2018-01-10 12:00:00,297.00958
2018-01-10 15:00:00,296.6554
2018-01-10 18:00:00,299.00946
2018-01-10 21:00:00,301.7154
2018-01-11 00:00:00,302.47034
2018-01-11 03:00:00,302.47052
2018-01-11 06:00:00,302.055
2018-01-11 09:00:00,301.36725
2018-01-11 12:00:00,300.86926
2018-01-11 15:00:00,300.64673
2018-01-11 18:00:00,300.8529
2018-01-11 21:00:00,301.1527
2018-01-12 00:00:00,301.0739
2018-01-12 03:00:00,301.1092
2018-01-12 06:00:00,301.2647
2018-01-12 09:00:00,301.52368
2018-01-12 12:00:00,301.8438
2018-01-12 15:00:00,302.0724
2018-01-12 18:00:00,301.9165
2018-01-12 21:00:00,300.35193
2018-01-13 00:00:00,294.31543
2018-01-13 03:00:00,283.05054
2018-01-13 06:00:00,275.40857
2018-01-13 09:00:00,285.26764
2018-01-13 12:00:00,291.54126
2018-01-13 15:00:00,292.40625
2018-01-13 18:00:00,293.3985
2018-01-13 21:00:00,293.9624
2018-01-14 00:00:00,293.9926
2018-01-14 03:00:00,294.58105
2018-01-14 06:00:00,296.28326
2018-01-14 09:00:00,297.92584
2018-01-14 12:00:00,298.1856
2018-01-14 15:00:00,299.3089
2018-01-14 18:00:00,301.67493
2018-01-14 21:00:00,303.35095
2018-01-15 00:00:00,303.15228
2018-01-15 03:00:00,303.85968
2018-01-15 06:00:00,305.23035
2018-01-15 09:00:00,306.75934
2018-01-15 12:00:00,308.30896
2018-01-15 15:00:00,308.60193
2018-01-15 18:00:00,310.5713
2018-01-15 21:00:00,311.48047
2018-01-16 00:00:00,310.72717
2018-01-16 03:00:00,310.07825
2018-01-16 06:00:00,309.1681
2018-01-16 09:00:00,309.04218
2018-01-16 12:00:00,310.05505
2018-01-16 15:00:00,312.5368
2018-01-16 18:00:00,316.57184
2018-01-16 21:00:00,321.2035
2018-01-17 00:00:00,324.7068
2018-01-17 03:00:00,327.62274
2018-01-17 06:00:00,328.19592
2018-01-17 09:00:00,329.9378
2018-01-17 12:00:00,329.57086
2018-01-17 15:00:00,330.13397
2018-01-17 18:00:00,330.09442
2018-01-17 21:00:00,330.66608
2018-01-18 00:00:00,330.72852
2018-01-18 03:00:00,330.52493
2018-01-18 06:00:00,329.9737
2018-01-18 09:00:00,328.88452
2018-01-18 12:00:00,327.84198
2018-01-18 15:00:00,326.79846
2018-01-18 18:00:00,326.03802
2018-01-18 21:00:00,326.19714
2018-01-19 00:00:00,327.32507
2018-01-19 03:00:00,327.3009
2018-01-19 06:00:00,326.56323
2018-01-19 09:00:00,326.82846
2018-01-19 12:00:00,327.104
2018-01-19 15:00:00,325.48456
2018-01-19 18:00:00,324.13593
2018-01-19 21:00:00,323.5671
2018-01-20 00:00:00,323.11743
2018-01-20 03:00:00,322.82883
2018-01-20 06:00:00,322.83606
2018-01-20 09:00:00,322.706
2018-01-20 12:00:00,322.66772
2018-01-20 15:00:00,322.8021
2018-01-20 18:00:00,323.58057
2018-01-20 21:00:00,324.50876
2018-01-21 00:00:00,324.94614
2018-01-21 03:00:00,325.2992
2018-01-21 06:00:00,325.47748
2018-01-21 09:00:00,326.09186
2018-01-21 12:00:00,325.74738
2018-01-21 15:00:00,325.76727
2018-01-21 18:00:00,327.19965
2018-01-21 21:00:00,328.22375
2018-01-22 00:00:00,325.9002
2018-01-22 03:00:00,325.29376
2018-01-22 06:00:00,328.78326
2018-01-22 09:00:00,332.2743
2018-01-22 12:00:00,328.3164
2018-01-22 15:00:00,326.21936
2018-01-22 18:00:00,325.20398
2018-01-22 21:00:00,321.57275
2018-01-23 00:00:00,319.62708
2018-01-23 03:00:00,316.60254
2018-01-23 06:00:00,315.03967
2018-01-23 09:00:00,312.87
2018-01-23 12:00:00,309.00378
2018-01-23 15:00:00,307.61206
2018-01-23 18:00:00,307.30798
2018-01-23 21:00:00,305.97058
2018-01-24 00:00:00,303.68616
2018-01-24 03:00:00,302.4303
2018-01-24 06:00:00,302.29004
2018-01-24 09:00:00,301.93005
2018-01-24 12:00:00,301.4074
2018-01-24 15:00:00,301.8227
2018-01-24 18:00:00,303.22833
2018-01-24 21:00:00,304.7975
2018-01-25 00:00:00,306.34796
2018-01-25 03:00:00,307.6058
2018-01-25 06:00:00,308.3695
2018-01-25 09:00:00,308.42242
2018-01-25 12:00:00,308.31836
2018-01-25 15:00:00,308.28235
2018-01-25 18:00:00,309.48676
2018-01-25 21:00:00,311.84406
2018-01-26 00:00:00,312.20447
2018-01-26 03:00:00,312.36963
2018-01-26 06:00:00,312.57983
2018-01-26 09:00:00,314.20105
2018-01-26 12:00:00,316.1679
2018-01-26 15:00:00,317.20355
2018-01-26 18:00:00,320.8295
2018-01-26 21:00:00,323.41034
2018-01-27 00:00:00,323.3479
2018-01-27 03:00:00,325.22107
2018-01-27 06:00:00,325.9074
2018-01-27 09:00:00,326.8221
2018-01-27 12:00:00,326.69934
2018-01-27 15:00:00,326.57294
2018-01-27 18:00:00,328.73517
2018-01-27 21:00:00,331.1513
2018-01-28 00:00:00,333.25116
2018-01-28 03:00:00,336.90125
2018-01-28 06:00:00,344.21155
2018-01-28 09:00:00,349.11786
2018-01-28 12:00:00,348.63568
2018-01-28 15:00:00,348.30627
2018-01-28 18:00:00,342.2279
2018-01-28 21:00:00,339.29834
2018-01-29 00:00:00,349.85455
2018-01-29 03:00:00,1.884078
2018-01-29 06:00:00,5.3515863
2018-01-29 09:00:00,6.6644936
2018-01-29 12:00:00,3.6253672
2018-01-29 15:00:00,348.10336
2018-01-29 18:00:00,336.7289
2018-01-29 21:00:00,332.47223
2018-01-30 00:00:00,329.29077
2018-01-30 03:00:00,325.31323
2018-01-30 06:00:00,323.13318
2018-01-30 09:00:00,327.92377
2018-01-30 12:00:00,325.93982
2018-01-30 15:00:00,322.16443
2018-01-30 18:00:00,321.62115
2018-01-30 21:00:00,325.83618
2018-01-31 00:00:00,333.24615
2018-01-31 03:00:00,334.4696
2018-01-31 06:00:00,331.15942
2018-01-31 09:00:00,330.48596
2018-01-31 12:00:00,329.5392
2018-01-31 15:00:00,326.97235
2018-01-31 18:00:00,327.11877
2018-01-31 21:00:00,328.85327
2018-02-01 00:00:00,330.6579
2018-02-01 03:00:00,328.89435
2018-02-01 06:00:00,327.79056
2018-02-01 09:00:00,328.89984
2018-02-01 12:00:00,329.56415
2018-02-01 15:00:00,332.20782
2018-02-01 18:00:00,332.6186
2018-02-01 21:00:00,334.25003
2018-02-02 00:00:00,334.64877
2018-02-02 03:00:00,334.16412
2018-02-02 06:00:00,335.14047
2018-02-02 09:00:00,334.99634
2018-02-02 12:00:00,334.03125
2018-02-02 15:00:00,333.0014
2018-02-02 18:00:00,333.2775
2018-02-02 21:00:00,334.18356
2018-02-03 00:00:00,332.61914
2018-02-03 03:00:00,332.11035
2018-02-03 06:00:00,332.2901
2018-02-03 09:00:00,332.35345
2018-02-03 12:00:00,330.9641
2018-02-03 15:00:00,329.85962
2018-02-03 18:00:00,327.40247
2018-02-03 21:00:00,323.6754
2018-02-04 00:00:00,327.07446
2018-02-04 03:00:00,328.97736
2018-02-04 06:00:00,328.02585
2018-02-04 09:00:00,328.07886
2018-02-04 12:00:00,328.63397
2018-02-04 15:00:00,328.08923
2018-02-04 18:00:00,328.2345
2018-02-04 21:00:00,329.74713
2018-02-05 00:00:00,329.49197
2018-02-05 03:00:00,327.1897
2018-02-05 06:00:00,325.60278
2018-02-05 09:00:00,324.9092
2018-02-05 12:00:00,325.71054
2018-02-05 15:00:00,326.0335
2018-02-05 18:00:00,326.96927
2018-02-05 21:00:00,330.6342
2018-02-06 00:00:00,331.89087
2018-02-06 03:00:00,332.64108
2018-02-06 06:00:00,334.42664
2018-02-06 09:00:00,336.52475
2018-02-06 12:00:00,336.77124
2018-02-06 15:00:00,334.42242
2018-02-06 18:00:00,335.09378
2018-02-06 21:00:00,337.55847
2018-02-07 00:00:00,336.82846
2018-02-07 03:00:00,334.11792
2018-02-07 06:00:00,333.07086
2018-02-07 09:00:00,332.03064
2018-02-07 12:00:00,328.55682
2018-02-07 15:00:00,327.94275
2018-02-07 18:00:00,329.97247
2018-02-07 21:00:00,330.3614
2018-02-08 00:00:00,331.39417
2018-02-08 03:00:00,331.85785
2018-02-08 06:00:00,332.51825
2018-02-08 09:00:00,333.68323
2018-02-08 12:00:00,332.76096
2018-02-08 15:00:00,333.1186
2018-02-08 18:00:00,333.73047
2018-02-08 21:00:00,332.97818
2018-02-09 00:00:00,331.1994
2018-02-09 03:00:00,328.53455
2018-02-09 06:00:00,326.26782
2018-02-09 09:00:00,322.20813
2018-02-09 12:00:00,318.44714
2018-02-09 15:00:00,318.51807
2018-02-09 18:00:00,319.37518
2018-02-09 21:00:00,322.2987
2018-02-10 00:00:00,326.09668
2018-02-10 03:00:00,328.56708
2018-02-10 06:00:00,329.51416
2018-02-10 09:00:00,329.4786
2018-02-10 12:00:00,329.34225
2018-02-10 15:00:00,329.15195
2018-02-10 18:00:00,329.45416
2018-02-10 21:00:00,331.38
2018-02-11 00:00:00,329.67938
2018-02-11 03:00:00,328.31287
2018-02-11 06:00:00,327.07275
2018-02-11 09:00:00,324.77612
2018-02-11 12:00:00,323.0276
2018-02-11 15:00:00,321.8598
2018-02-11 18:00:00,321.01373
2018-02-11 21:00:00,319.7627
2018-02-12 00:00:00,318.65027
2018-02-12 03:00:00,317.39392
2018-02-12 06:00:00,316.00983
2018-02-12 09:00:00,317.53
2018-02-12 12:00:00,319.102
2018-02-12 15:00:00,319.89313
2018-02-12 18:00:00,320.9566
2018-02-12 21:00:00,321.78333
2018-02-13 00:00:00,322.3476
2018-02-13 03:00:00,322.70374
2018-02-13 06:00:00,322.73737
2018-02-13 09:00:00,322.4754
2018-02-13 12:00:00,321.89618
2018-02-13 15:00:00,321.02576
2018-02-13 18:00:00,320.32507
2018-02-13 21:00:00,320.09497
2018-02-14 00:00:00,319.79388
2018-02-14 03:00:00,319.08722
2018-02-14 06:00:00,318.0
2018-02-14 09:00:00,316.91412
2018-02-14 12:00:00,315.84412
2018-02-14 15:00:00,314.35376
2018-02-14 18:00:00,312.8744
2018-02-14 21:00:00,311.5171
2018-02-15 00:00:00,310.19434
2018-02-15 03:00:00,308.9984
2018-02-15 06:00:00,308.0426
2018-02-15 09:00:00,307.31543
2018-02-15 12:00:00,307.33032
2018-02-15 15:00:00,308.93768
2018-02-15 18:00:00,311.70392
2018-02-15 21:00:00,313.78778
2018-02-16 00:00:00,314.43365
2018-02-16 03:00:00,314.50067
2018-02-16 06:00:00,314.50897
2018-02-16 09:00:00,314.60287
2018-02-16 12:00:00,314.65683
2018-02-16 15:00:00,314.54236
2018-02-16 18:00:00,314.3943
2018-02-16 21:00:00,314.29053
2018-02-17 00:00:00,314.25146
2018-02-17 03:00:00,314.3075
2018-02-17 06:00:00,314.36768
2018-02-17 09:00:00,314.3532
2018-02-17 12:00:00,314.33606
2018-02-17 15:00:00,314.3896
2018-02-17 18:00:00,314.794
2018-02-17 21:00:00,315.28018
2018-02-18 00:00:00,316.3282
2018-02-18 03:00:00,317.2623
2018-02-18 06:00:00,318.10327
2018-02-18 09:00:00,318.52484
2018-02-18 12:00:00,318.61203
2018-02-18 15:00:00,318.133
2018-02-18 18:00:00,317.79288
2018-02-18 21:00:00,318.32104
2018-02-19 00:00:00,318.49442
2018-02-19 03:00:00,318.20465
2018-02-19 06:00:00,318.5969
2018-02-19 09:00:00,319.66895
2018-02-19 12:00:00,318.6277
2018-02-19 15:00:00,317.3734
2018-02-19 18:00:00,319.5863
2018-02-19 21:00:00,320.6596
2018-02-20 00:00:00,318.57874
2018-02-20 03:00:00,315.89203
2018-02-20 06:00:00,313.7215
2018-02-20 09:00:00,312.00165
2018-02-20 12:00:00,310.26294
2018-02-20 15:00:00,309.00238
2018-02-20 18:00:00,309.3767
2018-02-20 21:00:00,309.87646
2018-02-21 00:00:00,309.40106
2018-02-21 03:00:00,309.34766
2018-02-21 06:00:00,309.49258
2018-02-21 09:00:00,310.07578
2018-02-21 12:00:00,311.17517
2018-02-21 15:00:00,312.14862
2018-02-21 18:00:00,313.4704
2018-02-21 21:00:00,314.48584
2018-02-22 00:00:00,313.2912
2018-02-22 03:00:00,311.18585
2018-02-22 06:00:00,309.00745
2018-02-22 09:00:00,307.17334
2018-02-22 12:00:00,304.7848
2018-02-22 15:00:00,302.96204
2018-02-22 18:00:00,301.94995
2018-02-22 21:00:00,301.56873
2018-02-23 00:00:00,301.32092
2018-02-23 03:00:00,300.9848
2018-02-23 06:00:00,300.5808
2018-02-23 09:00:00,300.0332
2018-02-23 12:00:00,299.27533
2018-02-23 15:00:00,298.42273
2018-02-23 18:00:00,297.65692
2018-02-23 21:00:00,297.3852
2018-02-24 00:00:00,297.41577
2018-02-24 03:00:00,298.00574
2018-02-24 06:00:00,299.11646
2018-02-24 09:00:00,300.3385
2018-02-24 12:00:00,301.30212
2018-02-24 15:00:00,302.0401
2018-02-24 18:00:00,302.58594
2018-02-24 21:00:00,303.35962
2018-02-25 00:00:00,304.45148
2018-02-25 03:00:00,305.89142
2018-02-25 06:00:00,307.1656
2018-02-25 09:00:00,308.0321
2018-02-25 12:00:00,307.94122
2018-02-25 15:00:00,306.2155
2018-02-25 18:00:00,304.50006
2018-02-25 21:00:00,303.18256
2018-02-26 00:00:00,299.64172
2018-02-26 03:00:00,295.21118
2018-02-26 06:00:00,289.25403
2018-02-26 09:00:00,287.9065
2018-02-26 12:00:00,274.68848
2018-02-26 15:00:00,266.583
2018-02-26 18:00:00,277.41577
2018-02-26 21:00:00,277.73108
2018-02-27 00:00:00,278.52405
2018-02-27 03:00:00,278.68323
2018-02-27 06:00:00,278.61194
2018-02-27 09:00:00,279.12805
2018-02-27 12:00:00,278.57056
2018-02-27 15:00:00,270.6814
2018-02-27 18:00:00,259.68378
2018-02-27 21:00:00,244.07047
2018-02-28 00:00:00,235.78906
2018-02-28 03:00:00,239.13443
2018-02-28 06:00:00,242.03139
2018-02-28 09:00:00,244.0707
2018-02-28 12:00:00,244.33597
2018-02-28 15:00:00,244.29912
2018-02-28 18:00:00,243.47345
2018-02-28 21:00:00,233.45473
2018-03-01 00:00:00,230.33171
2018-03-01 03:00:00,232.08112
2018-03-01 06:00:00,234.54326
2018-03-01 09:00:00,237.35493
2018-03-01 12:00:00,242.17192
2018-03-01 15:00:00,248.38683
2018-03-01 18:00:00,249.56543
2018-03-01 21:00:00,249.09554
2018-03-02 00:00:00,249.97966
2018-03-02 03:00:00,251.23035
2018-03-02 06:00:00,248.7817
2018-03-02 09:00:00,241.99039
2018-03-02 12:00:00,233.81413
2018-03-02 15:00:00,236.31262
2018-03-02 18:00:00,240.68782
2018-03-02 21:00:00,245.76622
2018-03-03 00:00:00,248.32062
2018-03-03 03:00:00,249.97768
2018-03-03 06:00:00,251.15671
2018-03-03 09:00:00,251.71207
2018-03-03 12:00:00,252.26765
2018-03-03 15:00:00,251.05692
2018-03-03 18:00:00,248.30101
2018-03-03 21:00:00,248.43849
2018-03-04 00:00:00,252.03441
2018-03-04 03:00:00,255.93633
2018-03-04 06:00:00,258.48486
2018-03-04 09:00:00,259.91504
2018-03-04 12:00:00,258.8284
2018-03-04 15:00:00,246.50786
2018-03-04 18:00:00,250.15134
2018-03-04 21:00:00,255.64238
2018-03-05 00:00:00,257.448
2018-03-05 03:00:00,256.77695
2018-03-05 06:00:00,256.7788
2018-03-05 09:00:00,264.00067
2018-03-05 12:00:00,273.89154
2018-03-05 15:00:00,279.14233
2018-03-05 18:00:00,280.9004
2018-03-05 21:00:00,280.92395
2018-03-06 00:00:00,280.52356
2018-03-06 03:00:00,280.24487
2018-03-06 06:00:00,280.32288
2018-03-06 09:00:00,280.92395
2018-03-06 12:00:00,281.62585
2018-03-06 15:00:00,282.2517
2018-03-06 18:00:00,283.98743
2018-03-06 21:00:00,285.63525
2018-03-07 00:00:00,287.41028
2018-03-07 03:00:00,288.5874
2018-03-07 06:00:00,289.8125
2018-03-07 09:00:00,290.78943
2018-03-07 12:00:00,284.96228
2018-03-07 15:00:00,264.32275
2018-03-07 18:00:00,211.68234
2018-03-07 21:00:00,250.80492
2018-03-08 00:00:00,258.75284
2018-03-08 03:00:00,261.12708
2018-03-08 06:00:00,262.20493
2018-03-08 09:00:00,262.55188
2018-03-08 12:00:00,263.16284
2018-03-08 15:00:00,263.13867
2018-03-08 18:00:00,262.9347
2018-03-08 21:00:00,261.44043
2018-03-09 00:00:00,255.7772
2018-03-09 03:00:00,245.05139
2018-03-09 06:00:00,237.15482
2018-03-09 09:00:00,235.08601
2018-03-09 12:00:00,232.70679
2018-03-09 15:00:00,233.49292
2018-03-09 18:00:00,231.94626
2018-03-09 21:00:00,234.42036
2018-03-10 00:00:00,241.49469
2018-03-10 03:00:00,251.14233
2018-03-10 06:00:00,258.3446
2018-03-10 09:00:00,262.56
2018-03-10 12:00:00,264.5158
2018-03-10 15:00:00,264.469
2018-03-10 18:00:00,262.41187
2018-03-10 21:00:00,264.19592
2018-03-11 00:00:00,267.14117
2018-03-11 03:00:00,271.84625
2018-03-11 06:00:00,277.07117
2018-03-11 09:00:00,282.40027
2018-03-11 12:00:00,285.92834
2018-03-11 15:00:00,287.83667
2018-03-11 18:00:00,289.39893
2018-03-11 21:00:00,291.50787
2018-03-12 00:00:00,293.81488
2018-03-12 03:00:00,296.1969
2018-03-12 06:00:00,298.2671
2018-03-12 09:00:00,299.9076
2018-03-12 12:00:00,301.4027
2018-03-12 15:00:00,302.8203
2018-03-12 18:00:00,304.12793
2018-03-12 21:00:00,305.16528
2018-03-13 00:00:00,306.22876
2018-03-13 03:00:00,305.4895
2018-03-13 06:00:00,305.07825
2018-03-13 09:00:00,304.82068
2018-03-13 12:00:00,305.10303
2018-03-13 15:00:00,305.14355
2018-03-13 18:00:00,304.0647
2018-03-13 21:00:00,302.16797
2018-03-14 00:00:00,292.54224
2018-03-14 03:00:00,279.83813
2018-03-14 06:00:00,264.6951
2018-03-14 09:00:00,247.09454
2018-03-14 12:00:00,238.61835
2018-03-14 15:00:00,241.90636
2018-03-14 18:00:00,258.06097
2018-03-14 21:00:00,268.15836
2018-03-15 00:00:00,276.85522
2018-03-15 03:00:00,282.2516
2018-03-15 06:00:00,285.41785
2018-03-15 09:00:00,287.45715
2018-03-15 12:00:00,288.32776
2018-03-15 15:00:00,289.6576
2018-03-15 18:00:00,290.77374
2018-03-15 21:00:00,291.47314
2018-03-16 00:00:00,292.4131
2018-03-16 03:00:00,294.0509
2018-03-16 06:00:00,296.25
2018-03-16 09:00:00,298.60718
2018-03-16 12:00:00,300.66052
2018-03-16 15:00:00,302.02747
2018-03-16 18:00:00,303.2113
2018-03-16 21:00:00,304.4931
2018-03-17 00:00:00,305.01685
2018-03-17 03:00:00,301.3711
2018-03-17 06:00:00,293.98413
2018-03-17 09:00:00,287.6903
2018-03-17 12:00:00,289.1176
2018-03-17 15:00:00,283.5971
2018-03-17 18:00:00,279.6269
2018-03-17 21:00:00,284.6338
2018-03-18 00:00:00,286.3479
2018-03-18 03:00:00,286.6648
2018-03-18 06:00:00,287.4945
2018-03-18 09:00:00,289.31348
2018-03-18 12:00:00,291.30676
2018-03-18 15:00:00,293.25916
2018-03-18 18:00:00,295.7478
2018-03-18 21:00:00,297.57068
2018-03-19 00:00:00,297.5409
2018-03-19 03:00:00,297.00012
2018-03-19 06:00:00,295.9015
2018-03-19 09:00:00,291.22754
2018-03-19 12:00:00,284.30603
2018-03-19 15:00:00,285.17685
2018-03-19 18:00:00,295.1188
2018-03-19 21:00:00,310.05737
2018-03-20 00:00:00,315.92114
2018-03-20 03:00:00,320.7743
2018-03-20 06:00:00,325.03088
2018-03-20 09:00:00,326.0951
2018-03-20 12:00:00,325.4696
2018-03-20 15:00:00,323.81158
2018-03-20 18:00:00,324.75903
2018-03-20 21:00:00,324.48486
2018-03-21 00:00:00,320.92432
2018-03-21 03:00:00,317.00244
2018-03-21 06:00:00,314.1538
2018-03-21 09:00:00,311.9461
2018-03-21 12:00:00,307.9336
2018-03-21 15:00:00,305.72754
2018-03-21 18:00:00,307.23755
2018-03-21 21:00:00,309.4707
2018-03-22 00:00:00,306.82495
2018-03-22 03:00:00,303.06543
2018-03-22 06:00:00,301.04248
2018-03-22 09:00:00,300.43835
2018-03-22 12:00:00,298.422
2018-03-22 15:00:00,298.48352
2018-03-22 18:00:00,300.88043
2018-03-22 21:00:00,302.78284
2018-03-23 00:00:00,301.90723
2018-03-23 03:00:00,298.8921
2018-03-23 06:00:00,295.37817
2018-03-23 09:00:00,290.08813
2018-03-23 12:00:00,284.98456
2018-03-23 15:00:00,285.35358
2018-03-23 18:00:00,283.6538
2018-03-23 21:00:00,280.3728
2018-03-24 00:00:00,283.9735
2018-03-24 03:00:00,307.37
2018-03-24 06:00:00,313.63605
2018-03-24 09:00:00,317.13312
2018-03-24 12:00:00,318.65778
2018-03-24 15:00:00,320.5501
2018-03-24 18:00:00,321.80792
2018-03-24 21:00:00,321.63757
2018-03-25 00:00:00,320.0161
2018-03-25 03:00:00,313.0083
2018-03-25 06:00:00,309.36975
2018-03-25 09:00:00,311.91016
2018-03-25 12:00:00,315.29364
2018-03-25 15:00:00,319.2038
2018-03-25 18:00:00,323.688
2018-03-25 21:00:00,327.5207
2018-03-26 00:00:00,326.88684
2018-03-26 03:00:00,326.40723
2018-03-26 06:00:00,327.78436
2018-03-26 09:00:00,327.96277
2018-03-26 12:00:00,325.58704
2018-03-26 15:00:00,324.62524
2018-03-26 18:00:00,324.25922
2018-03-26 21:00:00,325.95325
2018-03-27 00:00:00,325.0551
2018-03-27 03:00:00,322.91028
2018-03-27 06:00:00,320.89856
2018-03-27 09:00:00,320.2594
2018-03-27 12:00:00,316.35852
2018-03-27 15:00:00,313.86902
2018-03-27 18:00:00,312.5808
2018-03-27 21:00:00,311.4585
2018-03-28 00:00:00,309.7058
2018-03-28 03:00:00,308.31793
2018-03-28 06:00:00,307.8911
2018-03-28 09:00:00,307.57043
2018-03-28 12:00:00,307.0387
2018-03-28 15:00:00,306.25317
2018-03-28 18:00:00,307.21863
2018-03-28 21:00:00,307.3003
2018-03-29 00:00:00,306.26172
2018-03-29 03:00:00,307.71213
2018-03-29 06:00:00,313.2672
2018-03-29 09:00:00,311.54272
2018-03-29 12:00:00,309.73816
2018-03-29 15:00:00,308.46863
2018-03-29 18:00:00,306.24194
2018-03-29 21:00:00,302.11072
2018-03-30 00:00:00,302.9168
2018-03-30 03:00:00,307.57965
2018-03-30 06:00:00,310.94897
2018-03-30 09:00:00,312.31323
2018-03-30 12:00:00,311.5254
2018-03-30 15:00:00,308.2556
2018-03-30 18:00:00,303.5962
2018-03-30 21:00:00,305.84406
2018-03-31 00:00:00,308.78925
2018-03-31 03:00:00,311.69763
2018-03-31 06:00:00,313.86188
2018-03-31 09:00:00,315.37256
2018-03-31 12:00:00,316.05695
2018-03-31 15:00:00,316.1729
2018-03-31 18:00:00,316.05518
2018-03-31 21:00:00,315.78198
2018-04-01 00:00:00,315.41083
2018-04-01 03:00:00,315.2126
2018-04-01 06:00:00,314.98022
2018-04-01 09:00:00,314.5005
2018-04-01 12:00:00,313.49255
2018-04-01 15:00:00,310.43237
2018-04-01 18:00:00,304.13794
2018-04-01 21:00:00,295.5
2018-04-02 00:00:00,287.22168
2018-04-02 03:00:00,282.35254
2018-04-02 06:00:00,279.79785
2018-04-02 09:00:00,278.0796
2018-04-02 12:00:00,277.45068
2018-04-02 15:00:00,278.38763
2018-04-02 18:00:00,279.34424
2018-04-02 21:00:00,279.8321
2018-04-03 00:00:00,279.97253
2018-04-03 03:00:00,280.25342
2018-04-03 06:00:00,280.1681
2018-04-03 09:00:00,280.0614
2018-04-03 12:00:00,280.19714
2018-04-03 15:00:00,281.807
2018-04-03 18:00:00,283.9546
2018-04-03 21:00:00,290.31738
2018-04-04 00:00:00,295.5739
2018-04-04 03:00:00,298.54712
2018-04-04 06:00:00,299.43756
2018-04-04 09:00:00,299.49042
2018-04-04 12:00:00,299.6353
2018-04-04 15:00:00,299.9001
2018-04-04 18:00:00,300.1963
2018-04-04 21:00:00,300.4815
2018-04-05 00:00:00,300.73676
2018-04-05 03:00:00,301.1449
2018-04-05 06:00:00,301.75787
2018-04-05 09:00:00,302.5874
2018-04-05 12:00:00,303.70605
2018-04-05 15:00:00,305.08624
2018-04-05 18:00:00,306.47894
2018-04-05 21:00:00,307.58044
2018-04-06 00:00:00,307.72034
2018-04-06 03:00:00,305.84448
2018-04-06 06:00:00,301.21558
2018-04-06 09:00:00,295.23535
2018-04-06 12:00:00,289.18958
2018-04-06 15:00:00,289.5984
2018-04-06 18:00:00,291.30505
2018-04-06 21:00:00,292.3246
2018-04-07 00:00:00,293.16748
2018-04-07 03:00:00,294.07904
2018-04-07 06:00:00,294.98663
2018-04-07 09:00:00,295.4427
2018-04-07 12:00:00,295.43347
2018-04-07 15:00:00,295.193
2018-04-07 18:00:00,295.64838
2018-04-07 21:00:00,296.958
2018-04-08 00:00:00,298.22168
2018-04-08 03:00:00,299.4928
2018-04-08 06:00:00,300.5719
2018-04-08 09:00:00,301.05634
2018-04-08 12:00:00,301.15118
2018-04-08 15:00:00,299.34314
2018-04-08 18:00:00,300.43512
2018-04-08 21:00:00,303.8142
2018-04-09 00:00:00,304.4464
2018-04-09 03:00:00,304.48132
2018-04-09 06:00:00,304.63452
2018-04-09 09:00:00,305.16943
2018-04-09 12:00:00,306.38568
2018-04-09 15:00:00,307.49084
2018-04-09 18:00:00,308.56512
2018-04-09 21:00:00,309.47864
2018-04-10 00:00:00,310.09875
2018-04-10 03:00:00,309.72803
2018-04-10 06:00:00,303.3225
2018-04-10 09:00:00,296.909
2018-04-10 12:00:00,295.8299
2018-04-10 15:00:00,298.59607
2018-04-10 18:00:00,301.96283
2018-04-10 21:00:00,303.55496
2018-04-11 00:00:00,308.83603
2018-04-11 03:00:00,313.54144
2018-04-11 06:00:00,315.6421
2018-04-11 09:00:00,316.5874
2018-04-11 12:00:00,316.0033
2018-04-11 15:00:00,315.95892
2018-04-11 18:00:00,315.68506
2018-04-11 21:00:00,315.14026
2018-04-12 00:00:00,314.28363
2018-04-12 03:00:00,312.95374
2018-04-12 06:00:00,310.4414
2018-04-12 09:00:00,291.18774
2018-04-12 12:00:00,291.79102
2018-04-12 15:00:00,292.43347
2018-04-12 18:00:00,292.45996
2018-04-12 21:00:00,293.55005
2018-04-13 00:00:00,292.93225
2018-04-13 03:00:00,295.3603
2018-04-13 06:00:00,298.5335
2018-04-13 09:00:00,299.30798
2018-04-13 12:00:00,299.8922
2018-04-13 15:00:00,300.86786
2018-04-13 18:00:00,302.65912
2018-04-13 21:00:00,304.64612
2018-04-14 00:00:00,305.77795
2018-04-14 03:00:00,306.91284
2018-04-14 06:00:00,307.67047
2018-04-14 09:00:00,307.9909
2018-04-14 12:00:00,307.9856
2018-04-14 15:00:00,308.203
2018-04-14 18:00:00,308.46393
2018-04-14 21:00:00,308.73157
2018-04-15 00:00:00,308.3147
2018-04-15 03:00:00,306.6045
2018-04-15 06:00:00,303.89697
2018-04-15 09:00:00,302.54004
2018-04-15 12:00:00,301.12708
2018-04-15 15:00:00,301.64148
2018-04-15 18:00:00,302.33447
2018-04-15 21:00:00,302.35974
2018-04-16 00:00:00,302.28198
2018-04-16 03:00:00,302.51013
2018-04-16 06:00:00,303.1728
2018-04-16 09:00:00,304.14148
2018-04-16 12:00:00,305.16492
2018-04-16 15:00:00,306.03528
2018-04-16 18:00:00,306.79773
2018-04-16 21:00:00,307.5103
2018-04-17 00:00:00,307.7373
2018-04-17 03:00:00,307.04248
2018-04-17 06:00:00,305.26184
2018-04-17 09:00:00,302.9176
2018-04-17 12:00:00,301.237
2018-04-17 15:00:00,300.4461
2018-04-17 18:00:00,299.96466
2018-04-17 21:00:00,299.45032
2018-04-18 00:00:00,298.7688
2018-04-18 03:00:00,298.02472
2018-04-18 06:00:00,297.34485
2018-04-18 09:00:00,296.81262
2018-04-18 12:00:00,296.50043
2018-04-18 15:00:00,296.40594
2018-04-18 18:00:00,296.54004
2018-04-18 21:00:00,296.80975
2018-04-19 00:00:00,297.12543
2018-04-19 03:00:00,297.35242
2018-04-19 06:00:00,297.51617
2018-04-19 09:00:00,297.6438
2018-04-19 12:00:00,297.72498
2018-04-19 15:00:00,297.8092
2018-04-19 18:00:00,298.21918
2018-04-19 21:00:00,299.25443
2018-04-20 00:00:00,300.54926
2018-04-20 03:00:00,301.67624
2018-04-20 06:00:00,302.53204
2018-04-20 09:00:00,304.66132
2018-04-20 12:00:00,304.674
2018-04-20 15:00:00,306.3009
2018-04-20 18:00:00,308.43433
2018-04-20 21:00:00,308.4016
2018-04-21 00:00:00,308.36755
2018-04-21 03:00:00,308.25018
2018-04-21 06:00:00,310.06317
2018-04-21 09:00:00,308.57623
2018-04-21 12:00:00,305.1298
2018-04-21 15:00:00,305.4065
2018-04-21 18:00:00,304.82428
2018-04-21 21:00:00,303.73163
2018-04-22 00:00:00,301.6173
2018-04-22 03:00:00,298.72968
2018-04-22 06:00:00,295.07043
2018-04-22 09:00:00,291.482
2018-04-22 12:00:00,289.6104
2018-04-22 15:00:00,289.51233
2018-04-22 18:00:00,289.91565
2018-04-22 21:00:00,290.89917
2018-04-23 00:00:00,293.22144
2018-04-23 03:00:00,294.77747
2018-04-23 06:00:00,297.08008
2018-04-23 09:00:00,298.9756
2018-04-23 12:00:00,300.43958
2018-04-23 15:00:00,302.60767
2018-04-23 18:00:00,305.258
2018-04-23 21:00:00,311.923
2018-04-24 00:00:00,316.6334
2018-04-24 03:00:00,316.32312
2018-04-24 06:00:00,316.63113
2018-04-24 09:00:00,315.4251
2018-04-24 12:00:00,315.99463
2018-04-24 15:00:00,316.561
2018-04-24 18:00:00,318.47314
2018-04-24 21:00:00,322.64096
2018-04-25 00:00:00,323.94318
2018-04-25 03:00:00,325.5252
2018-04-25 06:00:00,324.73657
2018-04-25 09:00:00,323.7229
2018-04-25 12:00:00,323.86816
2018-04-25 15:00:00,325.19818
2018-04-25 18:00:00,325.76584
2018-04-25 21:00:00,326.89087
2018-04-26 00:00:00,326.77472
2018-04-26 03:00:00,323.9654
2018-04-26 06:00:00,323.79706
2018-04-26 09:00:00,323.84772
2018-04-26 12:00:00,321.95453
2018-04-26 15:00:00,320.76117
2018-04-26 18:00:00,320.5918
2018-04-26 21:00:00,322.80597
2018-04-27 00:00:00,323.52118
2018-04-27 03:00:00,322.84558
2018-04-27 06:00:00,322.2058
2018-04-27 09:00:00,320.57983
2018-04-27 12:00:00,318.51025
2018-04-27 15:00:00,315.8457
2018-04-27 18:00:00,314.19727
2018-04-27 21:00:00,317.75043
2018-04-28 00:00:00,319.28394
2018-04-28 03:00:00,320.12506
2018-04-28 06:00:00,320.80518
2018-04-28 09:00:00,320.5852
2018-04-28 12:00:00,320.56598
2018-04-28 15:00:00,315.73486
2018-04-28 18:00:00,305.83478
2018-04-28 21:00:00,303.37598
2018-04-29 00:00:00,304.4925
2018-04-29 03:00:00,302.7505
2018-04-29 06:00:00,301.43756
2018-04-29 09:00:00,300.8073
2018-04-29 12:00:00,301.4712
2018-04-29 15:00:00,302.39716
2018-04-29 18:00:00,303.76093
2018-04-29 21:00:00,305.2199
2018-04-30 00:00:00,306.51337
2018-04-30 03:00:00,307.60724
2018-04-30 06:00:00,308.48755
2018-04-30 09:00:00,309.63684
2018-04-30 12:00:00,310.47693
2018-04-30 15:00:00,311.18018
2018-04-30 18:00:00,311.73737
2018-04-30 21:00:00,313.0251
2018-05-01 00:00:00,315.9508
2018-05-01 03:00:00,319.12622
2018-05-01 06:00:00,322.22366
2018-05-01 09:00:00,324.92285
2018-05-01 12:00:00,324.4851
2018-05-01 15:00:00,323.5008
2018-05-01 18:00:00,323.32373
2018-05-01 21:00:00,323.49084
2018-05-02 00:00:00,321.75122
2018-05-02 03:00:00,319.23828
2018-05-02 06:00:00,316.3534
2018-05-02 09:00:00,312.48486
2018-05-02 12:00:00,307.85498
2018-05-02 15:00:00,304.07227
2018-05-02 18:00:00,302.23535
2018-05-02 21:00:00,301.68384
2018-05-03 00:00:00,302.70557
2018-05-03 03:00:00,304.91956
2018-05-03 06:00:00,307.5044
2018-05-03 09:00:00,309.55957
2018-05-03 12:00:00,312.0163
2018-05-03 15:00:00,312.36884
2018-05-03 18:00:00,316.19785
2018-05-03 21:00:00,318.68008
2018-05-04 00:00:00,319.50192
2018-05-04 03:00:00,319.9878
2018-05-04 06:00:00,321.00122
2018-05-04 09:00:00,322.51
2018-05-04 12:00:00,323.49448
2018-05-04 15:00:00,324.53458
2018-05-04 18:00:00,325.66376
2018-05-04 21:00:00,326.54105
2018-05-05 00:00:00,326.61902
2018-05-05 03:00:00,326.33694
2018-05-05 06:00:00,325.8998
2018-05-05 09:00:00,325.2592
2018-05-05 12:00:00,324.44122
2018-05-05 15:00:00,323.76324
2018-05-05 18:00:00,323.35205
2018-05-05 21:00:00,323.07037
2018-05-06 00:00:00,322.57202
2018-05-06 03:00:00,322.07928
2018-05-06 06:00:00,321.87048
2018-05-06 09:00:00,321.18536
2018-05-06 12:00:00,320.47455
2018-05-06 15:00:00,319.9054
2018-05-06 18:00:00,319.98087
2018-05-06 21:00:00,320.63824
2018-05-07 00:00:00,321.919
2018-05-07 03:00:00,322.01685
2018-05-07 06:00:00,321.41467
2018-05-07 09:00:00,320.92566
2018-05-07 12:00:00,320.5868
2018-05-07 15:00:00,320.21136
2018-05-07 18:00:00,320.02905
2018-05-07 21:00:00,319.89502
2018-05-08 00:00:00,319.65326
2018-05-08 03:00:00,319.31943
2018-05-08 06:00:00,319.40887
2018-05-08 09:00:00,319.68732
2018-05-08 12:00:00,321.53116
2018-05-08 15:00:00,321.6176
2018-05-08 18:00:00,323.68375
2018-05-08 21:00:00,326.9716
2018-05-09 00:00:00,328.21893
2018-05-09 03:00:00,328.4422
2018-05-09 06:00:00,326.51428
2018-05-09 09:00:00,323.89673
2018-05-09 12:00:00,320.4806
2018-05-09 15:00:00,319.38666
2018-05-09 18:00:00,318.96124
2018-05-09 21:00:00,320.05835
2018-05-10 00:00:00,319.74066
2018-05-10 03:00:00,320.2782
2018-05-10 06:00:00,320.78247
2018-05-10 09:00:00,320.47473
2018-05-10 12:00:00,320.3828
2018-05-10 15:00:00,320.12347
2018-05-10 18:00:00,320.4734
2018-05-10 21:00:00,320.96234
2018-05-11 00:00:00,321.17575
2018-05-11 03:00:00,321.05508
2018-05-11 06:00:00,320.67255
2018-05-11 09:00:00,320.20667
2018-05-11 12:00:00,319.3683
2018-05-11 15:00:00,318.64636
2018-05-11 18:00:00,318.0089
2018-05-11 21:00:00,317.50238
2018-05-12 00:00:00,316.83807
2018-05-12 03:00:00,319.8766
2018-05-12 06:00:00,325.05914
2018-05-12 09:00:00,326.9032
2018-05-12 12:00:00,321.7693
2018-05-12 15:00:00,319.92017
2018-05-12 18:00:00,321.6264
2018-05-12 21:00:00,323.44214
2018-05-13 00:00:00,323.12292
2018-05-13 03:00:00,323.84692
2018-05-13 06:00:00,324.05566
2018-05-13 09:00:00,324.2356
2018-05-13 12:00:00,320.7002
2018-05-13 15:00:00,319.8568
2018-05-13 18:00:00,321.5808
2018-05-13 21:00:00,324.07678
2018-05-14 00:00:00,324.26224
2018-05-14 03:00:00,325.86386
2018-05-14 06:00:00,327.83395
2018-05-14 09:00:00,329.42365
2018-05-14 12:00:00,327.46405
2018-05-14 15:00:00,325.48712
2018-05-14 18:00:00,326.8213
2018-05-14 21:00:00,328.24396
2018-05-15 00:00:00,329.27722
2018-05-15 03:00:00,328.543
2018-05-15 06:00:00,327.72717
2018-05-15 09:00:00,326.6978
2018-05-15 12:00:00,324.9945
2018-05-15 15:00:00,325.14166
2018-05-15 18:00:00,327.40802
2018-05-15 21:00:00,330.18936
2018-05-16 00:00:00,330.26648
2018-05-16 03:00:00,327.89587
2018-05-16 06:00:00,325.45648
2018-05-16 09:00:00,323.65857
2018-05-16 12:00:00,322.98804
2018-05-16 15:00:00,322.96918
2018-05-16 18:00:00,323.53192
2018-05-16 21:00:00,325.76096
2018-05-17 00:00:00,328.10645
2018-05-17 03:00:00,327.798
2018-05-17 06:00:00,326.71545
2018-05-17 09:00:00,325.8275
2018-05-17 12:00:00,325.30865
2018-05-17 15:00:00,325.07214
2018-05-17 18:00:00,325.34564
2018-05-17 21:00:00,325.64807
2018-05-18 00:00:00,325.91003
2018-05-18 03:00:00,325.97095
2018-05-18 06:00:00,325.96033
2018-05-18 09:00:00,325.87903
2018-05-18 12:00:00,325.364
2018-05-18 15:00:00,324.21576
2018-05-18 18:00:00,323.9381
2018-05-18 21:00:00,324.26935
2018-05-19 00:00:00,324.2503
2018-05-19 03:00:00,323.96173
2018-05-19 06:00:00,323.92657
2018-05-19 09:00:00,323.7135
2018-05-19 12:00:00,323.17303
2018-05-19 15:00:00,322.58636
2018-05-19 18:00:00,322.82495
2018-05-19 21:00:00,322.30347
2018-05-20 00:00:00,321.37274
2018-05-20 03:00:00,320.14655
2018-05-20 06:00:00,318.94916
2018-05-20 09:00:00,318.2032
2018-05-20 12:00:00,317.5946
2018-05-20 15:00:00,317.07367
2018-05-20 18:00:00,316.6537
2018-05-20 21:00:00,317.01727
2018-05-21 00:00:00,316.6184
2018-05-21 03:00:00,316.11395
2018-05-21 06:00:00,315.63953
2018-05-21 09:00:00,315.2987
2018-05-21 12:00:00,314.67108
2018-05-21 15:00:00,313.1443
2018-05-21 18:00:00,312.01758
2018-05-21 21:00:00,312.17798
2018-05-22 00:00:00,312.08508
2018-05-22 03:00:00,311.67236
2018-05-22 06:00:00,310.54993
2018-05-22 09:00:00,307.24585
2018-05-22 12:00:00,299.6787
2018-05-22 15:00:00,296.54614
2018-05-22 18:00:00,298.10974
2018-05-22 21:00:00,300.40027
2018-05-23 00:00:00,301.8777
2018-05-23 03:00:00,302.79913
2018-05-23 06:00:00,303.42896
2018-05-23 09:00:00,303.9131
2018-05-23 12:00:00,304.2126
2018-05-23 15:00:00,303.98303
2018-05-23 18:00:00,304.3017
2018-05-23 21:00:00,304.581
2018-05-24 00:00:00,304.53186
2018-05-24 03:00:00,304.3778
2018-05-24 06:00:00,303.36267
2018-05-24 09:00:00,302.1754
2018-05-24 12:00:00,300.6814
2018-05-24 15:00:00,298.50537
2018-05-24 18:00:00,297.4944
2018-05-24 21:00:00,298.349
2018-05-25 00:00:00,298.9143
2018-05-25 03:00:00,299.3709
2018-05-25 06:00:00,299.71912
2018-05-25 09:00:00,300.35547
2018-05-25 12:00:00,301.62134
2018-05-25 15:00:00,303.7352
2018-05-25 18:00:00,306.5639
2018-05-25 21:00:00,309.85373
2018-05-26 00:00:00,312.7728
2018-05-26 03:00:00,314.8676
2018-05-26 06:00:00,316.35324
2018-05-26 09:00:00,317.34442
2018-05-26 12:00:00,317.90967
2018-05-26 15:00:00,318.07837
2018-05-26 18:00:00,318.1883
2018-05-26 21:00:00,318.4087
2018-05-27 00:00:00,318.6032
2018-05-27 03:00:00,318.89777
2018-05-27 06:00:00,319.36267
2018-05-27 09:00:00,320.29883
2018-05-27 12:00:00,320.40308
2018-05-27 15:00:00,319.4181
2018-05-27 18:00:00,321.79117
2018-05-27 21:00:00,325.96973
2018-05-28 00:00:00,329.721
2018-05-28 03:00:00,329.19934
2018-05-28 06:00:00,328.20312
2018-05-28 09:00:00,325.5332
2018-05-28 12:00:00,321.04626
2018-05-28 15:00:00,319.10602
2018-05-28 18:00:00,321.48682
2018-05-28 21:00:00,321.943
2018-05-29 00:00:00,320.36743
2018-05-29 03:00:00,317.45068
2018-05-29 06:00:00,314.72095
2018-05-29 09:00:00,311.99524
2018-05-29 12:00:00,309.839
2018-05-29 15:00:00,307.99817
2018-05-29 18:00:00,306.6759
2018-05-29 21:00:00,307.2685
2018-05-30 00:00:00,307.96558
2018-05-30 03:00:00,308.20117
2018-05-30 06:00:00,308.261
2018-05-30 09:00:00,308.03638
2018-05-30 12:00:00,307.20435
2018-05-30 15:00:00,306.51807
2018-05-30 18:00:00,306.79907
2018-05-30 21:00:00,307.0597
2018-05-31 00:00:00,306.00122
2018-05-31 03:00:00,305.60217
2018-05-31 06:00:00,305.92963
2018-05-31 09:00:00,305.99622
2018-05-31 12:00:00,306.21613
2018-05-31 15:00:00,306.87604
2018-05-31 18:00:00,307.54266
2018-05-31 21:00:00,310.3871
2018-06-01 00:00:00,313.16113
2018-06-01 03:00:00,314.7981
2018-06-01 06:00:00,315.97913
2018-06-01 09:00:00,316.88513
2018-06-01 12:00:00,316.21698
2018-06-01 15:00:00,317.26276
2018-06-01 18:00:00,320.04773
2018-06-01 21:00:00,322.66846
2018-06-02 00:00:00,321.8709
2018-06-02 03:00:00,320.7011
2018-06-02 06:00:00,320.9306
2018-06-02 09:00:00,321.80872
2018-06-02 12:00:00,321.72662
2018-06-02 15:00:00,320.41205
2018-06-02 18:00:00,320.01202
2018-06-02 21:00:00,320.22327
2018-06-03 00:00:00,318.86584
2018-06-03 03:00:00,316.6278
2018-06-03 06:00:00,313.797
2018-06-03 09:00:00,310.52832
2018-06-03 12:00:00,311.15674
2018-06-03 15:00:00,311.07593
2018-06-03 18:00:00,310.94922
2018-06-03 21:00:00,311.6781
2018-06-04 00:00:00,310.3224
2018-06-04 03:00:00,310.20386
2018-06-04 06:00:00,309.90955
2018-06-04 09:00:00,309.48108
2018-06-04 12:00:00,309.40417
2018-06-04 15:00:00,308.88306
2018-06-04 18:00:00,308.08118
2018-06-04 21:00:00,307.69995
2018-06-05 00:00:00,306.9879
2018-06-05 03:00:00,306.67407
2018-06-05 06:00:00,306.84448
2018-06-05 09:00:00,306.8595
2018-06-05 12:00:00,305.7262
2018-06-05 15:00:00,304.88623
2018-06-05 18:00:00,305.09985
2018-06-05 21:00:00,305.60535
2018-06-06 00:00:00,304.98523
2018-06-06 03:00:00,304.90955
2018-06-06 06:00:00,305.141
2018-06-06 09:00:00,303.65515
2018-06-06 12:00:00,301.68176
2018-06-06 15:00:00,300.22095
2018-06-06 18:00:00,299.3839
2018-06-06 21:00:00,299.5481
2018-06-07 00:00:00,297.6129
2018-06-07 03:00:00,295.0321
2018-06-07 06:00:00,292.9491
2018-06-07 09:00:00,291.19678
2018-06-07 12:00:00,289.3047
2018-06-07 15:00:00,287.5481
2018-06-07 18:00:00,285.08765
2018-06-07 21:00:00,281.82837
2018-06-08 00:00:00,281.7046
2018-06-08 03:00:00,285.6176
2018-06-08 06:00:00,288.61334
2018-06-08 09:00:00,290.86102
2018-06-08 12:00:00,292.47736
2018-06-08 15:00:00,294.1643
2018-06-08 18:00:00,295.43433
2018-06-08 21:00:00,296.44208
2018-06-09 00:00:00,297.22784
2018-06-09 03:00:00,297.88495
2018-06-09 06:00:00,298.3451
2018-06-09 09:00:00,298.6963
2018-06-09 12:00:00,299.07623
2018-06-09 15:00:00,299.50293
2018-06-09 18:00:00,300.24
2018-06-09 21:00:00,302.7823
2018-06-10 00:00:00,304.23877
2018-06-10 03:00:00,304.25525
2018-06-10 06:00:00,303.9485
2018-06-10 09:00:00,303.674
2018-06-10 12:00:00,303.81146
2018-06-10 15:00:00,304.12628
2018-06-10 18:00:00,305.8515
2018-06-10 21:00:00,307.5559
2018-06-11 00:00:00,308.66547
2018-06-11 03:00:00,309.2614
2018-06-11 06:00:00,310.8089
2018-06-11 09:00:00,312.0033
2018-06-11 12:00:00,312.4619
2018-06-11 15:00:00,311.9485
2018-06-11 18:00:00,312.4375
2018-06-11 21:00:00,313.1809
2018-06-12 00:00:00,313.53815
2018-06-12 03:00:00,316.75208
2018-06-12 06:00:00,319.24768
2018-06-12 09:00:00,320.14282
2018-06-12 12:00:00,320.80176
2018-06-12 15:00:00,321.36548
2018-06-12 18:00:00,324.08276
2018-06-12 21:00:00,327.12164
2018-06-13 00:00:00,329.36707
2018-06-13 03:00:00,333.4768
2018-06-13 06:00:00,333.85754
2018-06-13 09:00:00,331.0006
2018-06-13 12:00:00,326.5503
2018-06-13 15:00:00,324.48712
2018-06-13 18:00:00,326.8611
2018-06-13 21:00:00,329.58508
2018-06-14 00:00:00,330.59384
2018-06-14 03:00:00,331.3454
2018-06-14 06:00:00,331.96484
2018-06-14 09:00:00,332.83234
2018-06-14 12:00:00,330.27856
2018-06-14 15:00:00,329.7384
2018-06-14 18:00:00,330.15796
2018-06-14 21:00:00,332.3614
2018-06-15 00:00:00,334.83612
2018-06-15 03:00:00,335.60498
2018-06-15 06:00:00,335.01318
2018-06-15 09:00:00,334.87646
2018-06-15 12:00:00,332.67273
2018-06-15 15:00:00,330.71283
2018-06-15 18:00:00,330.19464
2018-06-15 21:00:00,330.67303
2018-06-16 00:00:00,330.141
2018-06-16 03:00:00,332.0116
2018-06-16 06:00:00,329.5747
2018-06-16 09:00:00,327.0251
2018-06-16 12:00:00,325.31873
2018-06-16 15:00:00,325.53928
2018-06-16 18:00:00,326.9403
2018-06-16 21:00:00,329.39783
2018-06-17 00:00:00,328.31265
2018-06-17 03:00:00,327.68915
2018-06-17 06:00:00,325.23816
2018-06-17 09:00:00,323.65515
2018-06-17 12:00:00,323.11206
2018-06-17 15:00:00,322.8343
2018-06-17 18:00:00,323.18497
2018-06-17 21:00:00,323.86926
2018-06-18 00:00:00,324.03262
2018-06-18 03:00:00,323.6805
2018-06-18 06:00:00,323.17236
2018-06-18 09:00:00,322.56097
2018-06-18 12:00:00,321.9596
2018-06-18 15:00:00,321.48767
2018-06-18 18:00:00,321.0871
2018-06-18 21:00:00,320.5954
2018-06-19 00:00:00,320.07672
2018-06-19 03:00:00,319.39355
2018-06-19 06:00:00,318.64246
2018-06-19 09:00:00,317.7827
2018-06-19 12:00:00,316.89154
2018-06-19 15:00:00,315.43018
2018-06-19 18:00:00,314.97833
2018-06-19 21:00:00,314.64526
2018-06-20 00:00:00,314.00208
2018-06-20 03:00:00,313.07874
2018-06-20 06:00:00,311.82056
2018-06-20 09:00:00,310.23718
2018-06-20 12:00:00,307.5735
2018-06-20 15:00:00,306.48962
2018-06-20 18:00:00,305.70398
2018-06-20 21:00:00,305.20905
2018-06-21 00:00:00,304.89795
2018-06-21 03:00:00,304.65936
2018-06-21 06:00:00,304.55353
2018-06-21 09:00:00,304.50604
2018-06-21 12:00:00,305.28613
2018-06-21 15:00:00,304.8609
2018-06-21 18:00:00,305.3885
2018-06-21 21:00:00,308.06522
2018-06-22 00:00:00,308.29358
2018-06-22 03:00:00,307.7832
2018-06-22 06:00:00,307.04468
2018-06-22 09:00:00,306.53137
2018-06-22 12:00:00,306.14978
2018-06-22 15:00:00,306.7494
2018-06-22 18:00:00,307.86792
2018-06-22 21:00:00,309.396
2018-06-23 00:00:00,310.50452
2018-06-23 03:00:00,310.9109
2018-06-23 06:00:00,311.25964
2018-06-23 09:00:00,311.26965
2018-06-23 12:00:00,310.073
2018-06-23 15:00:00,309.36316
2018-06-23 18:00:00,308.771
2018-06-23 21:00:00,309.15576
2018-06-24 00:00:00,308.9724
2018-06-24 03:00:00,308.6106
2018-06-24 06:00:00,308.1046
2018-06-24 09:00:00,307.6985
2018-06-24 12:00:00,306.2434
2018-06-24 15:00:00,303.43225
2018-06-24 18:00:00,304.57056
2018-06-24 21:00:00,305.29596
2018-06-25 00:00:00,304.55048
2018-06-25 03:00:00,303.26953
2018-06-25 06:00:00,301.70068
2018-06-25 09:00:00,300.79834
2018-06-25 12:00:00,299.4812
2018-06-25 15:00:00,298.01
2018-06-25 18:00:00,297.46936
2018-06-25 21:00:00,298.70337
2018-06-26 00:00:00,301.00604
2018-06-26 03:00:00,303.16492
2018-06-26 06:00:00,301.61743
2018-06-26 09:00:00,301.21997
2018-06-26 12:00:00,300.70435
2018-06-26 15:00:00,304.6106
2018-06-26 18:00:00,308.95508
2018-06-26 21:00:00,316.57397
2018-06-27 00:00:00,317.50977
2018-06-27 03:00:00,315.51367
2018-06-27 06:00:00,308.2522
2018-06-27 09:00:00,302.7246
2018-06-27 12:00:00,304.917
2018-06-27 15:00:00,306.98853
2018-06-27 18:00:00,307.84302
2018-06-27 21:00:00,311.4364
2018-06-28 00:00:00,312.552
2018-06-28 03:00:00,311.5774
2018-06-28 06:00:00,308.7141
2018-06-28 09:00:00,306.05762
2018-06-28 12:00:00,300.3772
2018-06-28 15:00:00,298.00806
2018-06-28 18:00:00,296.24255
2018-06-28 21:00:00,297.9074
2018-06-29 00:00:00,299.91077
2018-06-29 03:00:00,301.8662
2018-06-29 06:00:00,299.75244
2018-06-29 09:00:00,299.12244
2018-06-29 12:00:00,303.10303
2018-06-29 15:00:00,303.76025
2018-06-29 18:00:00,311.82544
2018-06-29 21:00:00,310.78198
2018-06-30 00:00:00,305.4878
2018-06-30 03:00:00,299.51
2018-06-30 06:00:00,293.03552
2018-06-30 09:00:00,286.84924
2018-06-30 12:00:00,281.3396
2018-06-30 15:00:00,279.46558
2018-06-30 18:00:00,278.44482
2018-06-30 21:00:00,280.89502
2018-07-01 00:00:00,284.18176
2018-07-01 03:00:00,287.36755
2018-07-01 06:00:00,290.2005
2018-07-01 09:00:00,292.36066
2018-07-01 12:00:00,293.2516
2018-07-01 15:00:00,292.5713
2018-07-01 18:00:00,292.49512
2018-07-01 21:00:00,294.23535
2018-07-02 00:00:00,296.77637
2018-07-02 03:00:00,299.47333
2018-07-02 06:00:00,302.3506
2018-07-02 09:00:00,305.29767
2018-07-02 12:00:00,308.29913
2018-07-02 15:00:00,311.1046
2018-07-02 18:00:00,313.65985
2018-07-02 21:00:00,316.06354
2018-07-03 00:00:00,318.12738
2018-07-03 03:00:00,320.01636
2018-07-03 06:00:00,321.55658
2018-07-03 09:00:00,322.72498
2018-07-03 12:00:00,323.31342
2018-07-03 15:00:00,322.786
2018-07-03 18:00:00,321.58643
2018-07-03 21:00:00,320.47083
2018-07-04 00:00:00,319.786
2018-07-04 03:00:00,317.8772
2018-07-04 06:00:00,315.40186
2018-07-04 09:00:00,313.4701
2018-07-04 12:00:00,312.37122
2018-07-04 15:00:00,311.8877
2018-07-04 18:00:00,312.06775
2018-07-04 21:00:00,314.21423
2018-07-05 00:00:00,315.74316
2018-07-05 03:00:00,317.31335
2018-07-05 06:00:00,320.55334
2018-07-05 09:00:00,322.25903
2018-07-05 12:00:00,320.4956
2018-07-05 15:00:00,319.46313
2018-07-05 18:00:00,321.83398
2018-07-05 21:00:00,326.03442
2018-07-06 00:00:00,328.94556
2018-07-06 03:00:00,331.69507
2018-07-06 06:00:00,333.08643
2018-07-06 09:00:00,332.72266
2018-07-06 12:00:00,327.8236
2018-07-06 15:00:00,324.8993
2018-07-06 18:00:00,325.5973
2018-07-06 21:00:00,327.6897
2018-07-07 00:00:00,329.1598
2018-07-07 03:00:00,328.98682
2018-07-07 06:00:00,326.82812
2018-07-07 09:00:00,325.05273
2018-07-07 12:00:00,321.97437
2018-07-07 15:00:00,320.29932
2018-07-07 18:00:00,319.8849
2018-07-07 21:00:00,320.94196
2018-07-08 00:00:00,321.7616
2018-07-08 03:00:00,323.28687
2018-07-08 06:00:00,322.901
2018-07-08 09:00:00,320.52344
2018-07-08 12:00:00,316.92053
2018-07-08 15:00:00,315.1626
2018-07-08 18:00:00,314.3589
2018-07-08 21:00:00,314.33716
2018-07-09 00:00:00,315.01764
2018-07-09 03:00:00,316.11603
2018-07-09 06:00:00,317.40857
2018-07-09 09:00:00,318.07385
2018-07-09 12:00:00,318.49518
2018-07-09 15:00:00,318.53815
2018-07-09 18:00:00,318.21204
2018-07-09 21:00:00,318.54547
2018-07-10 00:00:00,319.07812
2018-07-10 03:00:00,318.98352
2018-07-10 06:00:00,318.12708
2018-07-10 09:00:00,316.62915
2018-07-10 12:00:00,315.03174
2018-07-10 15:00:00,313.4347
2018-07-10 18:00:00,312.2605
2018-07-10 21:00:00,311.4749
2018-07-11 00:00:00,310.72894
2018-07-11 03:00:00,310.19836
2018-07-11 06:00:00,309.72247
2018-07-11 09:00:00,309.17737
2018-07-11 12:00:00,309.3228
2018-07-11 15:00:00,310.47424
2018-07-11 18:00:00,312.84222
2018-07-11 21:00:00,316.89005
2018-07-12 00:00:00,320.43802
2018-07-12 03:00:00,322.8096
2018-07-12 06:00:00,323.43555
2018-07-12 09:00:00,323.27594
2018-07-12 12:00:00,323.15814
2018-07-12 15:00:00,321.9214
2018-07-12 18:00:00,321.3058
2018-07-12 21:00:00,322.49402
2018-07-13 00:00:00,321.43152
2018-07-13 03:00:00,319.4485
2018-07-13 06:00:00,317.22168
2018-07-13 09:00:00,315.5542
2018-07-13 12:00:00,314.31567
2018-07-13 15:00:00,313.21606
2018-07-13 18:00:00,312.41663
2018-07-13 21:00:00,312.84473
2018-07-14 00:00:00,312.72278
2018-07-14 03:00:00,312.34326
2018-07-14 06:00:00,312.06714
2018-07-14 09:00:00,311.8567
2018-07-14 12:00:00,310.52832
2018-07-14 15:00:00,308.29077
2018-07-14 18:00:00,306.18823
2018-07-14 21:00:00,304.81592
2018-07-15 00:00:00,303.49805
2018-07-15 03:00:00,302.62988
2018-07-15 06:00:00,301.9983
2018-07-15 09:00:00,301.16577
2018-07-15 12:00:00,297.8452
2018-07-15 15:00:00,295.75488
2018-07-15 18:00:00,296.0786
2018-07-15 21:00:00,298.1648
2018-07-16 00:00:00,299.1681
2018-07-16 03:00:00,300.28467
2018-07-16 06:00:00,301.67957
2018-07-16 09:00:00,304.1333
2018-07-16 12:00:00,307.98535
2018-07-16 15:00:00,312.36304
2018-07-16 18:00:00,318.13586
2018-07-16 21:00:00,322.47357
2018-07-17 00:00:00,323.34418
2018-07-17 03:00:00,323.25073
2018-07-17 06:00:00,322.28467
2018-07-17 09:00:00,320.27783
2018-07-17 12:00:00,318.6787
2018-07-17 15:00:00,317.71973
2018-07-17 18:00:00,318.22156
2018-07-17 21:00:00,320.4523
2018-07-18 00:00:00,320.20984
2018-07-18 03:00:00,318.84912
2018-07-18 06:00:00,318.48877
2018-07-18 09:00:00,318.7273
2018-07-18 12:00:00,317.48505
2018-07-18 15:00:00,317.07184
2018-07-18 18:00:00,318.79895
2018-07-18 21:00:00,321.05426
2018-07-19 00:00:00,322.8819
2018-07-19 03:00:00,323.63196
2018-07-19 06:00:00,325.54907
2018-07-19 09:00:00,325.23584
2018-07-19 12:00:00,323.17578
2018-07-19 15:00:00,321.84875
2018-07-19 18:00:00,323.6609
2018-07-19 21:00:00,326.4933
2018-07-20 00:00:00,326.73865
2018-07-20 03:00:00,325.78418
2018-07-20 06:00:00,324.57117
2018-07-20 09:00:00,323.0697
2018-07-20 12:00:00,323.01062
2018-07-20 15:00:00,323.85748
2018-07-20 18:00:00,326.38202
2018-07-20 21:00:00,328.40988
2018-07-21 00:00:00,327.13574
2018-07-21 03:00:00,327.19507
2018-07-21 06:00:00,327.80914
2018-07-21 09:00:00,327.0127
2018-07-21 12:00:00,326.0724
2018-07-21 15:00:00,326.04224
2018-07-21 18:00:00,327.4513
2018-07-21 21:00:00,330.5489
2018-07-22 00:00:00,331.54132
2018-07-22 03:00:00,331.7146
2018-07-22 06:00:00,331.25793
2018-07-22 09:00:00,328.1908
2018-07-22 12:00:00,324.23804
2018-07-22 15:00:00,321.229
2018-07-22 18:00:00,320.1438
2018-07-22 21:00:00,321.04272
2018-07-23 00:00:00,321.323
2018-07-23 03:00:00,320.7649
2018-07-23 06:00:00,320.46313
2018-07-23 09:00:00,319.50916
2018-07-23 12:00:00,318.0758
2018-07-23 15:00:00,316.9441
2018-07-23 18:00:00,317.60486
2018-07-23 21:00:00,319.40308
2018-07-24 00:00:00,318.21033
2018-07-24 03:00:00,316.44763
2018-07-24 06:00:00,314.61902
2018-07-24 09:00:00,313.3236
2018-07-24 12:00:00,312.62964
2018-07-24 15:00:00,312.61035
2018-07-24 18:00:00,315.30737
2018-07-24 21:00:00,319.64648
2018-07-25 00:00:00,319.63806
2018-07-25 03:00:00,318.29785
2018-07-25 06:00:00,317.6499
2018-07-25 09:00:00,316.6477
2018-07-25 12:00:00,316.47583
2018-07-25 15:00:00,317.1266
2018-07-25 18:00:00,318.69177
2018-07-25 21:00:00,321.08777
2018-07-26 00:00:00,321.79126
2018-07-26 03:00:00,322.86548
2018-07-26 06:00:00,323.80225
2018-07-26 09:00:00,323.77185
2018-07-26 12:00:00,321.41956
2018-07-26 15:00:00,320.50916
2018-07-26 18:00:00,322.11792
2018-07-26 21:00:00,325.2235
2018-07-27 00:00:00,324.3496
2018-07-27 03:00:00,321.02222
2018-07-27 06:00:00,315.61426
2018-07-27 09:00:00,310.8695
2018-07-27 12:00:00,307.6859
2018-07-27 15:00:00,306.72906
2018-07-27 18:00:00,307.5058
2018-07-27 21:00:00,310.5678
2018-07-28 00:00:00,311.45667
2018-07-28 03:00:00,310.24097
2018-07-28 06:00:00,308.84937
2018-07-28 09:00:00,308.2771
2018-07-28 12:00:00,308.68994
2018-07-28 15:00:00,309.97656
2018-07-28 18:00:00,311.44733
2018-07-28 21:00:00,313.1596
2018-07-29 00:00:00,314.44415
2018-07-29 03:00:00,315.0345
2018-07-29 06:00:00,315.42316
2018-07-29 09:00:00,315.77014
2018-07-29 12:00:00,315.95123
2018-07-29 15:00:00,316.01642
2018-07-29 18:00:00,316.1775
2018-07-29 21:00:00,316.8011
2018-07-30 00:00:00,316.92316
2018-07-30 03:00:00,316.39044
2018-07-30 06:00:00,315.872
2018-07-30 09:00:00,315.3048
2018-07-30 12:00:00,314.88495
2018-07-30 15:00:00,314.60297
2018-07-30 18:00:00,314.3861
2018-07-30 21:00:00,314.5484
2018-07-31 00:00:00,314.5249
2018-07-31 03:00:00,313.5885
2018-07-31 06:00:00,313.4519
2018-07-31 09:00:00,312.08545
2018-07-31 12:00:00,311.20142
2018-07-31 15:00:00,311.57837
2018-07-31 18:00:00,313.87115
2018-07-31 21:00:00,317.83008
2018-08-01 00:00:00,320.3608
2018-08-01 03:00:00,322.30524
2018-08-01 06:00:00,322.46204
2018-08-01 09:00:00,322.38257
2018-08-01 12:00:00,321.51825
2018-08-01 15:00:00,321.461
2018-08-01 18:00:00,322.1649
2018-08-01 21:00:00,322.69537
2018-08-02 00:00:00,322.9418
2018-08-02 03:00:00,323.2575
2018-08-02 06:00:00,323.96106
2018-08-02 09:00:00,324.50934
2018-08-02 12:00:00,324.84265
2018-08-02 15:00:00,324.88733
2018-08-02 18:00:00,324.75702
2018-08-02 21:00:00,324.5453
2018-08-03 00:00:00,324.4433
2018-08-03 03:00:00,324.46143
2018-08-03 06:00:00,324.85986
2018-08-03 09:00:00,324.9485
2018-08-03 12:00:00,324.401
2018-08-03 15:00:00,323.19934
2018-08-03 18:00:00,321.713
2018-08-03 21:00:00,320.86902
2018-08-04 00:00:00,320.18774
2018-08-04 03:00:00,319.66455
2018-08-04 06:00:00,319.32275
2018-08-04 09:00:00,318.9132
2018-08-04 12:00:00,318.5468
2018-08-04 15:00:00,318.09576
2018-08-04 18:00:00,319.22443
2018-08-04 21:00:00,322.83014
2018-08-05 00:00:00,323.98206
2018-08-05 03:00:00,323.71954
2018-08-05 06:00:00,323.3673
2018-08-05 09:00:00,322.72974
2018-08-05 12:00:00,322.1587
2018-08-05 15:00:00,322.38818
2018-08-05 18:00:00,326.0583
2018-08-05 21:00:00,329.5395
2018-08-06 00:00:00,330.51343
2018-08-06 03:00:00,327.68195
2018-08-06 06:00:00,325.45544
2018-08-06 09:00:00,324.8877
2018-08-06 12:00:00,323.7384
2018-08-06 15:00:00,324.98853
2018-08-06 18:00:00,327.53638
2018-08-06 21:00:00,330.16498
2018-08-07 00:00:00,331.14502
2018-08-07 03:00:00,333.4958
2018-08-07 06:00:00,336.04712
2018-08-07 09:00:00,335.41614
2018-08-07 12:00:00,331.17932
2018-08-07 15:00:00,328.8833
2018-08-07 18:00:00,329.55804
2018-08-07 21:00:00,332.35342
2018-08-08 00:00:00,333.73468
2018-08-08 03:00:00,333.95862
2018-08-08 06:00:00,333.9709
2018-08-08 09:00:00,332.34326
2018-08-08 12:00:00,328.97278
2018-08-08 15:00:00,326.31335
2018-08-08 18:00:00,326.58655
2018-08-08 21:00:00,325.93372
2018-08-09 00:00:00,324.33386
2018-08-09 03:00:00,328.60156
2018-08-09 06:00:00,330.20007
2018-08-09 09:00:00,329.8026
2018-08-09 12:00:00,327.2127
2018-08-09 15:00:00,326.008
2018-08-09 18:00:00,327.60504
2018-08-09 21:00:00,330.19745
2018-08-10 00:00:00,331.40732
2018-08-10 03:00:00,331.59668
2018-08-10 06:00:00,330.57123
2018-08-10 09:00:00,329.45007
2018-08-10 12:00:00,328.61523
2018-08-10 15:00:00,328.29755
2018-08-10 18:00:00,328.5089
2018-08-10 21:00:00,330.4813
2018-08-11 00:00:00,330.89337
2018-08-11 03:00:00,330.16577
2018-08-11 06:00:00,329.73596
2018-08-11 09:00:00,329.2401
2018-08-11 12:00:00,328.82056
2018-08-11 15:00:00,328.0564
2018-08-11 18:00:00,327.95636
2018-08-11 21:00:00,329.00043
2018-08-12 00:00:00,328.91287
2018-08-12 03:00:00,329.21124
2018-08-12 06:00:00,329.1715
2018-08-12 09:00:00,328.6026
2018-08-12 12:00:00,327.96838
2018-08-12 15:00:00,327.1493
2018-08-12 18:00:00,328.0719
2018-08-12 21:00:00,329.86475
2018-08-13 00:00:00,329.96216
2018-08-13 03:00:00,327.76636
2018-08-13 06:00:00,324.78174
2018-08-13 09:00:00,321.93372
2018-08-13 12:00:00,320.38184
2018-08-13 15:00:00,317.68555
2018-08-13 18:00:00,318.20447
2018-08-13 21:00:00,321.41492
2018-08-14 00:00:00,322.16125
2018-08-14 03:00:00,322.4381
2018-08-14 06:00:00,322.9402
2018-08-14 09:00:00,320.06348
2018-08-14 12:00:00,317.66693
2018-08-14 15:00:00,316.7564
2018-08-14 18:00:00,316.61816
2018-08-14 21:00:00,317.19598
2018-08-15 00:00:00,317.5304
2018-08-15 03:00:00,317.29352
2018-08-15 06:00:00,316.73364
2018-08-15 09:00:00,316.36206
2018-08-15 12:00:00,316.18274
2018-08-15 15:00:00,315.91504
2018-08-15 18:00:00,316.09595
2018-08-15 21:00:00,316.65765
2018-08-16 00:00:00,317.36725
2018-08-16 03:00:00,317.95258
2018-08-16 06:00:00,318.39148
2018-08-16 09:00:00,319.23618
2018-08-16 12:00:00,320.73575
2018-08-16 15:00:00,321.98776
2018-08-16 18:00:00,324.30402
2018-08-16 21:00:00,328.87512
2018-08-17 00:00:00,330.07465
2018-08-17 03:00:00,330.25024
2018-08-17 06:00:00,329.30817
2018-08-17 09:00:00,328.125
2018-08-17 12:00:00,327.4226
2018-08-17 15:00:00,327.02753
2018-08-17 18:00:00,327.1709
2018-08-17 21:00:00,327.39093
2018-08-18 00:00:00,327.039
2018-08-18 03:00:00,326.76843
2018-08-18 06:00:00,326.55402
2018-08-18 09:00:00,326.44275
2018-08-18 12:00:00,326.41287
2018-08-18 15:00:00,326.34003
2018-08-18 18:00:00,326.4455
2018-08-18 21:00:00,326.64847
2018-08-19 00:00:00,326.77582
2018-08-19 03:00:00,326.80597
2018-08-19 06:00:00,326.77014
2018-08-19 09:00:00,326.62885
2018-08-19 12:00:00,326.26056
2018-08-19 15:00:00,325.44983
2018-08-19 18:00:00,324.58154
2018-08-19 21:00:00,323.76746
2018-08-20 00:00:00,322.77844
2018-08-20 03:00:00,321.55518
2018-08-20 06:00:00,320.26978
2018-08-20 09:00:00,319.13354
2018-08-20 12:00:00,318.46692
2018-08-20 15:00:00,318.0271
2018-08-20 18:00:00,318.57898
2018-08-20 21:00:00,319.15686
2018-08-21 00:00:00,319.5078
2018-08-21 03:00:00,319.69836
2018-08-21 06:00:00,319.8313
2018-08-21 09:00:00,319.94287
2018-08-21 12:00:00,319.5725
2018-08-21 15:00:00,319.63293
2018-08-21 18:00:00,319.89258
2018-08-21 21:00:00,320.12048
2018-08-22 00:00:00,320.1328
2018-08-22 03:00:00,319.64893
2018-08-22 06:00:00,319.5869
2018-08-22 09:00:00,318.6411
2018-08-22 12:00:00,317.5503
2018-08-22 15:00:00,315.40137
2018-08-22 18:00:00,313.85803
2018-08-22 21:00:00,314.5484
2018-08-23 00:00:00,314.46558
2018-08-23 03:00:00,314.37024
2018-08-23 06:00:00,313.81958
2018-08-23 09:00:00,316.2284
2018-08-23 12:00:00,316.1067
2018-08-23 15:00:00,316.4884
2018-08-23 18:00:00,319.20166
2018-08-23 21:00:00,324.82178
2018-08-24 00:00:00,324.65442
2018-08-24 03:00:00,324.23816
2018-08-24 06:00:00,323.6902
2018-08-24 09:00:00,323.57812
2018-08-24 12:00:00,320.58594
2018-08-24 15:00:00,318.29785
2018-08-24 18:00:00,318.94543
2018-08-24 21:00:00,322.0749
2018-08-25 00:00:00,326.62244
2018-08-25 03:00:00,330.92624
2018-08-25 06:00:00,332.5274
2018-08-25 09:00:00,332.9549
2018-08-25 12:00:00,331.71442
2018-08-25 15:00:00,331.6391
2018-08-25 18:00:00,332.15088
2018-08-25 21:00:00,332.74258
2018-08-26 00:00:00,332.97577
2018-08-26 03:00:00,332.60376
2018-08-26 06:00:00,331.81836
2018-08-26 09:00:00,330.94745
2018-08-26 12:00:00,329.8355
2018-08-26 15:00:00,328.98138
2018-08-26 18:00:00,329.12543
2018-08-26 21:00:00,329.59842
2018-08-27 00:00:00,329.48593
2018-08-27 03:00:00,329.4189
2018-08-27 06:00:00,328.7969
2018-08-27 09:00:00,330.10358
2018-08-27 12:00:00,328.1668
2018-08-27 15:00:00,326.1311
2018-08-27 18:00:00,324.0448
2018-08-27 21:00:00,324.44653
2018-08-28 00:00:00,324.04016
2018-08-28 03:00:00,323.11475
2018-08-28 06:00:00,322.7196
2018-08-28 09:00:00,322.97217
2018-08-28 12:00:00,323.9676
2018-08-28 15:00:00,324.36005
2018-08-28 18:00:00,325.3786
2018-08-28 21:00:00,328.42566
2018-08-29 00:00:00,329.73413
2018-08-29 03:00:00,331.03265
2018-08-29 06:00:00,331.83374
2018-08-29 09:00:00,331.25916
2018-08-29 12:00:00,329.3772
2018-08-29 15:00:00,327.05542
2018-08-29 18:00:00,327.82275
2018-08-29 21:00:00,331.45456
2018-08-30 00:00:00,332.97
2018-08-30 03:00:00,332.62018
2018-08-30 06:00:00,330.24744
2018-08-30 09:00:00,328.6136
2018-08-30 12:00:00,327.41748
2018-08-30 15:00:00,326.37415
2018-08-30 18:00:00,327.50787
2018-08-30 21:00:00,328.6728
2018-08-31 00:00:00,328.20834
2018-08-31 03:00:00,327.5025
2018-08-31 06:00:00,327.25415
2018-08-31 09:00:00,326.97412
2018-08-31 12:00:00,326.36218
2018-08-31 15:00:00,325.86792
2018-08-31 18:00:00,325.67224
2018-08-31 21:00:00,325.66425
2018-09-01 00:00:00,325.71924
2018-09-01 03:00:00,325.63654
2018-09-01 06:00:00,325.22546
2018-09-01 09:00:00,324.4129
2018-09-01 12:00:00,323.40698
2018-09-01 15:00:00,322.12805
2018-09-01 18:00:00,320.6228
2018-09-01 21:00:00,319.18213
2018-09-02 00:00:00,317.56946
2018-09-02 03:00:00,315.70435
2018-09-02 06:00:00,314.03198
2018-09-02 09:00:00,312.13428
2018-09-02 12:00:00,310.96802
2018-09-02 15:00:00,310.7511
2018-09-02 18:00:00,312.30713
2018-09-02 21:00:00,314.33673
2018-09-03 00:00:00,315.64435
2018-09-03 03:00:00,316.77466
2018-09-03 06:00:00,317.37518
2018-09-03 09:00:00,317.84076
2018-09-03 12:00:00,317.78394
2018-09-03 15:00:00,317.70343
2018-09-03 18:00:00,317.49554
2018-09-03 21:00:00,317.06268
2018-09-04 00:00:00,316.549
2018-09-04 03:00:00,316.16772
2018-09-04 06:00:00,316.21973
2018-09-04 09:00:00,316.605
2018-09-04 12:00:00,316.95642
2018-09-04 15:00:00,316.90958
2018-09-04 18:00:00,317.89978
2018-09-04 21:00:00,319.29834
2018-09-05 00:00:00,320.47296
2018-09-05 03:00:00,321.36804
2018-09-05 06:00:00,322.0724
2018-09-05 09:00:00,322.64905
2018-09-05 12:00:00,323.13553
2018-09-05 15:00:00,323.46875
2018-09-05 18:00:00,323.77002
2018-09-05 21:00:00,324.58716
2018-09-06 00:00:00,325.29956
2018-09-06 03:00:00,325.4054
2018-09-06 06:00:00,325.3711
2018-09-06 09:00:00,325.1256
2018-09-06 12:00:00,325.00378
2018-09-06 15:00:00,324.5506
2018-09-06 18:00:00,324.43127
2018-09-06 21:00:00,324.7041
2018-09-07 00:00:00,324.87793
2018-09-07 03:00:00,325.08868
2018-09-07 06:00:00,325.44983
2018-09-07 09:00:00,325.8673
2018-09-07 12:00:00,326.06543
2018-09-07 15:00:00,325.18762
2018-09-07 18:00:00,324.8792
2018-09-07 21:00:00,324.6272
2018-09-08 00:00:00,324.4231
2018-09-08 03:00:00,323.91852
2018-09-08 06:00:00,323.16815
2018-09-08 09:00:00,322.0268
2018-09-08 12:00:00,320.03333
2018-09-08 15:00:00,318.02417
2018-09-08 18:00:00,315.92444
2018-09-08 21:00:00,314.89844
2018-09-09 00:00:00,313.95624
2018-09-09 03:00:00,313.19373
2018-09-09 06:00:00,312.76862
2018-09-09 09:00:00,313.08136
2018-09-09 12:00:00,315.61743
2018-09-09 15:00:00,316.66962
2018-09-09 18:00:00,321.81793
2018-09-09 21:00:00,325.43332
2018-09-10 00:00:00,326.68762
2018-09-10 03:00:00,326.08478
2018-09-10 06:00:00,325.394
2018-09-10 09:00:00,324.93826
2018-09-10 12:00:00,324.3377
2018-09-10 15:00:00,324.98602
2018-09-10 18:00:00,326.74384
2018-09-10 21:00:00,331.9695
2018-09-11 00:00:00,331.64777
2018-09-11 03:00:00,327.31946
2018-09-11 06:00:00,325.1258
2018-09-11 09:00:00,324.16284
2018-09-11 12:00:00,323.68365
2018-09-11 15:00:00,322.88434
2018-09-11 18:00:00,322.54742
2018-09-11 21:00:00,322.41687
2018-09-12 00:00:00,322.3084
2018-09-12 03:00:00,322.11023
2018-09-12 06:00:00,321.89856
2018-09-12 09:00:00,321.6571
2018-09-12 12:00:00,320.93103
2018-09-12 15:00:00,320.68597
2018-09-12 18:00:00,320.948
2018-09-12 21:00:00,321.17252
2018-09-13 00:00:00,321.84576
2018-09-13 03:00:00,322.1875
2018-09-13 06:00:00,322.44022
2018-09-13 09:00:00,322.45947
2018-09-13 12:00:00,322.0308
2018-09-13 15:00:00,321.10794
2018-09-13 18:00:00,321.10233
2018-09-13 21:00:00,320.9138
2018-09-14 00:00:00,321.10126
2018-09-14 03:00:00,320.8335
2018-09-14 06:00:00,320.6261
2018-09-14 09:00:00,320.95984
2018-09-14 12:00:00,320.30414
2018-09-14 15:00:00,319.80023
2018-09-14 18:00:00,319.85645
2018-09-14 21:00:00,321.09424
2018-09-15 00:00:00,321.70776
2018-09-15 03:00:00,322.21973
2018-09-15 06:00:00,322.9254
2018-09-15 09:00:00,322.78217
2018-09-15 12:00:00,322.5467
2018-09-15 15:00:00,321.72314
2018-09-15 18:00:00,321.15924
2018-09-15 21:00:00,321.22412
2018-09-16 00:00:00,321.07104
2018-09-16 03:00:00,320.153
2018-09-16 06:00:00,319.36536
2018-09-16 09:00:00,318.40765
2018-09-16 12:00:00,317.23853
2018-09-16 15:00:00,315.77747
2018-09-16 18:00:00,314.57886
2018-09-16 21:00:00,312.57996
2018-09-17 00:00:00,309.76
2018-09-17 03:00:00,306.0896
2018-09-17 06:00:00,301.64185
2018-09-17 09:00:00,296.72778
2018-09-17 12:00:00,291.74292
2018-09-17 15:00:00,287.48462
2018-09-17 18:00:00,287.1183
2018-09-17 21:00:00,287.3448
2018-09-18 00:00:00,289.0371
2018-09-18 03:00:00,290.35193
2018-09-18 06:00:00,291.11096
2018-09-18 09:00:00,291.83936
2018-09-18 12:00:00,292.4723
2018-09-18 15:00:00,294.04297
2018-09-18 18:00:00,297.34375
2018-09-18 21:00:00,299.2871
2018-09-19 00:00:00,299.29932
2018-09-19 03:00:00,300.2113
2018-09-19 06:00:00,301.8462
2018-09-19 09:00:00,303.28918
2018-09-19 12:00:00,303.4026
2018-09-19 15:00:00,304.01257
2018-09-19 18:00:00,305.31323
2018-09-19 21:00:00,305.89883
2018-09-20 00:00:00,307.59012
2018-09-20 03:00:00,309.49365
2018-09-20 06:00:00,309.20508
2018-09-20 09:00:00,307.91125
2018-09-20 12:00:00,309.8244
2018-09-20 15:00:00,312.8789
2018-09-20 18:00:00,313.34448
2018-09-20 21:00:00,316.93036
2018-09-21 00:00:00,319.06317
2018-09-21 03:00:00,317.14453
2018-09-21 06:00:00,316.6908
2018-09-21 09:00:00,316.60376
2018-09-21 12:00:00,314.67468
2018-09-21 15:00:00,315.09924
2018-09-21 18:00:00,318.42352
2018-09-21 21:00:00,320.71307
2018-09-22 00:00:00,318.6078
2018-09-22 03:00:00,317.2677
2018-09-22 06:00:00,316.82825
2018-09-22 09:00:00,316.01917
2018-09-22 12:00:00,314.1247
2018-09-22 15:00:00,313.3775
2018-09-22 18:00:00,314.67712
2018-09-22 21:00:00,316.22073
2018-09-23 00:00:00,317.14062
2018-09-23 03:00:00,317.91888
2018-09-23 06:00:00,318.3625
2018-09-23 09:00:00,318.8933
2018-09-23 12:00:00,319.40076
2018-09-23 15:00:00,319.29816
2018-09-23 18:00:00,320.1284
2018-09-23 21:00:00,323.88116
2018-09-24 00:00:00,324.29022
2018-09-24 03:00:00,321.22754
2018-09-24 06:00:00,318.27466
2018-09-24 09:00:00,315.53223
2018-09-24 12:00:00,313.71985
2018-09-24 15:00:00,312.73718
2018-09-24 18:00:00,312.96954
2018-09-24 21:00:00,314.90854
2018-09-25 00:00:00,317.92242
2018-09-25 03:00:00,320.70764
2018-09-25 06:00:00,323.01862
2018-09-25 09:00:00,324.95026
2018-09-25 12:00:00,326.57794
2018-09-25 15:00:00,327.8932
2018-09-25 18:00:00,328.68445
2018-09-25 21:00:00,328.7036
2018-09-26 00:00:00,327.98035
2018-09-26 03:00:00,326.49512
2018-09-26 06:00:00,324.73474
2018-09-26 09:00:00,325.38232
2018-09-26 12:00:00,327.0161
2018-09-26 15:00:00,319.36865
2018-09-26 18:00:00,316.2627
2018-09-26 21:00:00,316.46252
2018-09-27 00:00:00,316.92358
2018-09-27 03:00:00,316.6895
2018-09-27 06:00:00,316.40698
2018-09-27 09:00:00,316.2619
2018-09-27 12:00:00,315.9746
2018-09-27 15:00:00,315.57104
2018-09-27 18:00:00,315.6805
2018-09-27 21:00:00,318.12714
2018-09-28 00:00:00,319.30664
2018-09-28 03:00:00,318.70868
2018-09-28 06:00:00,317.96423
2018-09-28 09:00:00,317.47754
2018-09-28 12:00:00,317.05505
2018-09-28 15:00:00,316.53204
2018-09-28 18:00:00,316.6001
2018-09-28 21:00:00,319.49237
2018-09-29 00:00:00,321.13492
2018-09-29 03:00:00,320.90805
2018-09-29 06:00:00,319.76868
2018-09-29 09:00:00,318.1494
2018-09-29 12:00:00,316.45856
2018-09-29 15:00:00,314.61267
2018-09-29 18:00:00,313.99268
2018-09-29 21:00:00,314.90912
2018-09-30 00:00:00,314.44604
2018-09-30 03:00:00,311.72998
2018-09-30 06:00:00,309.53455
2018-09-30 09:00:00,306.2119
2018-09-30 12:00:00,302.75842
2018-09-30 15:00:00,301.29553
2018-09-30 18:00:00,302.47046
2018-09-30 21:00:00,305.0475
2018-10-01 00:00:00,302.88562
2018-10-01 03:00:00,301.00012
2018-10-01 06:00:00,299.98694
2018-10-01 09:00:00,300.31287
2018-10-01 12:00:00,301.52576
2018-10-01 15:00:00,306.96918
2018-10-01 18:00:00,314.7448
2018-10-01 21:00:00,319.86823
2018-10-02 00:00:00,322.1042
2018-10-02 03:00:00,323.28125
2018-10-02 06:00:00,324.02283
2018-10-02 09:00:00,324.62073
2018-10-02 12:00:00,325.15723
2018-10-02 15:00:00,325.50635
2018-10-02 18:00:00,325.93152
2018-10-02 21:00:00,326.15643
2018-10-03 00:00:00,326.0653
2018-10-03 03:00:00,325.7657
2018-10-03 06:00:00,325.49506
2018-10-03 09:00:00,325.03204
2018-10-03 12:00:00,324.5821
2018-10-03 15:00:00,323.36743
2018-10-03 18:00:00,323.4712
2018-10-03 21:00:00,323.80725
2018-10-04 00:00:00,324.04797
2018-10-04 03:00:00,324.16614
2018-10-04 06:00:00,324.34985
2018-10-04 09:00:00,325.08655
2018-10-04 12:00:00,325.81604
2018-10-04 15:00:00,325.19714
2018-10-04 18:00:00,326.47058
2018-10-04 21:00:00,327.85437
2018-10-05 00:00:00,327.82898
2018-10-05 03:00:00,327.7085
2018-10-05 06:00:00,327.86926
2018-10-05 09:00:00,327.82837
2018-10-05 12:00:00,328.23438
2018-10-05 15:00:00,329.53528
2018-10-05 18:00:00,328.55994
2018-10-05 21:00:00,326.4231
2018-10-06 00:00:00,324.68762
2018-10-06 03:00:00,323.3922
2018-10-06 06:00:00,322.6881
2018-10-06 09:00:00,321.31604
2018-10-06 12:00:00,319.3913
2018-10-06 15:00:00,317.81415
2018-10-06 18:00:00,318.8505
2018-10-06 21:00:00,326.49646
2018-10-07 00:00:00,337.07138
2018-10-07 03:00:00,339.92218
2018-10-07 06:00:00,337.40985
2018-10-07 09:00:00,333.20502
2018-10-07 12:00:00,330.7345
2018-10-07 15:00:00,330.40662
2018-10-07 18:00:00,330.02765
2018-10-07 21:00:00,330.28705
2018-10-08 00:00:00,330.67368
2018-10-08 03:00:00,330.19202
2018-10-08 06:00:00,329.49707
2018-10-08 09:00:00,328.72778
2018-10-08 12:00:00,327.65186
2018-10-08 15:00:00,325.68237
2018-10-08 18:00:00,323.45728
2018-10-08 21:00:00,320.5918
2018-10-09 00:00:00,317.4679
2018-10-09 03:00:00,314.43567
2018-10-09 06:00:00,312.13623
2018-10-09 09:00:00,310.78357
2018-10-09 12:00:00,310.0404
2018-10-09 15:00:00,309.1147
2018-10-09 18:00:00,308.6006
2018-10-09 21:00:00,308.69934
2018-10-10 00:00:00,308.9884
2018-10-10 03:00:00,308.7934
2018-10-10 06:00:00,307.69263
2018-10-10 09:00:00,306.69604
2018-10-10 12:00:00,304.2113
2018-10-10 15:00:00,302.68433
2018-10-10 18:00:00,302.74585
2018-10-10 21:00:00,302.21973
2018-10-11 00:00:00,299.4065
2018-10-11 03:00:00,291.5564
2018-10-11 06:00:00,282.7749
2018-10-11 09:00:00,276.67175
2018-10-11 12:00:00,277.89484
2018-10-11 15:00:00,279.22632
2018-10-11 18:00:00,281.45215
2018-10-11 21:00:00,285.33862
2018-10-12 00:00:00,289.87726
2018-10-12 03:00:00,293.39465
2018-10-12 06:00:00,295.1023
2018-10-12 09:00:00,294.86597
2018-10-12 12:00:00,293.09583
2018-10-12 15:00:00,290.88538
2018-10-12 18:00:00,289.3595
2018-10-12 21:00:00,288.64233
2018-10-13 00:00:00,288.14807
2018-10-13 03:00:00,287.5332
2018-10-13 06:00:00,286.7262
2018-10-13 09:00:00,285.83612
2018-10-13 12:00:00,283.97845
2018-10-13 15:00:00,278.4322
2018-10-13 18:00:00,269.07727
2018-10-13 21:00:00,253.41891
2018-10-14 00:00:00,273.9223
2018-10-14 03:00:00,289.12598
2018-10-14 06:00:00,294.79724
2018-10-14 09:00:00,295.88586
2018-10-14 12:00:00,294.38672
2018-10-14 15:00:00,294.34753
2018-10-14 18:00:00,296.24158
2018-10-14 21:00:00,295.89355
2018-10-15 00:00:00,294.66003
2018-10-15 03:00:00,293.96375
2018-10-15 06:00:00,292.19763
2018-10-15 09:00:00,286.71338
2018-10-15 12:00:00,282.92902
2018-10-15 15:00:00,291.61075
2018-10-15 18:00:00,299.20276
2018-10-15 21:00:00,303.9532
2018-10-16 00:00:00,305.82172
2018-10-16 03:00:00,306.1203
2018-10-16 06:00:00,305.94788
2018-10-16 09:00:00,305.80035
2018-10-16 12:00:00,305.69073
2018-10-16 15:00:00,306.6565
2018-10-16 18:00:00,307.5006
2018-10-16 21:00:00,308.41522
2018-10-17 00:00:00,308.6795
2018-10-17 03:00:00,308.37927
2018-10-17 06:00:00,307.83228
2018-10-17 09:00:00,307.1505
2018-10-17 12:00:00,305.46802
2018-10-17 15:00:00,304.62634
2018-10-17 18:00:00,305.36176
2018-10-17 21:00:00,311.9618
2018-10-18 00:00:00,312.98798
2018-10-18 03:00:00,311.6576
2018-10-18 06:00:00,310.7268
2018-10-18 09:00:00,309.36157
2018-10-18 12:00:00,307.81854
2018-10-18 15:00:00,309.72723
2018-10-18 18:00:00,310.04376
2018-10-18 21:00:00,311.7976
2018-10-19 00:00:00,313.63412
2018-10-19 03:00:00,315.43124
2018-10-19 06:00:00,316.89645
2018-10-19 09:00:00,318.12317
2018-10-19 12:00:00,319.3472
2018-10-19 15:00:00,320.40485
2018-10-19 18:00:00,321.2345
2018-10-19 21:00:00,322.13574
2018-10-20 00:00:00,322.64246
2018-10-20 03:00:00,322.7497
2018-10-20 06:00:00,322.9334
2018-10-20 09:00:00,323.26086
2018-10-20 12:00:00,322.60742
2018-10-20 15:00:00,321.5174
2018-10-20 18:00:00,320.4956
2018-10-20 21:00:00,319.37653
2018-10-21 00:00:00,318.34027
2018-10-21 03:00:00,317.49506
2018-10-21 06:00:00,317.00134
2018-10-21 09:00:00,316.4262
2018-10-21 12:00:00,315.1079
2018-10-21 15:00:00,314.38416
2018-10-21 18:00:00,313.68134
2018-10-21 21:00:00,312.7931
2018-10-22 00:00:00,311.71375
2018-10-22 03:00:00,310.64136
2018-10-22 06:00:00,309.23584
2018-10-22 09:00:00,307.73425
2018-10-22 12:00:00,306.22504
2018-10-22 15:00:00,305.31885
2018-10-22 18:00:00,305.01355
2018-10-22 21:00:00,305.46515
2018-10-23 00:00:00,307.02576
2018-10-23 03:00:00,309.44
2018-10-23 06:00:00,312.3717
2018-10-23 09:00:00,315.64172
2018-10-23 12:00:00,318.6833
2018-10-23 15:00:00,321.19995
2018-10-23 18:00:00,322.9546
2018-10-23 21:00:00,323.82397
2018-10-24 00:00:00,324.22913
2018-10-24 03:00:00,323.91083
2018-10-24 06:00:00,323.44855
2018-10-24 09:00:00,323.12207
2018-10-24 12:00:00,321.89978
2018-10-24 15:00:00,320.47168
2018-10-24 18:00:00,319.41772
2018-10-24 21:00:00,318.79346
2018-10-25 00:00:00,318.94543
2018-10-25 03:00:00,318.7041
2018-10-25 06:00:00,318.4358
2018-10-25 09:00:00,318.55713
2018-10-25 12:00:00,318.29102
2018-10-25 15:00:00,317.70557
2018-10-25 18:00:00,317.22815
2018-10-25 21:00:00,316.3833
2018-10-26 00:00:00,315.15625
2018-10-26 03:00:00,313.94678
2018-10-26 06:00:00,312.7201
2018-10-26 09:00:00,311.44946
2018-10-26 12:00:00,310.06323
2018-10-26 15:00:00,309.79553
2018-10-26 18:00:00,310.86298
2018-10-26 21:00:00,313.54663
2018-10-27 00:00:00,314.79358
2018-10-27 03:00:00,319.8449
2018-10-27 06:00:00,324.82208
2018-10-27 09:00:00,333.53467
2018-10-27 12:00:00,336.05252
2018-10-27 15:00:00,336.1021
2018-10-27 18:00:00,336.05536
2018-10-27 21:00:00,335.70312
2018-10-28 00:00:00,333.28265
2018-10-28 03:00:00,331.1408
2018-10-28 06:00:00,332.2209
2018-10-28 09:00:00,333.57657
2018-10-28 12:00:00,331.34393
2018-10-28 15:00:00,330.61957
2018-10-28 18:00:00,331.12695
2018-10-28 21:00:00,332.61044
2018-10-29 00:00:00,332.02148
2018-10-29 03:00:00,332.3999
2018-10-29 06:00:00,333.43292
2018-10-29 09:00:00,333.39197
2018-10-29 12:00:00,331.73615
2018-10-29 15:00:00,329.28613
2018-10-29 18:00:00,325.08752
2018-10-29 21:00:00,314.6128
2018-10-30 00:00:00,300.45264
2018-10-30 03:00:00,274.7655
2018-10-30 06:00:00,284.18564
2018-10-30 09:00:00,299.2085
2018-10-30 12:00:00,307.1139
2018-10-30 15:00:00,310.56653
2018-10-30 18:00:00,312.8612
2018-10-30 21:00:00,313.36786
2018-10-31 00:00:00,312.23206
2018-10-31 03:00:00,311.58917
2018-10-31 06:00:00,311.70392
2018-10-31 09:00:00,312.00897
2018-10-31 12:00:00,309.33044
2018-10-31 15:00:00,304.5791
2018-10-31 18:00:00,304.65094
2018-10-31 21:00:00,303.44763
2018-11-01 00:00:00,303.45294
2018-11-01 03:00:00,305.07538
2018-11-01 06:00:00,307.12885
2018-11-01 09:00:00,309.2373
2018-11-01 12:00:00,310.3598
2018-11-01 15:00:00,311.1656
2018-11-01 18:00:00,311.65643
2018-11-01 21:00:00,312.0418
2018-11-02 00:00:00,312.00018
2018-11-02 03:00:00,311.75085
2018-11-02 06:00:00,311.65094
2018-11-02 09:00:00,312.16742
2018-11-02 12:00:00,311.73914
2018-11-02 15:00:00,311.86456
2018-11-02 18:00:00,313.63525
2018-11-02 21:00:00,315.9696
2018-11-03 00:00:00,316.27313
2018-11-03 03:00:00,317.51648
2018-11-03 06:00:00,319.72815
2018-11-03 09:00:00,319.92212
2018-11-03 12:00:00,317.5393
2018-11-03 15:00:00,316.35297
2018-11-03 18:00:00,315.18762
2018-11-03 21:00:00,311.71533
2018-11-04 00:00:00,308.18347
2018-11-04 03:00:00,305.51758
2018-11-04 06:00:00,303.2771
2018-11-04 09:00:00,301.67255
2018-11-04 12:00:00,301.52557
2018-11-04 15:00:00,301.6914
2018-11-04 18:00:00,300.3225
2018-11-04 21:00:00,297.29785
2018-11-05 00:00:00,302.20728
2018-11-05 03:00:00,303.8249
2018-11-05 06:00:00,304.99078
2018-11-05 09:00:00,306.1447
2018-11-05 12:00:00,306.8382
2018-11-05 15:00:00,307.34576
2018-11-05 18:00:00,308.2047
2018-11-05 21:00:00,308.73322
2018-11-06 00:00:00,309.18835
2018-11-06 03:00:00,309.8036
2018-11-06 06:00:00,310.58044
2018-11-06 09:00:00,311.3308
2018-11-06 12:00:00,311.49585
2018-11-06 15:00:00,310.57324
2018-11-06 18:00:00,307.29956
2018-11-06 21:00:00,301.2771
2018-11-07 00:00:00,291.50293
2018-11-07 03:00:00,283.32446
2018-11-07 06:00:00,289.2882
2018-11-07 09:00:00,296.4469
2018-11-07 12:00:00,300.94543
2018-11-07 15:00:00,302.8614
2018-11-07 18:00:00,303.18805
2018-11-07 21:00:00,303.05206
2018-11-08 00:00:00,303.03253
2018-11-08 03:00:00,303.4041
2018-11-08 06:00:00,303.9616
2018-11-08 09:00:00,303.9264
2018-11-08 12:00:00,302.69495
2018-11-08 15:00:00,301.37183
2018-11-08 18:00:00,303.04352
2018-11-08 21:00:00,305.70477
2018-11-09 00:00:00,307.80914
2018-11-09 03:00:00,309.7821
2018-11-09 06:00:00,311.24658
2018-11-09 09:00:00,312.09644
2018-11-09 12:00:00,312.4796
2018-11-09 15:00:00,312.5103
2018-11-09 18:00:00,312.1723
2018-11-09 21:00:00,311.2411
2018-11-10 00:00:00,309.22144
2018-11-10 03:00:00,306.6306
2018-11-10 06:00:00,304.24365
2018-11-10 09:00:00,302.1565
2018-11-10 12:00:00,299.74023
2018-11-10 15:00:00,298.8838
2018-11-10 18:00:00,298.90845
2018-11-10 21:00:00,299.58264
2018-11-11 00:00:00,301.2517
2018-11-11 03:00:00,302.41516
2018-11-11 06:00:00,302.55493
2018-11-11 09:00:00,301.32568
2018-11-11 12:00:00,299.13623
2018-11-11 15:00:00,293.83862
2018-11-11 18:00:00,293.70447
2018-11-11 21:00:00,296.44257
2018-11-12 00:00:00,297.24286
2018-11-12 03:00:00,297.77386
2018-11-12 06:00:00,298.50043
2018-11-12 09:00:00,298.80902
2018-11-12 12:00:00,299.11646
2018-11-12 15:00:00,300.38757
2018-11-12 18:00:00,302.83856
2018-11-12 21:00:00,306.13336
2018-11-13 00:00:00,307.79907
2018-11-13 03:00:00,308.97394
2018-11-13 06:00:00,309.8687
2018-11-13 09:00:00,311.10327
2018-11-13 12:00:00,311.48615
2018-11-13 15:00:00,311.78363
2018-11-13 18:00:00,312.1825
2018-11-13 21:00:00,312.40936
2018-11-14 00:00:00,312.47302
2018-11-14 03:00:00,312.39374
2018-11-14 06:00:00,312.0821
2018-11-14 09:00:00,311.76013
2018-11-14 12:00:00,311.31287
2018-11-14 15:00:00,310.62317
2018-11-14 18:00:00,309.7848
2018-11-14 21:00:00,308.83667
2018-11-15 00:00:00,307.39172
2018-11-15 03:00:00,305.77637
2018-11-15 06:00:00,303.08728
2018-11-15 09:00:00,301.0733
2018-11-15 12:00:00,298.9223
2018-11-15 15:00:00,298.00134
2018-11-15 18:00:00,297.78284
2018-11-15 21:00:00,298.01617
2018-11-16 00:00:00,298.01477
2018-11-16 03:00:00,297.64136
2018-11-16 06:00:00,297.13556
2018-11-16 09:00:00,296.62814
2018-11-16 12:00:00,296.15146
2018-11-16 15:00:00,295.7589
2018-11-16 18:00:00,295.43774
2018-11-16 21:00:00,295.00146
2018-11-17 00:00:00,293.39514
2018-11-17 03:00:00,290.75793
2018-11-17 06:00:00,286.42798
2018-11-17 09:00:00,276.39453
2018-11-17 12:00:00,263.063
2018-11-17 15:00:00,271.2127
2018-11-17 18:00:00,279.4948
2018-11-17 21:00:00,281.50964
2018-11-18 00:00:00,279.03937
2018-11-18 03:00:00,283.64972
2018-11-18 06:00:00,286.32062
2018-11-18 09:00:00,287.5802
2018-11-18 12:00:00,288.17657
2018-11-18 15:00:00,289.24695
2018-11-18 18:00:00,290.75055
2018-11-18 21:00:00,292.04962
2018-11-19 00:00:00,292.9027
2018-11-19 03:00:00,293.47162
2018-11-19 06:00:00,293.83368
2018-11-19 09:00:00,294.07495
2018-11-19 12:00:00,294.1494
2018-11-19 15:00:00,293.99445
2018-11-19 18:00:00,293.54565
2018-11-19 21:00:00,292.9077
2018-11-20 00:00:00,292.6006
2018-11-20 03:00:00,294.64105
2018-11-20 06:00:00,297.33356
2018-11-20 09:00:00,296.48224
2018-11-20 12:00:00,295.047
2018-11-20 15:00:00,294.5475
2018-11-20 18:00:00,295.94513
2018-11-20 21:00:00,297.44818
2018-11-21 00:00:00,298.64166
2018-11-21 03:00:00,299.01276
2018-11-21 06:00:00,298.8449
2018-11-21 09:00:00,298.83875
2018-11-21 12:00:00,298.51685
2018-11-21 15:00:00,297.40283
2018-11-21 18:00:00,296.53406
2018-11-21 21:00:00,296.1726
2018-11-22 00:00:00,296.6499
2018-11-22 03:00:00,296.8866
2018-11-22 06:00:00,297.3623
2018-11-22 09:00:00,297.94788
2018-11-22 12:00:00,298.51672
2018-11-22 15:00:00,299.05798
2018-11-22 18:00:00,299.57684
2018-11-22 21:00:00,300.08997
2018-11-23 00:00:00,300.69373
2018-11-23 03:00:00,301.46362
2018-11-23 06:00:00,302.3252
2018-11-23 09:00:00,303.01746
2018-11-23 12:00:00,303.58167
2018-11-23 15:00:00,304.18042
2018-11-23 18:00:00,304.84747
2018-11-23 21:00:00,305.4671
2018-11-24 00:00:00,306.0631
2018-11-24 03:00:00,306.1985
2018-11-24 06:00:00,304.9773
2018-11-24 09:00:00,300.97437
2018-11-24 12:00:00,285.24976
2018-11-24 15:00:00,265.05392
2018-11-24 18:00:00,251.76901
2018-11-24 21:00:00,252.88817
2018-11-25 00:00:00,257.83606
2018-11-25 03:00:00,262.33337
2018-11-25 06:00:00,266.55725
2018-11-25 09:00:00,269.87866
2018-11-25 12:00:00,271.7976
2018-11-25 15:00:00,271.57422
2018-11-25 18:00:00,266.61017
2018-11-25 21:00:00,284.7919
2018-11-26 00:00:00,297.96198
2018-11-26 03:00:00,304.53748
2018-11-26 06:00:00,307.01343
2018-11-26 09:00:00,307.7815
2018-11-26 12:00:00,308.549
2018-11-26 15:00:00,309.75543
2018-11-26 18:00:00,310.21313
2018-11-26 21:00:00,309.80798
2018-11-27 00:00:00,307.4093
2018-11-27 03:00:00,304.84888
2018-11-27 06:00:00,302.71155
2018-11-27 09:00:00,300.90137
2018-11-27 12:00:00,299.55505
2018-11-27 15:00:00,298.83038
2018-11-27 18:00:00,298.66663
2018-11-27 21:00:00,298.78998
2018-11-28 00:00:00,298.9157
2018-11-28 03:00:00,298.83142
2018-11-28 06:00:00,298.40637
2018-11-28 09:00:00,297.69147
2018-11-28 12:00:00,296.5974
2018-11-28 15:00:00,295.10944
2018-11-28 18:00:00,293.44568
2018-11-28 21:00:00,292.22485
2018-11-29 00:00:00,291.01166
2018-11-29 03:00:00,289.4253
2018-11-29 06:00:00,287.50244
2018-11-29 09:00:00,285.61395
2018-11-29 12:00:00,283.75793
2018-11-29 15:00:00,280.99512
2018-11-29 18:00:00,279.4867
2018-11-29 21:00:00,280.47015
2018-11-30 00:00:00,283.20984
2018-11-30 03:00:00,284.03345
2018-11-30 06:00:00,284.67993
2018-11-30 09:00:00,284.94336
2018-11-30 12:00:00,285.1413
2018-11-30 15:00:00,285.721
2018-11-30 18:00:00,286.96527
2018-11-30 21:00:00,289.07214
2018-12-01 00:00:00,291.67578
2018-12-01 03:00:00,294.4577
2018-12-01 06:00:00,297.6352
2018-12-01 09:00:00,301.0302
2018-12-01 12:00:00,304.57245
2018-12-01 15:00:00,308.3543
2018-12-01 18:00:00,312.0069
2018-12-01 21:00:00,315.10413
2018-12-02 00:00:00,317.18054
2018-12-02 03:00:00,318.16516
2018-12-02 06:00:00,317.86096
2018-12-02 09:00:00,316.49316
2018-12-02 12:00:00,314.05615
2018-12-02 15:00:00,310.84436
2018-12-02 18:00:00,307.5631
2018-12-02 21:00:00,303.9851
2018-12-03 00:00:00,300.2588
2018-12-03 03:00:00,296.70825
2018-12-03 06:00:00,294.0968
2018-12-03 09:00:00,292.31482
2018-12-03 12:00:00,291.07593
2018-12-03 15:00:00,290.39954
2018-12-03 18:00:00,289.96106
2018-12-03 21:00:00,289.4002
2018-12-04 00:00:00,288.91754
2018-12-04 03:00:00,288.76617
2018-12-04 06:00:00,288.8108
2018-12-04 09:00:00,288.9496
2018-12-04 12:00:00,289.0498
2018-12-04 15:00:00,288.96796
2018-12-04 18:00:00,288.89233
2018-12-04 21:00:00,288.8261
2018-12-05 00:00:00,288.62878
2018-12-05 03:00:00,287.9936
2018-12-05 06:00:00,286.78992
2018-12-05 09:00:00,285.2743
2018-12-05 12:00:00,284.22797
2018-12-05 15:00:00,284.0487
2018-12-05 18:00:00,282.8156
2018-12-05 21:00:00,283.14948
2018-12-06 00:00:00,284.32825
2018-12-06 03:00:00,287.48444
2018-12-06 06:00:00,287.8379
2018-12-06 09:00:00,289.71436
2018-12-06 12:00:00,290.5442
2018-12-06 15:00:00,290.89368
2018-12-06 18:00:00,292.26074
2018-12-06 21:00:00,294.83777
2018-12-07 00:00:00,297.5191
2018-12-07 03:00:00,303.0636
2018-12-07 06:00:00,305.97778
2018-12-07 09:00:00,305.50818
2018-12-07 12:00:00,311.5891
2018-12-07 15:00:00,312.7688
2018-12-07 18:00:00,316.8374
2018-12-07 21:00:00,319.47046
2018-12-08 00:00:00,316.21118
2018-12-08 03:00:00,311.40527
2018-12-08 06:00:00,313.34717
2018-12-08 09:00:00,315.33716
2018-12-08 12:00:00,313.32043
2018-12-08 15:00:00,312.47888
2018-12-08 18:00:00,311.18927
2018-12-08 21:00:00,312.76923
2018-12-09 00:00:00,313.69678
2018-12-09 03:00:00,313.29468
2018-12-09 06:00:00,313.00366
2018-12-09 09:00:00,312.63373
2018-12-09 12:00:00,312.011
2018-12-09 15:00:00,311.2437
2018-12-09 18:00:00,310.6297
2018-12-09 21:00:00,310.3619
2018-12-10 00:00:00,310.39896
2018-12-10 03:00:00,310.54126
2018-12-10 06:00:00,310.508
2018-12-10 09:00:00,310.34216
2018-12-10 12:00:00,310.09583
2018-12-10 15:00:00,309.78516
2018-12-10 18:00:00,309.46442
2018-12-10 21:00:00,309.12732
2018-12-11 00:00:00,308.78888
2018-12-11 03:00:00,308.48474
2018-12-11 06:00:00,308.20435
2018-12-11 09:00:00,307.95483
2018-12-11 12:00:00,307.6933
2018-12-11 15:00:00,307.55005
2018-12-11 18:00:00,307.6728
2018-12-11 21:00:00,307.8297
2018-12-12 00:00:00,307.26
2018-12-12 03:00:00,306.33795
2018-12-12 06:00:00,305.20538
2018-12-12 09:00:00,304.51892
2018-12-12 12:00:00,304.211
2018-12-12 15:00:00,304.0553
2018-12-12 18:00:00,303.68097
2018-12-12 21:00:00,302.26477
2018-12-13 00:00:00,299.5786
2018-12-13 03:00:00,289.81995
2018-12-13 06:00:00,295.83234
2018-12-13 09:00:00,302.70465
2018-12-13 12:00:00,304.43005
2018-12-13 15:00:00,306.12598
2018-12-13 18:00:00,306.99298
2018-12-13 21:00:00,306.0575
2018-12-14 00:00:00,304.48938
2018-12-14 03:00:00,303.7926
2018-12-14 06:00:00,303.88513
2018-12-14 09:00:00,304.6609
2018-12-14 12:00:00,305.31604
2018-12-14 15:00:00,305.9345
2018-12-14 18:00:00,306.50287
2018-12-14 21:00:00,306.91003
2018-12-15 00:00:00,307.0863
2018-12-15 03:00:00,307.07617
2018-12-15 06:00:00,306.85974
2018-12-15 09:00:00,306.2881
2018-12-15 12:00:00,304.68726
2018-12-15 15:00:00,303.40442
2018-12-15 18:00:00,303.16724
2018-12-15 21:00:00,302.56396
2018-12-16 00:00:00,301.36157
2018-12-16 03:00:00,299.03345
2018-12-16 06:00:00,296.01978
2018-12-16 09:00:00,296.09863
2018-12-16 12:00:00,296.9245
2018-12-16 15:00:00,297.12238
2018-12-16 18:00:00,296.86835
2018-12-16 21:00:00,297.20526
2018-12-17 00:00:00,297.88904
2018-12-17 03:00:00,298.53192
2018-12-17 06:00:00,298.83722
2018-12-17 09:00:00,299.12982
2018-12-17 12:00:00,298.9223
2018-12-17 15:00:00,298.66833
2018-12-17 18:00:00,298.45734
2018-12-17 21:00:00,298.19586
2018-12-18 00:00:00,297.44885
2018-12-18 03:00:00,295.219
2018-12-18 06:00:00,290.6582
2018-12-18 09:00:00,284.90698
2018-12-18 12:00:00,280.10742
2018-12-18 15:00:00,280.667
2018-12-18 18:00:00,286.03784
2018-12-18 21:00:00,290.14087
2018-12-19 00:00:00,291.45532
2018-12-19 03:00:00,292.187
2018-12-19 06:00:00,292.56445
2018-12-19 09:00:00,292.9533
2018-12-19 12:00:00,293.28925
2018-12-19 15:00:00,293.71216
2018-12-19 18:00:00,294.40674
2018-12-19 21:00:00,295.58307
2018-12-20 00:00:00,297.29602
2018-12-20 03:00:00,299.36285
2018-12-20 06:00:00,301.56415
2018-12-20 09:00:00,303.75244
2018-12-20 12:00:00,305.93402
2018-12-20 15:00:00,308.04144
2018-12-20 18:00:00,309.98297
2018-12-20 21:00:00,311.63715
2018-12-21 00:00:00,312.92346
2018-12-21 03:00:00,313.8761
2018-12-21 06:00:00,314.49915
2018-12-21 09:00:00,314.70386
2018-12-21 12:00:00,315.00177
2018-12-21 15:00:00,314.41504
2018-12-21 18:00:00,313.60437
2018-12-21 21:00:00,312.86035
2018-12-22 00:00:00,312.01306
2018-12-22 03:00:00,311.4171
2018-12-22 06:00:00,310.8496
2018-12-22 09:00:00,309.67944
2018-12-22 12:00:00,308.13605
2018-12-22 15:00:00,306.1233
2018-12-22 18:00:00,303.95374
2018-12-22 21:00:00,301.78235
2018-12-23 00:00:00,299.5487
2018-12-23 03:00:00,297.37726
2018-12-23 06:00:00,295.57098
2018-12-23 09:00:00,293.66522
2018-12-23 12:00:00,292.75488
2018-12-23 15:00:00,292.77063
2018-12-23 18:00:00,293.51007
2018-12-23 21:00:00,294.04944
2018-12-24 00:00:00,294.41083
2018-12-24 03:00:00,294.69586
2018-12-24 06:00:00,294.87775
2018-12-24 09:00:00,294.88574
2018-12-24 12:00:00,294.79718
2018-12-24 15:00:00,294.27545
2018-12-24 18:00:00,293.539
2018-12-24 21:00:00,292.69214
2018-12-25 00:00:00,291.68915
2018-12-25 03:00:00,290.45374
2018-12-25 06:00:00,288.7279
2018-12-25 09:00:00,286.40503
2018-12-25 12:00:00,283.03687
2018-12-25 15:00:00,278.474
2018-12-25 18:00:00,273.0099
2018-12-25 21:00:00,267.1089
2018-12-26 00:00:00,259.39362
2018-12-26 03:00:00,248.90144
2018-12-26 06:00:00,243.22075
2018-12-26 09:00:00,243.33054
2018-12-26 12:00:00,241.32352
2018-12-26 15:00:00,242.77455
2018-12-26 18:00:00,245.39172
2018-12-26 21:00:00,247.43756
2018-12-27 00:00:00,249.2487
2018-12-27 03:00:00,251.22731
2018-12-27 06:00:00,253.38144
2018-12-27 09:00:00,255.83963
2018-12-27 12:00:00,258.8756
2018-12-27 15:00:00,263.60272
2018-12-27 18:00:00,273.15723
2018-12-27 21:00:00,277.75098
2018-12-28 00:00:00,281.77014
2018-12-28 03:00:00,286.938
2018-12-28 06:00:00,290.5783
2018-12-28 09:00:00,294.26898
2018-12-28 12:00:00,297.6944
2018-12-28 15:00:00,301.7735
2018-12-28 18:00:00,306.64893
2018-12-28 21:00:00,306.5315
2018-12-29 00:00:00,307.58606
2018-12-29 03:00:00,311.088
2018-12-29 06:00:00,316.88507
2018-12-29 09:00:00,324.1183
2018-12-29 12:00:00,325.4817
2018-12-29 15:00:00,320.0249
2018-12-29 18:00:00,321.20386
2018-12-29 21:00:00,331.45532
2018-12-30 00:00:00,349.97177
2018-12-30 03:00:00,358.27356
2018-12-30 06:00:00,13.947447
2018-12-30 09:00:00,35.008682
2018-12-30 12:00:00,48.01001
2018-12-30 15:00:00,63.431763
2018-12-30 18:00:00,96.947815
2018-12-30 21:00:00,116.43645
2018-12-31 00:00:00,123.64891
2018-12-31 03:00:00,127.66057
2018-12-31 06:00:00,137.55603
2018-12-31 09:00:00,167.58977
2018-12-31 12:00:00,218.30238
2018-12-31 15:00:00,251.21484
2018-12-31 18:00:00,261.64984
2018-12-31 21:00:00,265.65686
2019-01-01 00:00:00,267.72824
2019-01-01 03:00:00,269.17615
2019-01-01 06:00:00,270.10345
2019-01-01 09:00:00,270.64874
2019-01-01 12:00:00,270.71097
2019-01-01 15:00:00,270.60614
2019-01-01 18:00:00,270.74353
2019-01-01 21:00:00,271.20557
2019-01-02 00:00:00,272.24347
2019-01-02 03:00:00,273.97778
2019-01-02 06:00:00,276.18884
2019-01-02 09:00:00,278.3756
2019-01-02 12:00:00,280.48645
2019-01-02 15:00:00,287.78613
2019-01-02 18:00:00,296.42786
2019-01-02 21:00:00,304.69073
2019-01-03 00:00:00,304.39282
2019-01-03 03:00:00,302.11047
2019-01-03 06:00:00,300.6875
2019-01-03 09:00:00,300.53955
2019-01-03 12:00:00,299.69006
2019-01-03 15:00:00,299.70447
2019-01-03 18:00:00,300.34814
2019-01-03 21:00:00,301.0249
2019-01-04 00:00:00,301.17358
2019-01-04 03:00:00,300.97058
2019-01-04 06:00:00,300.1256
2019-01-04 09:00:00,299.38513
2019-01-04 12:00:00,296.80872
2019-01-04 15:00:00,293.22083
2019-01-04 18:00:00,290.89966
2019-01-04 21:00:00,290.0747
2019-01-05 00:00:00,290.17993
2019-01-05 03:00:00,290.8318
2019-01-05 06:00:00,291.45178
2019-01-05 09:00:00,292.1809
2019-01-05 12:00:00,292.71106
2019-01-05 15:00:00,292.62683
2019-01-05 18:00:00,293.36932
2019-01-05 21:00:00,295.98682
2019-01-06 00:00:00,297.1798
2019-01-06 03:00:00,298.03967
2019-01-06 06:00:00,297.93933
2019-01-06 09:00:00,298.17285
2019-01-06 12:00:00,298.87543
2019-01-06 15:00:00,299.03992
2019-01-06 18:00:00,299.4087
2019-01-06 21:00:00,299.87653
2019-01-07 00:00:00,300.3523
2019-01-07 03:00:00,300.83136
2019-01-07 06:00:00,301.4937
2019-01-07 09:00:00,302.297
2019-01-07 12:00:00,303.3766
2019-01-07 15:00:00,304.21957
2019-01-07 18:00:00,304.87903
2019-01-07 21:00:00,305.575
2019-01-08 00:00:00,306.10974
2019-01-08 03:00:00,305.70477
2019-01-08 06:00:00,304.96082
2019-01-08 09:00:00,304.0191
2019-01-08 12:00:00,302.6671
2019-01-08 15:00:00,301.19788
2019-01-08 18:00:00,299.54834
2019-01-08 21:00:00,298.1123
2019-01-09 00:00:00,296.36047
2019-01-09 03:00:00,294.89624
2019-01-09 06:00:00,293.985
2019-01-09 09:00:00,293.76062
2019-01-09 12:00:00,294.05188
2019-01-09 15:00:00,295.04724
2019-01-09 18:00:00,297.93787
2019-01-09 21:00:00,301.6856
2019-01-10 00:00:00,304.06445
2019-01-10 03:00:00,306.43787
2019-01-10 06:00:00,308.9698
2019-01-10 09:00:00,312.79327
2019-01-10 12:00:00,315.62515
2019-01-10 15:00:00,317.18036
2019-01-10 18:00:00,318.219
2019-01-10 21:00:00,318.93384
2019-01-11 00:00:00,318.96198
2019-01-11 03:00:00,321.58154
2019-01-11 06:00:00,328.44556
2019-01-11 09:00:00,346.00684
2019-01-11 12:00:00,344.98706
2019-01-11 15:00:00,324.0668
2019-01-11 18:00:00,315.9701
2019-01-11 21:00:00,331.18182
2019-01-12 00:00:00,338.10345
2019-01-12 03:00:00,320.2904
2019-01-12 06:00:00,314.12726
2019-01-12 09:00:00,323.92578
2019-01-12 12:00:00,314.5273
2019-01-12 15:00:00,301.85547
2019-01-12 18:00:00,297.46915
2019-01-12 21:00:00,301.4415
2019-01-13 00:00:00,302.98074
2019-01-13 03:00:00,303.56274
2019-01-13 06:00:00,304.37677
2019-01-13 09:00:00,304.90735
2019-01-13 12:00:00,306.5079
2019-01-13 15:00:00,307.5564
2019-01-13 18:00:00,308.65662
2019-01-13 21:00:00,310.49518
2019-01-14 00:00:00,311.43787
2019-01-14 03:00:00,311.83618
2019-01-14 06:00:00,311.78314
2019-01-14 09:00:00,311.45398
2019-01-14 12:00:00,310.75043
2019-01-14 15:00:00,310.24353
2019-01-14 18:00:00,310.46295
2019-01-14 21:00:00,310.1974
2019-01-15 00:00:00,309.5561
2019-01-15 03:00:00,309.7119
2019-01-15 06:00:00,309.05652
2019-01-15 09:00:00,308.72913
2019-01-15 12:00:00,308.6184
2019-01-15 15:00:00,308.68994
2019-01-15 18:00:00,308.8839
2019-01-15 21:00:00,309.22766
2019-01-16 00:00:00,309.47778
2019-01-16 03:00:00,309.51196
2019-01-16 06:00:00,309.17224
2019-01-16 09:00:00,308.71143
2019-01-16 12:00:00,308.02734
2019-01-16 15:00:00,307.46155
2019-01-16 18:00:00,307.87573
2019-01-16 21:00:00,308.76782
2019-01-17 00:00:00,311.7766
2019-01-17 03:00:00,317.85513
2019-01-17 06:00:00,326.62115
2019-01-17 09:00:00,328.56604
2019-01-17 12:00:00,325.98645
2019-01-17 15:00:00,326.40314
2019-01-17 18:00:00,327.53928
2019-01-17 21:00:00,328.80566
2019-01-18 00:00:00,327.2281
2019-01-18 03:00:00,325.57047
2019-01-18 06:00:00,324.40686
2019-01-18 09:00:00,323.104
2019-01-18 12:00:00,322.05658
2019-01-18 15:00:00,321.62598
2019-01-18 18:00:00,320.60992
2019-01-18 21:00:00,314.41443
2019-01-19 00:00:00,309.39948
2019-01-19 03:00:00,311.8335
2019-01-19 06:00:00,312.51587
2019-01-19 09:00:00,310.87805
2019-01-19 12:00:00,307.36365
2019-01-19 15:00:00,300.25024
2019-01-19 18:00:00,294.24268
2019-01-19 21:00:00,298.55518
2019-01-20 00:00:00,300.40973
2019-01-20 03:00:00,307.03967
2019-01-20 06:00:00,314.5536
2019-01-20 09:00:00,317.77637
2019-01-20 12:00:00,320.28583
2019-01-20 15:00:00,320.85046
2019-01-20 18:00:00,322.59833
2019-01-20 21:00:00,323.92957
2019-01-21 00:00:00,323.95447
2019-01-21 03:00:00,323.15912
2019-01-21 06:00:00,323.68127
2019-01-21 09:00:00,324.47668
2019-01-21 12:00:00,323.4875
2019-01-21 15:00:00,324.4402
2019-01-21 18:00:00,323.8935
2019-01-21 21:00:00,324.7584
2019-01-22 00:00:00,325.48267
2019-01-22 03:00:00,324.26697
2019-01-22 06:00:00,325.38733
2019-01-22 09:00:00,324.83795
2019-01-22 12:00:00,324.3105
2019-01-22 15:00:00,323.29883
2019-01-22 18:00:00,321.90466
2019-01-22 21:00:00,319.06772
2019-01-23 00:00:00,322.39636
2019-01-23 03:00:00,323.44495
2019-01-23 06:00:00,323.53705
2019-01-23 09:00:00,324.76
2019-01-23 12:00:00,324.84485
2019-01-23 15:00:00,324.76648
2019-01-23 18:00:00,325.28546
2019-01-23 21:00:00,325.6595
2019-01-24 00:00:00,325.27435
2019-01-24 03:00:00,326.2918
2019-01-24 06:00:00,327.3504
2019-01-24 09:00:00,328.69812
2019-01-24 12:00:00,327.72205
2019-01-24 15:00:00,327.56516
2019-01-24 18:00:00,328.30112
2019-01-24 21:00:00,329.07996
2019-01-25 00:00:00,328.50256
2019-01-25 03:00:00,327.8738
2019-01-25 06:00:00,327.7827
2019-01-25 09:00:00,328.01926
2019-01-25 12:00:00,328.09796
2019-01-25 15:00:00,326.91815
2019-01-25 18:00:00,325.89893
2019-01-25 21:00:00,324.91614
2019-01-26 00:00:00,323.67108
2019-01-26 03:00:00,322.45044
2019-01-26 06:00:00,321.20514
2019-01-26 09:00:00,319.88947
2019-01-26 12:00:00,318.3756
2019-01-26 15:00:00,316.4878
2019-01-26 18:00:00,314.4474
2019-01-26 21:00:00,312.46375
2019-01-27 00:00:00,312.10226
2019-01-27 03:00:00,315.8286
2019-01-27 06:00:00,320.55304
2019-01-27 09:00:00,318.1588
2019-01-27 12:00:00,316.2588
2019-01-27 15:00:00,322.75836
2019-01-27 18:00:00,324.4923
2019-01-27 21:00:00,327.84515
2019-01-28 00:00:00,326.1336
2019-01-28 03:00:00,326.61755
2019-01-28 06:00:00,328.88507
2019-01-28 09:00:00,328.32935
2019-01-28 12:00:00,325.1654
2019-01-28 15:00:00,324.36096
2019-01-28 18:00:00,326.19586
2019-01-28 21:00:00,326.55005
2019-01-29 00:00:00,326.1183
2019-01-29 03:00:00,325.59497
2019-01-29 06:00:00,325.1659
2019-01-29 09:00:00,323.90063
2019-01-29 12:00:00,322.30652
2019-01-29 15:00:00,320.5426
2019-01-29 18:00:00,319.5724
2019-01-29 21:00:00,318.82837
2019-01-30 00:00:00,317.35364
2019-01-30 03:00:00,318.04028
2019-01-30 06:00:00,318.42847
2019-01-30 09:00:00,318.90643
2019-01-30 12:00:00,318.813
2019-01-30 15:00:00,316.495
2019-01-30 18:00:00,315.2434
2019-01-30 21:00:00,314.91528
2019-01-31 00:00:00,313.34717
2019-01-31 03:00:00,312.25012
2019-01-31 06:00:00,310.76123
2019-01-31 09:00:00,309.22144
2019-01-31 12:00:00,307.11084
2019-01-31 15:00:00,303.86
2019-01-31 18:00:00,300.2583
2019-01-31 21:00:00,293.989
2019-02-01 00:00:00,281.98438
2019-02-01 03:00:00,290.08722
2019-02-01 06:00:00,295.53107
2019-02-01 09:00:00,299.18237
2019-02-01 12:00:00,302.85944
2019-02-01 15:00:00,308.10504
2019-02-01 18:00:00,312.28455
2019-02-01 21:00:00,313.66437
2019-02-02 00:00:00,314.07092
2019-02-02 03:00:00,314.40765
2019-02-02 06:00:00,315.94934
2019-02-02 09:00:00,317.19574
2019-02-02 12:00:00,317.33655
2019-02-02 15:00:00,318.23627
2019-02-02 18:00:00,319.98462
2019-02-02 21:00:00,321.91656
2019-02-03 00:00:00,321.86963
2019-02-03 03:00:00,321.59106
2019-02-03 06:00:00,321.94537
2019-02-03 09:00:00,323.0249
2019-02-03 12:00:00,323.33942
2019-02-03 15:00:00,324.1416
2019-02-03 18:00:00,324.41748
2019-02-03 21:00:00,324.02136
2019-02-04 00:00:00,324.57233
2019-02-04 03:00:00,323.0968
2019-02-04 06:00:00,320.50037
2019-02-04 09:00:00,318.97815
2019-02-04 12:00:00,317.563
2019-02-04 15:00:00,314.73438
2019-02-04 18:00:00,313.7599
2019-02-04 21:00:00,317.4143
2019-02-05 00:00:00,318.97693
2019-02-05 03:00:00,317.66626
2019-02-05 06:00:00,313.48755
2019-02-05 09:00:00,309.8069
2019-02-05 12:00:00,307.5495
2019-02-05 15:00:00,305.89087
2019-02-05 18:00:00,304.98492
2019-02-05 21:00:00,304.6128
2019-02-06 00:00:00,304.50848
2019-02-06 03:00:00,304.31714
2019-02-06 06:00:00,303.9651
2019-02-06 09:00:00,303.80127
2019-02-06 12:00:00,304.0313
2019-02-06 15:00:00,304.5427
2019-02-06 18:00:00,305.19547
2019-02-06 21:00:00,305.7064
2019-02-07 00:00:00,306.29828
2019-02-07 03:00:00,306.71924
2019-02-07 06:00:00,306.89508
2019-02-07 09:00:00,306.84442
2019-02-07 12:00:00,306.89886
2019-02-07 15:00:00,307.7021
2019-02-07 18:00:00,308.4994
2019-02-07 21:00:00,309.0952
2019-02-08 00:00:00,309.54468
2019-02-08 03:00:00,309.8081
2019-02-08 06:00:00,309.84497
2019-02-08 09:00:00,310.06342
2019-02-08 12:00:00,310.3526
2019-02-08 15:00:00,310.6577
2019-02-08 18:00:00,310.94873
2019-02-08 21:00:00,311.20398
2019-02-09 00:00:00,311.1042
2019-02-09 03:00:00,311.05524
2019-02-09 06:00:00,311.3473
2019-02-09 09:00:00,311.7047
2019-02-09 12:00:00,311.84424
2019-02-09 15:00:00,311.68842
2019-02-09 18:00:00,311.30414
2019-02-09 21:00:00,310.71576
2019-02-10 00:00:00,310.01776
2019-02-10 03:00:00,309.2281
2019-02-10 06:00:00,308.43372
2019-02-10 09:00:00,307.73535
2019-02-10 12:00:00,307.0846
2019-02-10 15:00:00,306.90857
2019-02-10 18:00:00,307.3706
2019-02-10 21:00:00,307.83032
2019-02-11 00:00:00,308.20483
2019-02-11 03:00:00,308.3463
2019-02-11 06:00:00,309.0716
2019-02-11 09:00:00,310.38434
2019-02-11 12:00:00,311.15955
2019-02-11 15:00:00,313.02393
2019-02-11 18:00:00,314.21936
2019-02-11 21:00:00,314.5962
2019-02-12 00:00:00,314.64246
2019-02-12 03:00:00,315.09412
2019-02-12 06:00:00,316.52356
2019-02-12 09:00:00,318.46234
2019-02-12 12:00:00,319.48175
2019-02-12 15:00:00,320.19653
2019-02-12 18:00:00,320.87256
2019-02-12 21:00:00,321.32812
2019-02-13 00:00:00,321.31262
2019-02-13 03:00:00,319.89868
2019-02-13 06:00:00,316.542
2019-02-13 09:00:00,311.7378
2019-02-13 12:00:00,307.00403
2019-02-13 15:00:00,302.56287
2019-02-13 18:00:00,299.59375
2019-02-13 21:00:00,297.6654
2019-02-14 00:00:00,296.33673
2019-02-14 03:00:00,295.0331
2019-02-14 06:00:00,292.8462
2019-02-14 09:00:00,289.14862
2019-02-14 12:00:00,285.73505
2019-02-14 15:00:00,273.1347
2019-02-14 18:00:00,259.48657
2019-02-14 21:00:00,245.18753
2019-02-15 00:00:00,242.32039
2019-02-15 03:00:00,244.39258
2019-02-15 06:00:00,243.62656
2019-02-15 09:00:00,252.71307
2019-02-15 12:00:00,260.8284
2019-02-15 15:00:00,267.3053
2019-02-15 18:00:00,272.51562
2019-02-15 21:00:00,275.8922
2019-02-16 00:00:00,278.82898
2019-02-16 03:00:00,281.35956
2019-02-16 06:00:00,283.38507
2019-02-16 09:00:00,284.91693
2019-02-16 12:00:00,285.8603
2019-02-16 15:00:00,286.61145
2019-02-16 18:00:00,287.40674
2019-02-16 21:00:00,288.3534
2019-02-17 00:00:00,289.3235
2019-02-17 03:00:00,289.89478
2019-02-17 06:00:00,290.41675
2019-02-17 09:00:00,291.08008
2019-02-17 12:00:00,291.5775
2019-02-17 15:00:00,292.77362
2019-02-17 18:00:00,294.63672
2019-02-17 21:00:00,296.79962
2019-02-18 00:00:00,299.19724
2019-02-18 03:00:00,301.38364
2019-02-18 06:00:00,303.00534
2019-02-18 09:00:00,304.31448
2019-02-18 12:00:00,307.88
2019-02-18 15:00:00,311.8369
2019-02-18 18:00:00,312.93024
2019-02-18 21:00:00,313.2121
2019-02-19 00:00:00,311.87097
2019-02-19 03:00:00,312.29715
2019-02-19 06:00:00,312.14996
2019-02-19 09:00:00,311.8946
2019-02-19 12:00:00,312.07068
2019-02-19 15:00:00,312.52795
2019-02-19 18:00:00,313.18896
2019-02-19 21:00:00,314.09448
2019-02-20 00:00:00,314.6184
2019-02-20 03:00:00,314.8911
2019-02-20 06:00:00,314.79028
2019-02-20 09:00:00,314.26642
2019-02-20 12:00:00,312.78735
2019-02-20 15:00:00,310.30518
2019-02-20 18:00:00,307.0083
2019-02-20 21:00:00,303.45398
2019-02-21 00:00:00,299.95398
2019-02-21 03:00:00,296.26605
2019-02-21 06:00:00,290.9309
2019-02-21 09:00:00,281.0473
2019-02-21 12:00:00,259.08594
2019-02-21 15:00:00,255.54938
2019-02-21 18:00:00,273.3994
2019-02-21 21:00:00,281.75256
2019-02-22 00:00:00,283.0559
2019-02-22 03:00:00,282.51868
2019-02-22 06:00:00,280.81793
2019-02-22 09:00:00,278.9353
2019-02-22 12:00:00,277.52722
2019-02-22 15:00:00,277.0464
2019-02-22 18:00:00,277.6895
2019-02-22 21:00:00,278.0564
2019-02-23 00:00:00,277.9699
2019-02-23 03:00:00,277.75018
2019-02-23 06:00:00,277.64996
2019-02-23 09:00:00,277.79688
2019-02-23 12:00:00,278.28143
2019-02-23 15:00:00,278.87592
2019-02-23 18:00:00,279.4469
2019-02-23 21:00:00,280.04706
2019-02-24 00:00:00,280.7428
2019-02-24 03:00:00,281.61102
2019-02-24 06:00:00,282.49628
2019-02-24 09:00:00,283.3532
2019-02-24 12:00:00,284.24225
2019-02-24 15:00:00,285.13306
2019-02-24 18:00:00,285.84467
2019-02-24 21:00:00,285.9809
2019-02-25 00:00:00,285.62988
2019-02-25 03:00:00,285.27393
2019-02-25 06:00:00,284.70612
2019-02-25 09:00:00,283.9922
2019-02-25 12:00:00,283.06735
2019-02-25 15:00:00,282.15646
2019-02-25 18:00:00,281.9408
2019-02-25 21:00:00,282.35168
2019-02-26 00:00:00,282.50092
2019-02-26 03:00:00,280.86792
2019-02-26 06:00:00,278.89856
2019-02-26 09:00:00,277.22678
2019-02-26 12:00:00,273.3064
2019-02-26 15:00:00,266.32983
2019-02-26 18:00:00,271.0978
2019-02-26 21:00:00,279.8838
2019-02-27 00:00:00,287.76953
2019-02-27 03:00:00,292.72705
2019-02-27 06:00:00,296.07843
2019-02-27 09:00:00,298.05182
2019-02-27 12:00:00,299.15094
2019-02-27 15:00:00,299.7193
2019-02-27 18:00:00,300.02356
2019-02-27 21:00:00,301.2597
2019-02-28 00:00:00,302.2981
2019-02-28 03:00:00,302.5625
2019-02-28 06:00:00,302.68518
2019-02-28 09:00:00,301.604
2019-02-28 12:00:00,299.76587
2019-02-28 15:00:00,300.7743
2019-02-28 18:00:00,302.69714
2019-02-28 21:00:00,303.8521
2019-03-01 00:00:00,304.22168
2019-03-01 03:00:00,303.85242
2019-03-01 06:00:00,302.77417
2019-03-01 09:00:00,302.30493
2019-03-01 12:00:00,299.23596
2019-03-01 15:00:00,299.79834
2019-03-01 18:00:00,302.2268
2019-03-01 21:00:00,303.86572
2019-03-02 00:00:00,301.52625
2019-03-02 03:00:00,300.7671
2019-03-02 06:00:00,296.5194
2019-03-02 09:00:00,295.11768
2019-03-02 12:00:00,292.30475
2019-03-02 15:00:00,292.08813
2019-03-02 18:00:00,292.72888
2019-03-02 21:00:00,292.95056
2019-03-03 00:00:00,293.3089
2019-03-03 03:00:00,293.25934
2019-03-03 06:00:00,293.12506
2019-03-03 09:00:00,293.29645
2019-03-03 12:00:00,293.82867
2019-03-03 15:00:00,294.8037
2019-03-03 18:00:00,295.19037
2019-03-03 21:00:00,295.40692
2019-03-04 00:00:00,295.73047
2019-03-04 03:00:00,296.11926
2019-03-04 06:00:00,296.30554
2019-03-04 09:00:00,296.84094
2019-03-04 12:00:00,297.94696
2019-03-04 15:00:00,299.18872
2019-03-04 18:00:00,299.9165
2019-03-04 21:00:00,300.0108
2019-03-05 00:00:00,299.7116
2019-03-05 03:00:00,299.22736
2019-03-05 06:00:00,298.64978
2019-03-05 09:00:00,297.54773
2019-03-05 12:00:00,294.34692
2019-03-05 15:00:00,289.29968
2019-03-05 18:00:00,285.19995
2019-03-05 21:00:00,278.39478
2019-03-06 00:00:00,266.4475
2019-03-06 03:00:00,258.4694
2019-03-06 06:00:00,259.5367
2019-03-06 09:00:00,266.39108
2019-03-06 12:00:00,278.86853
2019-03-06 15:00:00,285.16858
2019-03-06 18:00:00,290.2447
2019-03-06 21:00:00,293.9953
2019-03-07 00:00:00,295.4483
2019-03-07 03:00:00,296.6073
2019-03-07 06:00:00,297.7364
2019-03-07 09:00:00,298.75122
2019-03-07 12:00:00,299.75916
2019-03-07 15:00:00,299.7661
2019-03-07 18:00:00,295.42346
2019-03-07 21:00:00,301.963
2019-03-08 00:00:00,305.88306
2019-03-08 03:00:00,310.2553
2019-03-08 06:00:00,315.44635
2019-03-08 09:00:00,319.96417
2019-03-08 12:00:00,321.4391
2019-03-08 15:00:00,320.30713
2019-03-08 18:00:00,319.95764
2019-03-08 21:00:00,321.813
2019-03-09 00:00:00,321.53418
2019-03-09 03:00:00,320.3432
2019-03-09 06:00:00,318.12573
2019-03-09 09:00:00,315.41272
2019-03-09 12:00:00,313.0509
2019-03-09 15:00:00,311.22058
2019-03-09 18:00:00,311.6455
2019-03-09 21:00:00,313.7696
2019-03-10 00:00:00,315.846
2019-03-10 03:00:00,314.8222
2019-03-10 06:00:00,313.3009
2019-03-10 09:00:00,314.4369
2019-03-10 12:00:00,314.81354
2019-03-10 15:00:00,315.1277
2019-03-10 18:00:00,315.57355
2019-03-10 21:00:00,315.6572
2019-03-11 00:00:00,317.04877
2019-03-11 03:00:00,318.83496
2019-03-11 06:00:00,319.14038
2019-03-11 09:00:00,318.0124
2019-03-11 12:00:00,315.37262
2019-03-11 15:00:00,314.0865
2019-03-11 18:00:00,313.56342
2019-03-11 21:00:00,313.48456
2019-03-12 00:00:00,313.72797
2019-03-12 03:00:00,313.8081
2019-03-12 06:00:00,313.7343
2019-03-12 09:00:00,313.56464
2019-03-12 12:00:00,313.4875
2019-03-12 15:00:00,315.1416
2019-03-12 18:00:00,317.43195
2019-03-12 21:00:00,320.4353
2019-03-13 00:00:00,320.0796
2019-03-13 03:00:00,323.17328
2019-03-13 06:00:00,332.35352
2019-03-13 09:00:00,337.75293
2019-03-13 12:00:00,334.81458
2019-03-13 15:00:00,332.9593
2019-03-13 18:00:00,332.33832
2019-03-13 21:00:00,332.95383
2019-03-14 00:00:00,332.37177
2019-03-14 03:00:00,332.39392
2019-03-14 06:00:00,332.42337
2019-03-14 09:00:00,332.0863
2019-03-14 12:00:00,331.05536
2019-03-14 15:00:00,330.0176
2019-03-14 18:00:00,329.49225
2019-03-14 21:00:00,329.68033
2019-03-15 00:00:00,329.60962
2019-03-15 03:00:00,329.3985
2019-03-15 06:00:00,328.87494
2019-03-15 09:00:00,328.3028
2019-03-15 12:00:00,327.61337
2019-03-15 15:00:00,326.93243
2019-03-15 18:00:00,326.30743
2019-03-15 21:00:00,325.84088
2019-03-16 00:00:00,324.93872
2019-03-16 03:00:00,324.23468
2019-03-16 06:00:00,323.8285
2019-03-16 09:00:00,323.4729
2019-03-16 12:00:00,322.9652
2019-03-16 15:00:00,322.41656
2019-03-16 18:00:00,322.28052
2019-03-16 21:00:00,323.0384
2019-03-17 00:00:00,326.8405
2019-03-17 03:00:00,331.45557
2019-03-17 06:00:00,334.04596
2019-03-17 09:00:00,333.5963
2019-03-17 12:00:00,329.6328
2019-03-17 15:00:00,326.1377
2019-03-17 18:00:00,327.1516
2019-03-17 21:00:00,327.52222
2019-03-18 00:00:00,328.9961
2019-03-18 03:00:00,328.89496
2019-03-18 06:00:00,327.52667
2019-03-18 09:00:00,327.16412
2019-03-18 12:00:00,325.48438
2019-03-18 15:00:00,325.32254
2019-03-18 18:00:00,325.20166
2019-03-18 21:00:00,328.26947
2019-03-19 00:00:00,329.31454
2019-03-19 03:00:00,329.61835
2019-03-19 06:00:00,329.37524
2019-03-19 09:00:00,329.33887
2019-03-19 12:00:00,329.18323
2019-03-19 15:00:00,329.25183
2019-03-19 18:00:00,330.4088
2019-03-19 21:00:00,331.29004
2019-03-20 00:00:00,331.00165
2019-03-20 03:00:00,331.82898
2019-03-20 06:00:00,334.05127
2019-03-20 09:00:00,338.14124
2019-03-20 12:00:00,336.68152
2019-03-20 15:00:00,334.5347
2019-03-20 18:00:00,333.17386
2019-03-20 21:00:00,335.28925
2019-03-21 00:00:00,335.68774
2019-03-21 03:00:00,335.1139
2019-03-21 06:00:00,335.98865
2019-03-21 09:00:00,336.15137
2019-03-21 12:00:00,333.19617
2019-03-21 15:00:00,328.5891
2019-03-21 18:00:00,326.05115
2019-03-21 21:00:00,326.19696
2019-03-22 00:00:00,326.19138
2019-03-22 03:00:00,325.34607
2019-03-22 06:00:00,324.37775
2019-03-22 09:00:00,323.45483
2019-03-22 12:00:00,322.8142
2019-03-22 15:00:00,322.8275
2019-03-22 18:00:00,323.57983
2019-03-22 21:00:00,324.24408
2019-03-23 00:00:00,323.34488
2019-03-23 03:00:00,322.93396
2019-03-23 06:00:00,323.71542
2019-03-23 09:00:00,328.80542
2019-03-23 12:00:00,331.35547
2019-03-23 15:00:00,328.9237
2019-03-23 18:00:00,326.5962
2019-03-23 21:00:00,324.7235
2019-03-24 00:00:00,323.6139
2019-03-24 03:00:00,323.46887
2019-03-24 06:00:00,325.1427
2019-03-24 09:00:00,328.63916
2019-03-24 12:00:00,325.87585
2019-03-24 15:00:00,323.81317
2019-03-24 18:00:00,323.14587
2019-03-24 21:00:00,323.35358
2019-03-25 00:00:00,322.9156
2019-03-25 03:00:00,323.0019
2019-03-25 06:00:00,323.31317
2019-03-25 09:00:00,324.2135
2019-03-25 12:00:00,324.06207
2019-03-25 15:00:00,324.11075
2019-03-25 18:00:00,324.49524
2019-03-25 21:00:00,325.16632
2019-03-26 00:00:00,326.58856
2019-03-26 03:00:00,328.31506
2019-03-26 06:00:00,330.1881
2019-03-26 09:00:00,333.44556
2019-03-26 12:00:00,333.47687
2019-03-26 15:00:00,332.85352
2019-03-26 18:00:00,332.53387
2019-03-26 21:00:00,332.72705
2019-03-27 00:00:00,349.81152
2019-03-27 03:00:00,101.68431
2019-03-27 06:00:00,112.92177
2019-03-27 09:00:00,114.20369
2019-03-27 12:00:00,116.25238
2019-03-27 15:00:00,123.36061
2019-03-27 18:00:00,130.69771
2019-03-27 21:00:00,147.40738
2019-03-28 00:00:00,200.81798
2019-03-28 03:00:00,264.21924
2019-03-28 06:00:00,280.0556
2019-03-28 09:00:00,285.48062
2019-03-28 12:00:00,286.87018
2019-03-28 15:00:00,287.0267
2019-03-28 18:00:00,287.8867
2019-03-28 21:00:00,288.37604
2019-03-29 00:00:00,288.11737
2019-03-29 03:00:00,288.99365
2019-03-29 06:00:00,290.9803
2019-03-29 09:00:00,292.5476
2019-03-29 12:00:00,291.24478
2019-03-29 15:00:00,290.19644
2019-03-29 18:00:00,291.50644
2019-03-29 21:00:00,294.73706
2019-03-30 00:00:00,298.41412
2019-03-30 03:00:00,300.75012
2019-03-30 06:00:00,303.24713
2019-03-30 09:00:00,304.86792
2019-03-30 12:00:00,305.8011
2019-03-30 15:00:00,307.0056
2019-03-30 18:00:00,306.80225
2019-03-30 21:00:00,307.94986
2019-03-31 00:00:00,310.1996
2019-03-31 03:00:00,312.34546
2019-03-31 06:00:00,314.57135
2019-03-31 09:00:00,316.6563
2019-03-31 12:00:00,318.33545
2019-03-31 15:00:00,319.25153
2019-03-31 18:00:00,319.80084
2019-03-31 21:00:00,319.89972
2019-04-01 00:00:00,319.7693
2019-04-01 03:00:00,319.56256
2019-04-01 06:00:00,319.37375
2019-04-01 09:00:00,319.20544
2019-04-01 12:00:00,318.925
2019-04-01 15:00:00,317.78238
2019-04-01 18:00:00,316.75226
2019-04-01 21:00:00,316.7657
2019-04-02 00:00:00,316.76587
2019-04-02 03:00:00,316.5489
2019-04-02 06:00:00,316.36578
2019-04-02 09:00:00,316.1985
2019-04-02 12:00:00,316.02618
2019-04-02 15:00:00,316.12036
2019-04-02 18:00:00,317.3756
2019-04-02 21:00:00,323.41763
2019-04-03 00:00:00,329.86133
2019-04-03 03:00:00,334.07175
2019-04-03 06:00:00,340.66852
2019-04-03 09:00:00,343.29688
2019-04-03 12:00:00,337.32617
2019-04-03 15:00:00,335.23798
2019-04-03 18:00:00,335.55005
2019-04-03 21:00:00,339.01093
2019-04-04 00:00:00,340.40924
2019-04-04 03:00:00,340.12097
2019-04-04 06:00:00,339.6517
2019-04-04 09:00:00,338.69885
2019-04-04 12:00:00,334.48602
2019-04-04 15:00:00,331.23987
2019-04-04 18:00:00,325.4729
2019-04-04 21:00:00,318.40674
2019-04-05 00:00:00,301.79028
2019-04-05 03:00:00,303.32263
2019-04-05 06:00:00,303.68817
2019-04-05 09:00:00,305.49207
2019-04-05 12:00:00,305.2273
2019-04-05 15:00:00,303.34332
2019-04-05 18:00:00,305.3708
2019-04-05 21:00:00,306.71185
2019-04-06 00:00:00,307.39948
2019-04-06 03:00:00,308.48065
2019-04-06 06:00:00,308.82928
2019-04-06 09:00:00,308.00507
2019-04-06 12:00:00,309.26538
2019-04-06 15:00:00,310.51685
2019-04-06 18:00:00,311.1991
2019-04-06 21:00:00,311.88458
2019-04-07 00:00:00,312.12915
2019-04-07 03:00:00,311.71313
2019-04-07 06:00:00,311.43518
2019-04-07 09:00:00,309.70776
2019-04-07 12:00:00,302.95166
2019-04-07 15:00:00,301.66437
2019-04-07 18:00:00,300.72656
2019-04-07 21:00:00,298.83228
2019-04-08 00:00:00,293.76123
2019-04-08 03:00:00,290.66577
2019-04-08 06:00:00,292.80505
2019-04-08 09:00:00,292.5569
2019-04-08 12:00:00,291.8446
2019-04-08 15:00:00,291.08618
2019-04-08 18:00:00,291.9807
2019-04-08 21:00:00,293.69763
2019-04-09 00:00:00,294.34625
2019-04-09 03:00:00,297.51093
2019-04-09 06:00:00,300.1983
2019-04-09 09:00:00,301.6413
2019-04-09 12:00:00,302.302
2019-04-09 15:00:00,302.61334
2019-04-09 18:00:00,303.1419
2019-04-09 21:00:00,304.1457
2019-04-10 00:00:00,304.72675
2019-04-10 03:00:00,304.81775
2019-04-10 06:00:00,306.40503
2019-04-10 09:00:00,308.95367
2019-04-10 12:00:00,308.39923
2019-04-10 15:00:00,309.26788
2019-04-10 18:00:00,311.45227
2019-04-10 21:00:00,314.8645
2019-04-11 00:00:00,315.531
2019-04-11 03:00:00,314.19116
2019-04-11 06:00:00,312.463
2019-04-11 09:00:00,311.11108
2019-04-11 12:00:00,307.97058
2019-04-11 15:00:00,306.77734
2019-04-11 18:00:00,308.34088
2019-04-11 21:00:00,310.9317
2019-04-12 00:00:00,310.18958
2019-04-12 03:00:00,309.18262
2019-04-12 06:00:00,307.75928
2019-04-12 09:00:00,306.0315
2019-04-12 12:00:00,304.33636
2019-04-12 15:00:00,303.74976
2019-04-12 18:00:00,303.96375
2019-04-12 21:00:00,304.12952
2019-04-13 00:00:00,302.9477
2019-04-13 03:00:00,301.9182
2019-04-13 06:00:00,300.86835
2019-04-13 09:00:00,299.87512
2019-04-13 12:00:00,298.7647
2019-04-13 15:00:00,297.50134
2019-04-13 18:00:00,296.34393
2019-04-13 21:00:00,295.6469
2019-04-14 00:00:00,294.8673
2019-04-14 03:00:00,294.0669
2019-04-14 06:00:00,293.29163
2019-04-14 09:00:00,292.59454
2019-04-14 12:00:00,291.98523
2019-04-14 15:00:00,291.53003
2019-04-14 18:00:00,291.35864
2019-04-14 21:00:00,291.26166
2019-04-15 00:00:00,291.09656
2019-04-15 03:00:00,290.7378
2019-04-15 06:00:00,289.53107
2019-04-15 09:00:00,287.36737
2019-04-15 12:00:00,286.08258
2019-04-15 15:00:00,286.21252
2019-04-15 18:00:00,287.63214
2019-04-15 21:00:00,288.56305
2019-04-16 00:00:00,289.35944
2019-04-16 03:00:00,290.60205
2019-04-16 06:00:00,292.01752
2019-04-16 09:00:00,293.44556
2019-04-16 12:00:00,294.485
2019-04-16 15:00:00,294.48492
2019-04-16 18:00:00,293.18848
2019-04-16 21:00:00,291.76636
2019-04-17 00:00:00,289.2505
2019-04-17 03:00:00,281.4702
2019-04-17 06:00:00,271.19092
2019-04-17 09:00:00,270.16785
2019-04-17 12:00:00,273.91675
2019-04-17 15:00:00,272.61194
2019-04-17 18:00:00,271.9071
2019-04-17 21:00:00,274.79468
2019-04-18 00:00:00,277.33643
2019-04-18 03:00:00,279.35376
2019-04-18 06:00:00,281.38647
2019-04-18 09:00:00,283.38422
2019-04-18 12:00:00,285.57172
2019-04-18 15:00:00,287.70386
2019-04-18 18:00:00,289.9721
2019-04-18 21:00:00,292.72717
2019-04-19 00:00:00,294.12024
2019-04-19 03:00:00,295.20538
2019-04-19 06:00:00,296.4466
2019-04-19 09:00:00,297.64545
2019-04-19 12:00:00,299.32843
2019-04-19 15:00:00,300.63928
2019-04-19 18:00:00,303.02106
2019-04-19 21:00:00,305.27405
2019-04-20 00:00:00,307.37756
2019-04-20 03:00:00,310.67657
2019-04-20 06:00:00,316.0852
2019-04-20 09:00:00,321.90894
2019-04-20 12:00:00,324.36948
2019-04-20 15:00:00,320.6753
2019-04-20 18:00:00,315.76453
2019-04-20 21:00:00,311.40393
2019-04-21 00:00:00,307.9602
2019-04-21 03:00:00,305.67297
2019-04-21 06:00:00,304.96222
2019-04-21 09:00:00,306.1728
2019-04-21 12:00:00,307.08902
2019-04-21 15:00:00,308.96954
2019-04-21 18:00:00,311.37622
2019-04-21 21:00:00,314.2168
2019-04-22 00:00:00,312.03857
2019-04-22 03:00:00,309.46167
2019-04-22 06:00:00,307.83478
2019-04-22 09:00:00,307.21228
2019-04-22 12:00:00,306.91992
2019-04-22 15:00:00,305.31384
2019-04-22 18:00:00,301.8191
2019-04-22 21:00:00,296.32855
2019-04-23 00:00:00,304.6333
2019-04-23 03:00:00,302.8219
2019-04-23 06:00:00,301.21118
2019-04-23 09:00:00,301.8296
2019-04-23 12:00:00,301.8938
2019-04-23 15:00:00,301.67615
2019-04-23 18:00:00,300.95532
2019-04-23 21:00:00,301.18213
2019-04-24 00:00:00,297.57397
2019-04-24 03:00:00,288.88257
2019-04-24 06:00:00,284.91602
2019-04-24 09:00:00,284.72156
2019-04-24 12:00:00,281.9547
2019-04-24 15:00:00,281.78796
2019-04-24 18:00:00,280.0952
2019-04-24 21:00:00,284.81635
2019-04-25 00:00:00,289.25354
2019-04-25 03:00:00,292.17578
2019-04-25 06:00:00,294.38013
2019-04-25 09:00:00,297.43298
2019-04-25 12:00:00,300.62537
2019-04-25 15:00:00,303.60095
2019-04-25 18:00:00,306.22107
2019-04-25 21:00:00,308.41107
2019-04-26 00:00:00,309.87756
2019-04-26 03:00:00,311.0865
2019-04-26 06:00:00,311.92975
2019-04-26 09:00:00,312.42535
2019-04-26 12:00:00,312.61255
2019-04-26 15:00:00,313.75647
2019-04-26 18:00:00,315.9367
2019-04-26 21:00:00,318.39258
2019-04-27 00:00:00,320.93793
2019-04-27 03:00:00,322.97037
2019-04-27 06:00:00,323.4583
2019-04-27 09:00:00,324.6291
2019-04-27 12:00:00,324.31305
2019-04-27 15:00:00,324.0799
2019-04-27 18:00:00,324.9328
2019-04-27 21:00:00,326.64185
2019-04-28 00:00:00,327.73663
2019-04-28 03:00:00,326.84393
2019-04-28 06:00:00,325.86597
2019-04-28 09:00:00,325.06326
2019-04-28 12:00:00,324.3139
2019-04-28 15:00:00,323.6255
2019-04-28 18:00:00,323.2049
2019-04-28 21:00:00,323.85327
2019-04-29 00:00:00,324.14847
2019-04-29 03:00:00,323.64743
2019-04-29 06:00:00,323.18073
2019-04-29 09:00:00,322.78516
2019-04-29 12:00:00,322.47095
2019-04-29 15:00:00,322.46313
2019-04-29 18:00:00,323.77554
2019-04-29 21:00:00,326.85242
2019-04-30 00:00:00,329.45905
2019-04-30 03:00:00,329.6584
2019-04-30 06:00:00,330.87167
2019-04-30 09:00:00,330.3064
2019-04-30 12:00:00,327.3064
2019-04-30 15:00:00,326.59186
2019-04-30 18:00:00,326.00995
2019-04-30 21:00:00,326.97797
2019-05-01 00:00:00,328.81708
2019-05-01 03:00:00,331.55505
2019-05-01 06:00:00,333.39716
2019-05-01 09:00:00,332.46655
2019-05-01 12:00:00,327.9911
2019-05-01 15:00:00,325.80774
2019-05-01 18:00:00,326.58707
2019-05-01 21:00:00,329.16772
2019-05-02 00:00:00,329.05792
2019-05-02 03:00:00,328.38556
2019-05-02 06:00:00,327.3395
2019-05-02 09:00:00,326.72293
2019-05-02 12:00:00,326.58685
2019-05-02 15:00:00,326.8936
2019-05-02 18:00:00,327.55542
2019-05-02 21:00:00,328.4014
2019-05-03 00:00:00,328.9848
2019-05-03 03:00:00,329.2436
2019-05-03 06:00:00,329.37195
2019-05-03 09:00:00,329.6222
2019-05-03 12:00:00,329.60992
2019-05-03 15:00:00,329.69702
2019-05-03 18:00:00,329.55084
2019-05-03 21:00:00,329.21857
2019-05-04 00:00:00,329.09656
2019-05-04 03:00:00,328.71887
2019-05-04 06:00:00,328.0874
2019-05-04 09:00:00,326.9779
2019-05-04 12:00:00,325.45044
2019-05-04 15:00:00,322.83167
2019-05-04 18:00:00,320.03076
2019-05-04 21:00:00,317.86023
2019-05-05 00:00:00,315.62732
2019-05-05 03:00:00,313.09045
2019-05-05 06:00:00,310.51062
2019-05-05 09:00:00,307.89575
2019-05-05 12:00:00,305.69995
2019-05-05 15:00:00,303.46143
2019-05-05 18:00:00,302.094
2019-05-05 21:00:00,303.0697
2019-05-06 00:00:00,303.3485
2019-05-06 03:00:00,303.8286
2019-05-06 06:00:00,302.54736
2019-05-06 09:00:00,300.87976
2019-05-06 12:00:00,299.4784
2019-05-06 15:00:00,298.109
2019-05-06 18:00:00,296.6482
2019-05-06 21:00:00,295.29846
2019-05-07 00:00:00,293.35486
2019-05-07 03:00:00,291.50195
2019-05-07 06:00:00,290.14154
2019-05-07 09:00:00,289.29456
2019-05-07 12:00:00,288.53662
2019-05-07 15:00:00,287.9298
2019-05-07 18:00:00,287.2433
2019-05-07 21:00:00,286.4286
2019-05-08 00:00:00,284.71387
2019-05-08 03:00:00,282.3507
2019-05-08 06:00:00,281.91663
2019-05-08 09:00:00,282.53552
2019-05-08 12:00:00,282.19604
2019-05-08 15:00:00,284.69568
2019-05-08 18:00:00,287.22186
2019-05-08 21:00:00,290.266
2019-05-09 00:00:00,294.8666
2019-05-09 03:00:00,300.391
2019-05-09 06:00:00,304.87372
2019-05-09 09:00:00,306.74768
2019-05-09 12:00:00,306.60864
2019-05-09 15:00:00,305.82935
2019-05-09 18:00:00,304.62573
2019-05-09 21:00:00,303.13525
2019-05-10 00:00:00,301.37634
2019-05-10 03:00:00,299.48328
2019-05-10 06:00:00,297.6676
2019-05-10 09:00:00,295.9558
2019-05-10 12:00:00,294.46887
2019-05-10 15:00:00,293.61804
2019-05-10 18:00:00,293.7047
2019-05-10 21:00:00,294.85437
2019-05-11 00:00:00,299.25513
2019-05-11 03:00:00,302.81323
2019-05-11 06:00:00,305.90625
2019-05-11 09:00:00,309.87732
2019-05-11 12:00:00,307.7981
2019-05-11 15:00:00,309.18018
2019-05-11 18:00:00,310.67224
2019-05-11 21:00:00,312.51697
2019-05-12 00:00:00,312.9817
2019-05-12 03:00:00,312.8578
2019-05-12 06:00:00,311.2779
2019-05-12 09:00:00,308.59595
2019-05-12 12:00:00,305.31097
2019-05-12 15:00:00,297.4571
2019-05-12 18:00:00,286.75964
2019-05-12 21:00:00,283.55872
2019-05-13 00:00:00,286.72733
2019-05-13 03:00:00,289.65308
2019-05-13 06:00:00,290.63232
2019-05-13 09:00:00,288.6892
2019-05-13 12:00:00,284.4209
2019-05-13 15:00:00,279.94647
2019-05-13 18:00:00,277.55518
2019-05-13 21:00:00,277.121
2019-05-14 00:00:00,278.0097
2019-05-14 03:00:00,277.65634
2019-05-14 06:00:00,276.62747
2019-05-14 09:00:00,272.6728
2019-05-14 12:00:00,270.24573
2019-05-14 15:00:00,269.64648
2019-05-14 18:00:00,272.28198
2019-05-14 21:00:00,276.6119
2019-05-15 00:00:00,280.71503
2019-05-15 03:00:00,283.44275
2019-05-15 06:00:00,285.58282
2019-05-15 09:00:00,287.07642
2019-05-15 12:00:00,288.04828
2019-05-15 15:00:00,290.03726
2019-05-15 18:00:00,292.79694
2019-05-15 21:00:00,298.05313
2019-05-16 00:00:00,301.80652
2019-05-16 03:00:00,304.1416
2019-05-16 06:00:00,308.33124
2019-05-16 09:00:00,313.77228
2019-05-16 12:00:00,313.3302
2019-05-16 15:00:00,313.93262
2019-05-16 18:00:00,318.6053
2019-05-16 21:00:00,323.34412
2019-05-17 00:00:00,326.96082
2019-05-17 03:00:00,327.70398
2019-05-17 06:00:00,327.68933
2019-05-17 09:00:00,329.0415
2019-05-17 12:00:00,325.34558
2019-05-17 15:00:00,321.9745
2019-05-17 18:00:00,322.1181
2019-05-17 21:00:00,325.80908
2019-05-18 00:00:00,326.4392
2019-05-18 03:00:00,326.94995
2019-05-18 06:00:00,327.46912
2019-05-18 09:00:00,326.57983
2019-05-18 12:00:00,321.13867
2019-05-18 15:00:00,316.76282
2019-05-18 18:00:00,316.59155
2019-05-18 21:00:00,315.98474
2019-05-19 00:00:00,314.46375
2019-05-19 03:00:00,313.14856
2019-05-19 06:00:00,312.06952
2019-05-19 09:00:00,310.86035
2019-05-19 12:00:00,309.3363
2019-05-19 15:00:00,307.6452
2019-05-19 18:00:00,306.8841
2019-05-19 21:00:00,306.5877
2019-05-20 00:00:00,307.14493
2019-05-20 03:00:00,310.83685
2019-05-20 06:00:00,314.28284
2019-05-20 09:00:00,314.92822
2019-05-20 12:00:00,311.3357
2019-05-20 15:00:00,309.41846
2019-05-20 18:00:00,308.9795
2019-05-20 21:00:00,311.33557
2019-05-21 00:00:00,311.80347
2019-05-21 03:00:00,309.39233
2019-05-21 06:00:00,305.09546
2019-05-21 09:00:00,302.00403
2019-05-21 12:00:00,299.96826
2019-05-21 15:00:00,299.08252
2019-05-21 18:00:00,300.04712
2019-05-21 21:00:00,301.6598
2019-05-22 00:00:00,302.8401
2019-05-22 03:00:00,302.5454
2019-05-22 06:00:00,301.87524
2019-05-22 09:00:00,301.86865
2019-05-22 12:00:00,302.4707
2019-05-22 15:00:00,305.17578
2019-05-22 18:00:00,307.33105
2019-05-22 21:00:00,310.38544
2019-05-23 00:00:00,312.4729
2019-05-23 03:00:00,317.3695
2019-05-23 06:00:00,318.65222
2019-05-23 09:00:00,318.95374
2019-05-23 12:00:00,313.4485
2019-05-23 15:00:00,312.06323
2019-05-23 18:00:00,312.76306
2019-05-23 21:00:00,316.838
2019-05-24 00:00:00,317.2622
2019-05-24 03:00:00,318.2672
2019-05-24 06:00:00,318.13318
2019-05-24 09:00:00,317.60193
2019-05-24 12:00:00,313.95398
2019-05-24 15:00:00,315.76648
2019-05-24 18:00:00,318.1527
2019-05-24 21:00:00,320.53888
2019-05-25 00:00:00,321.1095
2019-05-25 03:00:00,320.03674
2019-05-25 06:00:00,320.52136
2019-05-25 09:00:00,321.4478
2019-05-25 12:00:00,320.97095
2019-05-25 15:00:00,321.883
2019-05-25 18:00:00,324.67322
2019-05-25 21:00:00,329.2429
2019-05-26 00:00:00,328.99316
2019-05-26 03:00:00,325.92987
2019-05-26 06:00:00,322.6651
2019-05-26 09:00:00,320.11243
2019-05-26 12:00:00,318.17224
2019-05-26 15:00:00,318.93335
2019-05-26 18:00:00,324.513
2019-05-26 21:00:00,329.70465
2019-05-27 00:00:00,330.12073
2019-05-27 03:00:00,329.1662
2019-05-27 06:00:00,329.48584
2019-05-27 09:00:00,328.6115
2019-05-27 12:00:00,326.3003
2019-05-27 15:00:00,327.29932
2019-05-27 18:00:00,328.83453
2019-05-27 21:00:00,329.79846
2019-05-28 00:00:00,330.4594
2019-05-28 03:00:00,330.5694
2019-05-28 06:00:00,329.3678
2019-05-28 09:00:00,328.50995
2019-05-28 12:00:00,326.72833
2019-05-28 15:00:00,326.04742
2019-05-28 18:00:00,327.4006
2019-05-28 21:00:00,330.11377
2019-05-29 00:00:00,330.5506
2019-05-29 03:00:00,328.5576
2019-05-29 06:00:00,326.61798
2019-05-29 09:00:00,325.68796
2019-05-29 12:00:00,323.903
2019-05-29 15:00:00,321.7925
2019-05-29 18:00:00,320.72333
2019-05-29 21:00:00,321.88684
2019-05-30 00:00:00,322.8081
2019-05-30 03:00:00,322.7702
2019-05-30 06:00:00,322.9884
2019-05-30 09:00:00,323.71118
2019-05-30 12:00:00,324.28638
2019-05-30 15:00:00,319.57214
2019-05-30 18:00:00,317.43665
2019-05-30 21:00:00,318.36462
2019-05-31 00:00:00,317.47168
2019-05-31 03:00:00,314.02075
2019-05-31 06:00:00,305.78955
2019-05-31 09:00:00,297.0786
2019-05-31 12:00:00,296.19617
2019-05-31 15:00:00,298.461
2019-05-31 18:00:00,304.1449
2019-05-31 21:00:00,313.3088
2019-06-01 00:00:00,313.4319
2019-06-01 03:00:00,309.64905
2019-06-01 06:00:00,305.6892
2019-06-01 09:00:00,303.35974
2019-06-01 12:00:00,303.34503
2019-06-01 15:00:00,303.54047
2019-06-01 18:00:00,304.1492
2019-06-01 21:00:00,304.58972
2019-06-02 00:00:00,304.7856
2019-06-02 03:00:00,304.76947
2019-06-02 06:00:00,304.71066
2019-06-02 09:00:00,304.58118
2019-06-02 12:00:00,304.2666
2019-06-02 15:00:00,303.6466
2019-06-02 18:00:00,304.82397
2019-06-02 21:00:00,313.11884
2019-06-03 00:00:00,315.31598
2019-06-03 03:00:00,314.04236
2019-06-03 06:00:00,312.78137
2019-06-03 09:00:00,312.01587
2019-06-03 12:00:00,310.32837
2019-06-03 15:00:00,309.745
2019-06-03 18:00:00,308.1726
2019-06-03 21:00:00,307.91785
2019-06-04 00:00:00,306.2826
2019-06-04 03:00:00,304.79053
2019-06-04 06:00:00,304.4613
2019-06-04 09:00:00,304.19592
2019-06-04 12:00:00,303.96265
2019-06-04 15:00:00,303.20544
2019-06-04 18:00:00,312.52576
2019-06-04 21:00:00,317.2594
2019-06-05 00:00:00,317.4214
2019-06-05 03:00:00,317.20538
2019-06-05 06:00:00,317.03345
2019-06-05 09:00:00,316.8136
2019-06-05 12:00:00,315.6692
2019-06-05 15:00:00,316.3927
2019-06-05 18:00:00,316.58484
2019-06-05 21:00:00,317.18884
2019-06-06 00:00:00,316.77454
2019-06-06 03:00:00,316.28223
2019-06-06 06:00:00,315.86157
2019-06-06 09:00:00,315.8446
2019-06-06 12:00:00,314.5708
2019-06-06 15:00:00,308.7046
2019-06-06 18:00:00,296.46118
2019-06-06 21:00:00,290.61035
2019-06-07 00:00:00,300.51025
2019-06-07 03:00:00,306.21167
2019-06-07 06:00:00,310.04004
2019-06-07 09:00:00,312.04993
2019-06-07 12:00:00,312.188
2019-06-07 15:00:00,313.23633
2019-06-07 18:00:00,316.25305
2019-06-07 21:00:00,321.87622
2019-06-08 00:00:00,324.91516
2019-06-08 03:00:00,327.70514
2019-06-08 06:00:00,328.7198
2019-06-08 09:00:00,327.5739
2019-06-08 12:00:00,324.32837
2019-06-08 15:00:00,323.95398
2019-06-08 18:00:00,324.833
2019-06-08 21:00:00,327.97803
2019-06-09 00:00:00,331.1338
2019-06-09 03:00:00,332.1388
2019-06-09 06:00:00,331.88367
2019-06-09 09:00:00,328.60535
2019-06-09 12:00:00,323.1704
2019-06-09 15:00:00,317.01196
2019-06-09 18:00:00,313.79834
2019-06-09 21:00:00,313.43323
2019-06-10 00:00:00,313.04407
2019-06-10 03:00:00,314.8158
2019-06-10 06:00:00,316.74377
2019-06-10 09:00:00,319.65637
2019-06-10 12:00:00,317.25903
2019-06-10 15:00:00,316.8084
2019-06-10 18:00:00,321.41504
2019-06-10 21:00:00,327.18005
2019-06-11 00:00:00,329.9254
2019-06-11 03:00:00,333.05188
2019-06-11 06:00:00,333.15784
2019-06-11 09:00:00,331.6532
2019-06-11 12:00:00,327.34497
2019-06-11 15:00:00,324.88538
2019-06-11 18:00:00,326.29327
2019-06-11 21:00:00,331.47946
2019-06-12 00:00:00,332.8496
2019-06-12 03:00:00,333.7891
2019-06-12 06:00:00,335.40982
2019-06-12 09:00:00,336.95984
2019-06-12 12:00:00,334.36896
2019-06-12 15:00:00,332.4076
2019-06-12 18:00:00,332.78284
2019-06-12 21:00:00,334.74512
2019-06-13 00:00:00,337.56458
2019-06-13 03:00:00,339.77307
2019-06-13 06:00:00,339.71155
2019-06-13 09:00:00,335.6333
2019-06-13 12:00:00,326.88403
2019-06-13 15:00:00,321.66003
2019-06-13 18:00:00,322.00916
2019-06-13 21:00:00,323.5901
2019-06-14 00:00:00,321.8396
2019-06-14 03:00:00,318.66455
2019-06-14 06:00:00,315.69775
2019-06-14 09:00:00,313.59106
2019-06-14 12:00:00,312.61743
2019-06-14 15:00:00,311.80322
2019-06-14 18:00:00,312.80847
2019-06-14 21:00:00,314.46777
2019-06-15 00:00:00,316.00842
2019-06-15 03:00:00,317.49133
2019-06-15 06:00:00,318.51318
2019-06-15 09:00:00,319.40295
2019-06-15 12:00:00,319.26782
2019-06-15 15:00:00,318.18835
2019-06-15 18:00:00,318.78052
2019-06-15 21:00:00,322.53503
2019-06-16 00:00:00,324.9939
2019-06-16 03:00:00,325.66302
2019-06-16 06:00:00,326.14368
2019-06-16 09:00:00,325.58984
2019-06-16 12:00:00,322.66492
2019-06-16 15:00:00,321.1046
2019-06-16 18:00:00,321.0431
2019-06-16 21:00:00,323.41846
2019-06-17 00:00:00,324.32056
2019-06-17 03:00:00,324.12524
2019-06-17 06:00:00,323.43164
2019-06-17 09:00:00,322.66016
2019-06-17 12:00:00,319.8131
2019-06-17 15:00:00,315.11597
2019-06-17 18:00:00,312.67236
2019-06-17 21:00:00,304.2583
2019-06-18 00:00:00,285.43872
2019-06-18 03:00:00,263.50012
2019-06-18 06:00:00,251.37593
2019-06-18 09:00:00,249.07635
2019-06-18 12:00:00,250.31404
2019-06-18 15:00:00,256.00854
2019-06-18 18:00:00,259.72968
2019-06-18 21:00:00,261.82166
2019-06-19 00:00:00,262.9768
2019-06-19 03:00:00,263.81494
2019-06-19 06:00:00,264.5349
2019-06-19 09:00:00,265.1798
2019-06-19 12:00:00,265.70648
2019-06-19 15:00:00,266.44287
2019-06-19 18:00:00,267.23206
2019-06-19 21:00:00,267.99603
2019-06-20 00:00:00,269.18268
2019-06-20 03:00:00,271.52936
2019-06-20 06:00:00,273.79187
2019-06-20 09:00:00,275.6609
2019-06-20 12:00:00,277.776
2019-06-20 15:00:00,285.48822
2019-06-20 18:00:00,299.8177
2019-06-20 21:00:00,312.6101
2019-06-21 00:00:00,321.19727
2019-06-21 03:00:00,325.13208
2019-06-21 06:00:00,326.70715
2019-06-21 09:00:00,328.11084
2019-06-21 12:00:00,323.77344
2019-06-21 15:00:00,322.87085
2019-06-21 18:00:00,325.1255
2019-06-21 21:00:00,326.62036
2019-06-22 00:00:00,328.1438
2019-06-22 03:00:00,329.0968
2019-06-22 06:00:00,328.06567
2019-06-22 09:00:00,326.38403
2019-06-22 12:00:00,323.3683
2019-06-22 15:00:00,319.30762
2019-06-22 18:00:00,317.01904
2019-06-22 21:00:00,312.83887
2019-06-23 00:00:00,302.6731
2019-06-23 03:00:00,292.33252
2019-06-23 06:00:00,286.1499
2019-06-23 09:00:00,283.08276
2019-06-23 12:00:00,281.15808
2019-06-23 15:00:00,280.23364
2019-06-23 18:00:00,280.7198
2019-06-23 21:00:00,282.18573
2019-06-24 00:00:00,283.59644
2019-06-24 03:00:00,285.03113
2019-06-24 06:00:00,286.16034
2019-06-24 09:00:00,287.17346
2019-06-24 12:00:00,287.9944
2019-06-24 15:00:00,288.60712
2019-06-24 18:00:00,289.56378
2019-06-24 21:00:00,290.1988
2019-06-25 00:00:00,290.1994
2019-06-25 03:00:00,290.23627
2019-06-25 06:00:00,290.35144
2019-06-25 09:00:00,290.38354
2019-06-25 12:00:00,290.37073
2019-06-25 15:00:00,290.35272
2019-06-25 18:00:00,290.95386
2019-06-25 21:00:00,292.15323
2019-06-26 00:00:00,293.3122
2019-06-26 03:00:00,294.00208
2019-06-26 06:00:00,294.17883
2019-06-26 09:00:00,294.53186
2019-06-26 12:00:00,295.1571
2019-06-26 15:00:00,295.54047
2019-06-26 18:00:00,295.14117
2019-06-26 21:00:00,294.6695
2019-06-27 00:00:00,294.34375
2019-06-27 03:00:00,293.93884
2019-06-27 06:00:00,293.43872
2019-06-27 09:00:00,292.74756
2019-06-27 12:00:00,291.58923
2019-06-27 15:00:00,290.8932
2019-06-27 18:00:00,291.5481
2019-06-27 21:00:00,294.4508
2019-06-28 00:00:00,296.34338
2019-06-28 03:00:00,305.20715
2019-06-28 06:00:00,310.17407
2019-06-28 09:00:00,314.00916
2019-06-28 12:00:00,313.63843
2019-06-28 15:00:00,315.46045
2019-06-28 18:00:00,318.71332
2019-06-28 21:00:00,322.11316
2019-06-29 00:00:00,322.39575
2019-06-29 03:00:00,323.24097
2019-06-29 06:00:00,323.5088
2019-06-29 09:00:00,324.8595
2019-06-29 12:00:00,321.72327
2019-06-29 15:00:00,322.69977
2019-06-29 18:00:00,324.12717
2019-06-29 21:00:00,325.2618
2019-06-30 00:00:00,325.46887
2019-06-30 03:00:00,325.55682
2019-06-30 06:00:00,324.47833
2019-06-30 09:00:00,324.47595
2019-06-30 12:00:00,323.74353
2019-06-30 15:00:00,321.46887
2019-06-30 18:00:00,323.2284
2019-06-30 21:00:00,327.93457
2019-07-01 00:00:00,329.23633
2019-07-01 03:00:00,331.48022
2019-07-01 06:00:00,333.0775
2019-07-01 09:00:00,333.20605
2019-07-01 12:00:00,327.2837
2019-07-01 15:00:00,323.69836
2019-07-01 18:00:00,324.39795
2019-07-01 21:00:00,326.49805
2019-07-02 00:00:00,326.6001
2019-07-02 03:00:00,327.68872
2019-07-02 06:00:00,326.65454
2019-07-02 09:00:00,324.5476
2019-07-02 12:00:00,322.8542
2019-07-02 15:00:00,322.0677
2019-07-02 18:00:00,323.32477
2019-07-02 21:00:00,324.83167
2019-07-03 00:00:00,326.24365
2019-07-03 03:00:00,326.2677
2019-07-03 06:00:00,325.10364
2019-07-03 09:00:00,324.46417
2019-07-03 12:00:00,323.83002
2019-07-03 15:00:00,322.75232
2019-07-03 18:00:00,321.73914
2019-07-03 21:00:00,321.0996
2019-07-04 00:00:00,320.66943
2019-07-04 03:00:00,319.8026
2019-07-04 06:00:00,318.6853
2019-07-04 09:00:00,317.6183
2019-07-04 12:00:00,316.13306
2019-07-04 15:00:00,315.42676
2019-07-04 18:00:00,315.16406
2019-07-04 21:00:00,314.58032
2019-07-05 00:00:00,313.19214
2019-07-05 03:00:00,311.08154
2019-07-05 06:00:00,308.43042
2019-07-05 09:00:00,305.3999
2019-07-05 12:00:00,301.5371
2019-07-05 15:00:00,297.36792
2019-07-05 18:00:00,294.7273
2019-07-05 21:00:00,293.03174
2019-07-06 00:00:00,291.65088
2019-07-06 03:00:00,290.5984
2019-07-06 06:00:00,289.97974
2019-07-06 09:00:00,289.85596
2019-07-06 12:00:00,289.91895
2019-07-06 15:00:00,289.53198
2019-07-06 18:00:00,290.82886
2019-07-06 21:00:00,291.82153
2019-07-07 00:00:00,291.79736
2019-07-07 03:00:00,292.10156
2019-07-07 06:00:00,293.0548
2019-07-07 09:00:00,292.5603
2019-07-07 12:00:00,292.46472
2019-07-07 15:00:00,293.09094
2019-07-07 18:00:00,293.3015
2019-07-07 21:00:00,293.40997
2019-07-08 00:00:00,293.50256
2019-07-08 03:00:00,293.73444
2019-07-08 06:00:00,294.19092
2019-07-08 09:00:00,294.79065
2019-07-08 12:00:00,295.31683
2019-07-08 15:00:00,296.43024
2019-07-08 18:00:00,301.64343
2019-07-08 21:00:00,308.82892
2019-07-09 00:00:00,312.48575
2019-07-09 03:00:00,314.7353
2019-07-09 06:00:00,317.5927
2019-07-09 09:00:00,318.65808
2019-07-09 12:00:00,319.34015
2019-07-09 15:00:00,319.5182
2019-07-09 18:00:00,320.60364
2019-07-09 21:00:00,321.06952
2019-07-10 00:00:00,323.9895
2019-07-10 03:00:00,325.54785
2019-07-10 06:00:00,324.57983
2019-07-10 09:00:00,324.11884
2019-07-10 12:00:00,323.95667
2019-07-10 15:00:00,323.005
2019-07-10 18:00:00,323.8165
2019-07-10 21:00:00,325.6319
2019-07-11 00:00:00,325.83447
2019-07-11 03:00:00,325.01843
2019-07-11 06:00:00,323.95435
2019-07-11 09:00:00,322.90027
2019-07-11 12:00:00,321.9533
2019-07-11 15:00:00,321.12378
2019-07-11 18:00:00,320.79797
2019-07-11 21:00:00,320.9381
2019-07-12 00:00:00,321.54724
2019-07-12 03:00:00,322.33124
2019-07-12 06:00:00,321.972
2019-07-12 09:00:00,319.93787
2019-07-12 12:00:00,314.71375
2019-07-12 15:00:00,312.47363
2019-07-12 18:00:00,311.10156
2019-07-12 21:00:00,308.6742
2019-07-13 00:00:00,306.0144
2019-07-13 03:00:00,303.1278
2019-07-13 06:00:00,300.49768
2019-07-13 09:00:00,298.38367
2019-07-13 12:00:00,296.05566
2019-07-13 15:00:00,296.11493
2019-07-13 18:00:00,296.97693
2019-07-13 21:00:00,297.60284
2019-07-14 00:00:00,298.38776
2019-07-14 03:00:00,299.70215
2019-07-14 06:00:00,302.54382
2019-07-14 09:00:00,302.97937
2019-07-14 12:00:00,302.4225
2019-07-14 15:00:00,302.32336
2019-07-14 18:00:00,303.02747
2019-07-14 21:00:00,303.5338
2019-07-15 00:00:00,303.8495
2019-07-15 03:00:00,305.82544
2019-07-15 06:00:00,309.41724
2019-07-15 09:00:00,312.93933
2019-07-15 12:00:00,314.5863
2019-07-15 15:00:00,315.39978
2019-07-15 18:00:00,317.7979
2019-07-15 21:00:00,322.12976
2019-07-16 00:00:00,322.97125
2019-07-16 03:00:00,324.5835
2019-07-16 06:00:00,324.4779
2019-07-16 09:00:00,322.95715
2019-07-16 12:00:00,320.75842
2019-07-16 15:00:00,319.8048
2019-07-16 18:00:00,320.85095
2019-07-16 21:00:00,323.25055
2019-07-17 00:00:00,324.30603
2019-07-17 03:00:00,324.40112
2019-07-17 06:00:00,324.46118
2019-07-17 09:00:00,323.63428
2019-07-17 12:00:00,322.3155
2019-07-17 15:00:00,322.22882
2019-07-17 18:00:00,323.0323
2019-07-17 21:00:00,325.46954
2019-07-18 00:00:00,325.8805
2019-07-18 03:00:00,326.68427
2019-07-18 06:00:00,326.49225
2019-07-18 09:00:00,324.42224
2019-07-18 12:00:00,322.64703
2019-07-18 15:00:00,321.97144
2019-07-18 18:00:00,323.06506
2019-07-18 21:00:00,326.7583
2019-07-19 00:00:00,328.19165
2019-07-19 03:00:00,328.25488
2019-07-19 06:00:00,326.88953
2019-07-19 09:00:00,324.95514
2019-07-19 12:00:00,323.5935
2019-07-19 15:00:00,324.2425
2019-07-19 18:00:00,323.5438
2019-07-19 21:00:00,326.26617
2019-07-20 00:00:00,329.1015
2019-07-20 03:00:00,330.40118
2019-07-20 06:00:00,330.62012
2019-07-20 09:00:00,330.04114
2019-07-20 12:00:00,327.78577
2019-07-20 15:00:00,325.9922
2019-07-20 18:00:00,326.854
2019-07-20 21:00:00,330.75836
2019-07-21 00:00:00,331.34454
2019-07-21 03:00:00,331.39404
2019-07-21 06:00:00,330.40784
2019-07-21 09:00:00,328.1527
2019-07-21 12:00:00,323.20435
2019-07-21 15:00:00,321.1372
2019-07-21 18:00:00,322.03955
2019-07-21 21:00:00,322.73203
2019-07-22 00:00:00,322.04993
2019-07-22 03:00:00,319.75922
2019-07-22 06:00:00,318.55444
2019-07-22 09:00:00,317.03186
2019-07-22 12:00:00,315.64514
2019-07-22 15:00:00,315.65918
2019-07-22 18:00:00,317.24426
2019-07-22 21:00:00,320.22748
2019-07-23 00:00:00,320.9947
2019-07-23 03:00:00,319.6587
2019-07-23 06:00:00,318.28467
2019-07-23 09:00:00,316.30554
2019-07-23 12:00:00,311.8203
2019-07-23 15:00:00,309.0326
2019-07-23 18:00:00,311.74207
2019-07-23 21:00:00,310.73608
2019-07-24 00:00:00,307.96472
2019-07-24 03:00:00,305.36914
2019-07-24 06:00:00,301.47876
2019-07-24 09:00:00,298.01648
2019-07-24 12:00:00,294.92603
2019-07-24 15:00:00,293.3291
2019-07-24 18:00:00,292.56274
2019-07-24 21:00:00,291.81512
2019-07-25 00:00:00,289.90033
2019-07-25 03:00:00,288.235
2019-07-25 06:00:00,286.95844
2019-07-25 09:00:00,286.40497
2019-07-25 12:00:00,288.29327
2019-07-25 15:00:00,293.63312
2019-07-25 18:00:00,297.71106
2019-07-25 21:00:00,301.00195
2019-07-26 00:00:00,301.82825
2019-07-26 03:00:00,302.64966
2019-07-26 06:00:00,302.40063
2019-07-26 09:00:00,302.0661
2019-07-26 12:00:00,302.80206
2019-07-26 15:00:00,304.97662
2019-07-26 18:00:00,306.87903
2019-07-26 21:00:00,308.19165
2019-07-27 00:00:00,308.79962
2019-07-27 03:00:00,309.46497
2019-07-27 06:00:00,309.69568
2019-07-27 09:00:00,308.0371
2019-07-27 12:00:00,305.86255
2019-07-27 15:00:00,306.41174
2019-07-27 18:00:00,307.167
2019-07-27 21:00:00,307.60327
2019-07-28 00:00:00,307.82043
2019-07-28 03:00:00,308.68176
2019-07-28 06:00:00,309.6103
2019-07-28 09:00:00,309.9245
2019-07-28 12:00:00,310.65662
2019-07-28 15:00:00,311.85266
2019-07-28 18:00:00,312.94806
2019-07-28 21:00:00,314.43774
2019-07-29 00:00:00,314.80212
2019-07-29 03:00:00,314.27698
2019-07-29 06:00:00,311.90686
2019-07-29 09:00:00,311.03156
2019-07-29 12:00:00,314.58197
2019-07-29 15:00:00,318.64807
2019-07-29 18:00:00,323.54163
2019-07-29 21:00:00,327.3966
2019-07-30 00:00:00,328.88666
2019-07-30 03:00:00,330.4864
2019-07-30 06:00:00,331.7885
2019-07-30 09:00:00,332.3374
2019-07-30 12:00:00,329.59283
2019-07-30 15:00:00,328.6831
2019-07-30 18:00:00,329.72662
2019-07-30 21:00:00,331.54233
2019-07-31 00:00:00,332.40668
2019-07-31 03:00:00,333.1018
2019-07-31 06:00:00,331.871
2019-07-31 09:00:00,330.8842
2019-07-31 12:00:00,329.3189
2019-07-31 15:00:00,328.79504
2019-07-31 18:00:00,328.89716
2019-07-31 21:00:00,329.07135
2019-08-01 00:00:00,329.4375
2019-08-01 03:00:00,328.6371
2019-08-01 06:00:00,327.27417
2019-08-01 09:00:00,325.78687
2019-08-01 12:00:00,324.40063
2019-08-01 15:00:00,324.2229
2019-08-01 18:00:00,325.61
2019-08-01 21:00:00,327.62512
2019-08-02 00:00:00,329.03174
2019-08-02 03:00:00,329.59497
2019-08-02 06:00:00,328.9961
2019-08-02 09:00:00,327.29626
2019-08-02 12:00:00,325.53503
2019-08-02 15:00:00,323.51782
2019-08-02 18:00:00,323.86462
2019-08-02 21:00:00,326.63965
2019-08-03 00:00:00,328.89062
2019-08-03 03:00:00,328.64093
2019-08-03 06:00:00,328.4347
2019-08-03 09:00:00,326.5835
2019-08-03 12:00:00,324.073
2019-08-03 15:00:00,322.52563
2019-08-03 18:00:00,323.90857
2019-08-03 21:00:00,327.91418
2019-08-04 00:00:00,330.27283
2019-08-04 03:00:00,330.03333
2019-08-04 06:00:00,325.80798
2019-08-04 09:00:00,320.60632
2019-08-04 12:00:00,315.82898
2019-08-04 15:00:00,314.79846
2019-08-04 18:00:00,315.94934
2019-08-04 21:00:00,318.01196
2019-08-05 00:00:00,318.6836
2019-08-05 03:00:00,320.22583
2019-08-05 06:00:00,320.5111
2019-08-05 09:00:00,317.04736
2019-08-05 12:00:00,312.5265
2019-08-05 15:00:00,312.45447
2019-08-05 18:00:00,313.42725
2019-08-05 21:00:00,317.15784
2019-08-06 00:00:00,316.9973
2019-08-06 03:00:00,314.0874
2019-08-06 06:00:00,312.8341
2019-08-06 09:00:00,310.34143
2019-08-06 12:00:00,309.40063
2019-08-06 15:00:00,309.5349
2019-08-06 18:00:00,308.55676
2019-08-06 21:00:00,308.32947
2019-08-07 00:00:00,307.09412
2019-08-07 03:00:00,306.06262
2019-08-07 06:00:00,305.18237
2019-08-07 09:00:00,304.15674
2019-08-07 12:00:00,302.93494
2019-08-07 15:00:00,301.7705
2019-08-07 18:00:00,299.7268
2019-08-07 21:00:00,296.469
2019-08-08 00:00:00,291.5808
2019-08-08 03:00:00,286.53052
2019-08-08 06:00:00,283.08643
2019-08-08 09:00:00,281.04956
2019-08-08 12:00:00,279.3733
2019-08-08 15:00:00,277.98096
2019-08-08 18:00:00,276.4552
2019-08-08 21:00:00,274.8219
2019-08-09 00:00:00,273.43994
2019-08-09 03:00:00,273.641
2019-08-09 06:00:00,276.2096
2019-08-09 09:00:00,282.4649
2019-08-09 12:00:00,290.77417
2019-08-09 15:00:00,296.594
2019-08-09 18:00:00,299.3308
2019-08-09 21:00:00,300.59753
2019-08-10 00:00:00,301.02625
2019-08-10 03:00:00,301.32056
2019-08-10 06:00:00,301.85962
2019-08-10 09:00:00,302.84485
2019-08-10 12:00:00,303.57886
2019-08-10 15:00:00,305.60284
2019-08-10 18:00:00,309.1322
2019-08-10 21:00:00,313.05658
2019-08-11 00:00:00,313.93066
2019-08-11 03:00:00,316.5017
2019-08-11 06:00:00,319.51025
2019-08-11 09:00:00,320.4535
2019-08-11 12:00:00,318.59998
2019-08-11 15:00:00,319.3711
2019-08-11 18:00:00,321.8523
2019-08-11 21:00:00,326.71387
2019-08-12 00:00:00,328.92725
2019-08-12 03:00:00,332.39197
2019-08-12 06:00:00,333.96576
2019-08-12 09:00:00,336.4812
2019-08-12 12:00:00,331.7597
2019-08-12 15:00:00,328.13184
2019-08-12 18:00:00,328.4088
2019-08-12 21:00:00,331.0323
2019-08-13 00:00:00,332.9927
2019-08-13 03:00:00,333.06882
2019-08-13 06:00:00,332.35486
2019-08-13 09:00:00,331.35995
2019-08-13 12:00:00,329.17767
2019-08-13 15:00:00,328.74512
2019-08-13 18:00:00,330.12433
2019-08-13 21:00:00,331.9378
2019-08-14 00:00:00,332.6083
2019-08-14 03:00:00,333.197
2019-08-14 06:00:00,333.35318
2019-08-14 09:00:00,332.68054
2019-08-14 12:00:00,328.8849
2019-08-14 15:00:00,327.64343
2019-08-14 18:00:00,328.33685
2019-08-14 21:00:00,331.02002
2019-08-15 00:00:00,331.15796
2019-08-15 03:00:00,330.26074
2019-08-15 06:00:00,327.7683
2019-08-15 09:00:00,325.57788
2019-08-15 12:00:00,323.1726
2019-08-15 15:00:00,323.4414
2019-08-15 18:00:00,326.2456
2019-08-15 21:00:00,329.79858
2019-08-16 00:00:00,330.07123
2019-08-16 03:00:00,330.8283
2019-08-16 06:00:00,331.35773
2019-08-16 09:00:00,330.29822
2019-08-16 12:00:00,327.42786
2019-08-16 15:00:00,327.46436
2019-08-16 18:00:00,329.19208
2019-08-16 21:00:00,330.41425
2019-08-17 00:00:00,331.3369
2019-08-17 03:00:00,331.46106
2019-08-17 06:00:00,331.6338
2019-08-17 09:00:00,329.32983
2019-08-17 12:00:00,324.13428
2019-08-17 15:00:00,320.53345
2019-08-17 18:00:00,321.7666
2019-08-17 21:00:00,325.1598
2019-08-18 00:00:00,324.99
2019-08-18 03:00:00,323.30823
2019-08-18 06:00:00,322.89917
2019-08-18 09:00:00,319.4253
2019-08-18 12:00:00,316.4231
2019-08-18 15:00:00,314.7744
2019-08-18 18:00:00,314.4309
2019-08-18 21:00:00,317.1196
2019-08-19 00:00:00,321.97345
2019-08-19 03:00:00,324.13513
2019-08-19 06:00:00,325.75226
2019-08-19 09:00:00,324.34387
2019-08-19 12:00:00,323.33612
2019-08-19 15:00:00,323.87427
2019-08-19 18:00:00,325.63965
2019-08-19 21:00:00,327.86115
2019-08-20 00:00:00,328.57214
2019-08-20 03:00:00,328.92206
2019-08-20 06:00:00,328.15088
2019-08-20 09:00:00,327.22382
2019-08-20 12:00:00,325.60205
2019-08-20 15:00:00,324.80457
2019-08-20 18:00:00,324.6667
2019-08-20 21:00:00,326.16504
2019-08-21 00:00:00,326.42572
2019-08-21 03:00:00,326.0244
2019-08-21 06:00:00,325.41077
2019-08-21 09:00:00,324.66614
2019-08-21 12:00:00,324.4095
2019-08-21 15:00:00,324.36157
2019-08-21 18:00:00,324.57452
2019-08-21 21:00:00,325.23126
2019-08-22 00:00:00,326.0266
2019-08-22 03:00:00,326.73462
2019-08-22 06:00:00,327.3241
2019-08-22 09:00:00,327.90796
2019-08-22 12:00:00,328.58276
2019-08-22 15:00:00,329.26758
2019-08-22 18:00:00,330.07178
2019-08-22 21:00:00,330.5022
2019-08-23 00:00:00,330.52307
2019-08-23 03:00:00,330.17603
2019-08-23 06:00:00,329.52368
2019-08-23 09:00:00,328.6278
2019-08-23 12:00:00,327.60632
2019-08-23 15:00:00,326.35413
2019-08-23 18:00:00,325.31934
2019-08-23 21:00:00,324.9336
2019-08-24 00:00:00,325.50055
2019-08-24 03:00:00,326.55603
2019-08-24 06:00:00,326.2666
2019-08-24 09:00:00,325.5094
2019-08-24 12:00:00,324.87384
2019-08-24 15:00:00,324.33185
2019-08-24 18:00:00,324.16418
2019-08-24 21:00:00,326.38367
2019-08-25 00:00:00,327.03876
2019-08-25 03:00:00,327.9464
2019-08-25 06:00:00,327.14636
2019-08-25 09:00:00,325.70374
2019-08-25 12:00:00,323.4115
2019-08-25 15:00:00,321.1421
2019-08-25 18:00:00,319.0531
2019-08-25 21:00:00,317.79395
2019-08-26 00:00:00,317.88483
2019-08-26 03:00:00,319.62585
2019-08-26 06:00:00,318.35834
2019-08-26 09:00:00,316.739
2019-08-26 12:00:00,315.01782
2019-08-26 15:00:00,314.75128
2019-08-26 18:00:00,315.6153
2019-08-26 21:00:00,315.7363
2019-08-27 00:00:00,316.53372
2019-08-27 03:00:00,317.13333
2019-08-27 06:00:00,318.25864
2019-08-27 09:00:00,319.33423
2019-08-27 12:00:00,319.94574
2019-08-27 15:00:00,321.94617
2019-08-27 18:00:00,322.78662
2019-08-27 21:00:00,323.54797
2019-08-28 00:00:00,323.0288
2019-08-28 03:00:00,323.94568
2019-08-28 06:00:00,327.2611
2019-08-28 09:00:00,328.31323
2019-08-28 12:00:00,325.2528
2019-08-28 15:00:00,324.16028
2019-08-28 18:00:00,324.588
2019-08-28 21:00:00,325.52628
2019-08-29 00:00:00,325.4088
2019-08-29 03:00:00,325.31094
2019-08-29 06:00:00,324.85748
2019-08-29 09:00:00,324.46222
2019-08-29 12:00:00,323.72357
2019-08-29 15:00:00,323.1142
2019-08-29 18:00:00,322.93115
2019-08-29 21:00:00,323.6275
2019-08-30 00:00:00,322.42975
2019-08-30 03:00:00,321.6203
2019-08-30 06:00:00,321.11462
2019-08-30 09:00:00,320.07208
2019-08-30 12:00:00,319.23102
2019-08-30 15:00:00,318.91467
2019-08-30 18:00:00,319.4253
2019-08-30 21:00:00,319.93842
2019-08-31 00:00:00,319.84418
2019-08-31 03:00:00,320.39227
2019-08-31 06:00:00,321.59204
2019-08-31 09:00:00,321.67566
2019-08-31 12:00:00,322.0912
2019-08-31 15:00:00,322.58295
2019-08-31 18:00:00,324.2067
2019-08-31 21:00:00,325.98575
2019-09-01 00:00:00,326.7042
2019-09-01 03:00:00,326.66632
2019-09-01 06:00:00,325.29175
2019-09-01 09:00:00,324.36926
2019-09-01 12:00:00,323.20703
2019-09-01 15:00:00,322.58826
2019-09-01 18:00:00,322.81018
2019-09-01 21:00:00,324.94604
2019-09-02 00:00:00,326.31506
2019-09-02 03:00:00,326.57288
2019-09-02 06:00:00,326.88525
2019-09-02 09:00:00,327.49384
2019-09-02 12:00:00,328.1491
2019-09-02 15:00:00,328.74835
2019-09-02 18:00:00,329.23566
2019-09-02 21:00:00,329.72833
2019-09-03 00:00:00,329.92798
2019-09-03 03:00:00,329.64362
2019-09-03 06:00:00,329.2055
2019-09-03 09:00:00,328.76715
2019-09-03 12:00:00,328.39136
2019-09-03 15:00:00,328.02063
2019-09-03 18:00:00,328.1725
2019-09-03 21:00:00,328.278
2019-09-04 00:00:00,328.1978
2019-09-04 03:00:00,327.76868
2019-09-04 06:00:00,327.3684
2019-09-04 09:00:00,327.06897
2019-09-04 12:00:00,326.72668
2019-09-04 15:00:00,325.7113
2019-09-04 18:00:00,327.21915
2019-09-04 21:00:00,329.64203
2019-09-05 00:00:00,330.20587
2019-09-05 03:00:00,330.1206
2019-09-05 06:00:00,329.8186
2019-09-05 09:00:00,329.48434
2019-09-05 12:00:00,329.78952
2019-09-05 15:00:00,330.30923
2019-09-05 18:00:00,330.9502
2019-09-05 21:00:00,331.25214
2019-09-06 00:00:00,331.2293
2019-09-06 03:00:00,330.94788
2019-09-06 06:00:00,330.50247
2019-09-06 09:00:00,330.11224
2019-09-06 12:00:00,330.00052
2019-09-06 15:00:00,330.13297
2019-09-06 18:00:00,330.50787
2019-09-06 21:00:00,330.96124
2019-09-07 00:00:00,331.03412
2019-09-07 03:00:00,331.07672
2019-09-07 06:00:00,331.20807
2019-09-07 09:00:00,331.38446
2019-09-07 12:00:00,332.0268
2019-09-07 15:00:00,332.8401
2019-09-07 18:00:00,333.9063
2019-09-07 21:00:00,334.67877
2019-09-08 00:00:00,334.84528
2019-09-08 03:00:00,334.6477
2019-09-08 06:00:00,334.3678
2019-09-08 09:00:00,334.07892
2019-09-08 12:00:00,333.75165
2019-09-08 15:00:00,333.25
2019-09-08 18:00:00,332.92676
2019-09-08 21:00:00,332.56482
2019-09-09 00:00:00,332.26062
2019-09-09 03:00:00,331.89502
2019-09-09 06:00:00,331.18176
2019-09-09 09:00:00,330.50085
2019-09-09 12:00:00,329.469
2019-09-09 15:00:00,328.6515
2019-09-09 18:00:00,329.31262
2019-09-09 21:00:00,331.8805
2019-09-10 00:00:00,334.46375
2019-09-10 03:00:00,335.91394
2019-09-10 06:00:00,332.61047
2019-09-10 09:00:00,332.65308
2019-09-10 12:00:00,330.26672
2019-09-10 15:00:00,327.8058
2019-09-10 18:00:00,329.63586
2019-09-10 21:00:00,332.11047
2019-09-11 00:00:00,332.19666
2019-09-11 03:00:00,329.86963
2019-09-11 06:00:00,328.96265
2019-09-11 09:00:00,327.79742
2019-09-11 12:00:00,325.2541
2019-09-11 15:00:00,323.34973
2019-09-11 18:00:00,322.87378
2019-09-11 21:00:00,324.574
2019-09-12 00:00:00,323.7489
2019-09-12 03:00:00,323.41455
2019-09-12 06:00:00,323.85846
2019-09-12 09:00:00,322.95038
2019-09-12 12:00:00,319.4541
2019-09-12 15:00:00,317.1444
2019-09-12 18:00:00,315.2055
2019-09-12 21:00:00,314.0973
2019-09-13 00:00:00,313.97784
2019-09-13 03:00:00,313.4953
2019-09-13 06:00:00,313.10474
2019-09-13 09:00:00,312.98856
2019-09-13 12:00:00,311.80536
2019-09-13 15:00:00,310.9391
2019-09-13 18:00:00,310.26392
2019-09-13 21:00:00,310.3036
2019-09-14 00:00:00,311.127
2019-09-14 03:00:00,311.23645
2019-09-14 06:00:00,311.3084
2019-09-14 09:00:00,310.98834
2019-09-14 12:00:00,310.34833
2019-09-14 15:00:00,309.94403
2019-09-14 18:00:00,310.13617
2019-09-14 21:00:00,310.6018
2019-09-15 00:00:00,310.66498
2019-09-15 03:00:00,310.58008
2019-09-15 06:00:00,310.54742
2019-09-15 09:00:00,310.72156
2019-09-15 12:00:00,311.27808
2019-09-15 15:00:00,311.9378
2019-09-15 18:00:00,312.99396
2019-09-15 21:00:00,314.22705
2019-09-16 00:00:00,315.4478
2019-09-16 03:00:00,317.0028
2019-09-16 06:00:00,317.8871
2019-09-16 09:00:00,318.42212
2019-09-16 12:00:00,318.63757
2019-09-16 15:00:00,317.81207
2019-09-16 18:00:00,318.8523
2019-09-16 21:00:00,320.32184
2019-09-17 00:00:00,321.89178
2019-09-17 03:00:00,323.23572
2019-09-17 06:00:00,324.40912
2019-09-17 09:00:00,325.38586
2019-09-17 12:00:00,325.9099
2019-09-17 15:00:00,325.94586
2019-09-17 18:00:00,325.59003
2019-09-17 21:00:00,326.63007
2019-09-18 00:00:00,327.40955
2019-09-18 03:00:00,327.7682
2019-09-18 06:00:00,327.43793
2019-09-18 09:00:00,326.63428
2019-09-18 12:00:00,325.41992
2019-09-18 15:00:00,323.40594
2019-09-18 18:00:00,321.50793
2019-09-18 21:00:00,319.75916
2019-09-19 00:00:00,317.6725
2019-09-19 03:00:00,315.3683
2019-09-19 06:00:00,312.6598
2019-09-19 09:00:00,309.74414
2019-09-19 12:00:00,306.57874
2019-09-19 15:00:00,303.82886
2019-09-19 18:00:00,301.3225
2019-09-19 21:00:00,299.27637
2019-09-20 00:00:00,297.83875
2019-09-20 03:00:00,296.2423
2019-09-20 06:00:00,294.682
2019-09-20 09:00:00,293.03357
2019-09-20 12:00:00,290.73584
2019-09-20 15:00:00,285.9181
2019-09-20 18:00:00,281.49365
2019-09-20 21:00:00,275.20435
2019-09-21 00:00:00,267.63483
2019-09-21 03:00:00,267.0697
2019-09-21 06:00:00,266.44727
2019-09-21 09:00:00,264.08704
2019-09-21 12:00:00,249.83743
2019-09-21 15:00:00,245.50598
2019-09-21 18:00:00,243.84422
2019-09-21 21:00:00,260.27576
2019-09-22 00:00:00,276.01685
2019-09-22 03:00:00,280.2539
2019-09-22 06:00:00,287.4323
2019-09-22 09:00:00,293.278
2019-09-22 12:00:00,296.9475
2019-09-22 15:00:00,298.36847
2019-09-22 18:00:00,298.55505
2019-09-22 21:00:00,298.19214
2019-09-23 00:00:00,297.78918
2019-09-23 03:00:00,297.33325
2019-09-23 06:00:00,296.971
2019-09-23 09:00:00,296.74744
2019-09-23 12:00:00,296.5313
2019-09-23 15:00:00,296.33618
2019-09-23 18:00:00,296.40527
2019-09-23 21:00:00,295.77753
2019-09-24 00:00:00,295.15137
2019-09-24 03:00:00,294.47778
2019-09-24 06:00:00,293.6786
2019-09-24 09:00:00,292.98578
2019-09-24 12:00:00,292.93365
2019-09-24 15:00:00,293.727
2019-09-24 18:00:00,294.8933
2019-09-24 21:00:00,296.68066
2019-09-25 00:00:00,299.8031
2019-09-25 03:00:00,303.97723
2019-09-25 06:00:00,307.0172
2019-09-25 09:00:00,308.5193
2019-09-25 12:00:00,308.2428
2019-09-25 15:00:00,309.25378
2019-09-25 18:00:00,311.09662
2019-09-25 21:00:00,312.90118
2019-09-26 00:00:00,312.84796
2019-09-26 03:00:00,312.81177
2019-09-26 06:00:00,312.50012
2019-09-26 09:00:00,312.38745
2019-09-26 12:00:00,311.69568
2019-09-26 15:00:00,312.0354
2019-09-26 18:00:00,313.26154
2019-09-26 21:00:00,314.82928
2019-09-27 00:00:00,315.04132
2019-09-27 03:00:00,314.4181
2019-09-27 06:00:00,314.28485
2019-09-27 09:00:00,314.75116
2019-09-27 12:00:00,315.27356
2019-09-27 15:00:00,316.1615
2019-09-27 18:00:00,317.3766
2019-09-27 21:00:00,318.16553
2019-09-28 00:00:00,318.27734
2019-09-28 03:00:00,318.1974
2019-09-28 06:00:00,318.50116
2019-09-28 09:00:00,318.75092
2019-09-28 12:00:00,318.27136
2019-09-28 15:00:00,318.18903
2019-09-28 18:00:00,318.0418
2019-09-28 21:00:00,318.5371
2019-09-29 00:00:00,319.36807
2019-09-29 03:00:00,320.16388
2019-09-29 06:00:00,320.59015
2019-09-29 09:00:00,320.50232
2019-09-29 12:00:00,320.46265
2019-09-29 15:00:00,319.75806
2019-09-29 18:00:00,318.62115
2019-09-29 21:00:00,318.77753
2019-09-30 00:00:00,317.58075
2019-09-30 03:00:00,314.35193
2019-09-30 06:00:00,311.58826
2019-09-30 09:00:00,309.08374
2019-09-30 12:00:00,307.05035
2019-09-30 15:00:00,305.56244
2019-09-30 18:00:00,304.4566
2019-09-30 21:00:00,303.9557
2019-10-01 00:00:00,304.41534
2019-10-01 03:00:00,305.7849
2019-10-01 06:00:00,305.6725
2019-10-01 09:00:00,305.39124
2019-10-01 12:00:00,301.542
2019-10-01 15:00:00,298.95654
2019-10-01 18:00:00,297.15918
2019-10-01 21:00:00,296.31653
2019-10-02 00:00:00,296.58618
2019-10-02 03:00:00,296.88464
2019-10-02 06:00:00,298.33655
2019-10-02 09:00:00,298.6936
2019-10-02 12:00:00,296.58435
2019-10-02 15:00:00,296.45007
2019-10-02 18:00:00,297.67334
2019-10-02 21:00:00,299.13245
2019-10-03 00:00:00,297.58838
2019-10-03 03:00:00,296.37732
2019-10-03 06:00:00,294.29053
2019-10-03 09:00:00,287.52502
2019-10-03 12:00:00,279.89844
2019-10-03 15:00:00,276.3661
2019-10-03 18:00:00,275.48322
2019-10-03 21:00:00,275.7968
2019-10-04 00:00:00,276.03687
2019-10-04 03:00:00,276.149
2019-10-04 06:00:00,276.39575
2019-10-04 09:00:00,277.14465
2019-10-04 12:00:00,278.63318
2019-10-04 15:00:00,280.77124
2019-10-04 18:00:00,283.42456
2019-10-04 21:00:00,286.96283
2019-10-05 00:00:00,290.30573
2019-10-05 03:00:00,292.42566
2019-10-05 06:00:00,293.46997
2019-10-05 09:00:00,294.83337
2019-10-05 12:00:00,297.6765
2019-10-05 15:00:00,300.83398
2019-10-05 18:00:00,304.97113
2019-10-05 21:00:00,308.9486
2019-10-06 00:00:00,310.9663
2019-10-06 03:00:00,310.88416
2019-10-06 06:00:00,307.99756
2019-10-06 09:00:00,305.45544
2019-10-06 12:00:00,302.78345
2019-10-06 15:00:00,301.64
2019-10-06 18:00:00,302.4217
2019-10-06 21:00:00,305.3219
2019-10-07 00:00:00,306.15356
2019-10-07 03:00:00,304.45374
2019-10-07 06:00:00,303.69574
2019-10-07 09:00:00,303.5517
2019-10-07 12:00:00,302.88312
2019-10-07 15:00:00,303.83783
2019-10-07 18:00:00,305.25488
2019-10-07 21:00:00,307.72314
2019-10-08 00:00:00,309.04663
2019-10-08 03:00:00,309.8739
2019-10-08 06:00:00,310.06628
2019-10-08 09:00:00,310.0003
2019-10-08 12:00:00,308.86462
2019-10-08 15:00:00,308.82315
2019-10-08 18:00:00,309.84512
2019-10-08 21:00:00,311.98718
2019-10-09 00:00:00,315.87726
2019-10-09 03:00:00,319.04962
2019-10-09 06:00:00,321.64655
2019-10-09 09:00:00,323.42575
2019-10-09 12:00:00,322.537
2019-10-09 15:00:00,322.13153
2019-10-09 18:00:00,322.9892
2019-10-09 21:00:00,324.9381
2019-10-10 00:00:00,324.4472
2019-10-10 03:00:00,323.82556
2019-10-10 06:00:00,323.1966
2019-10-10 09:00:00,322.3122
2019-10-10 12:00:00,320.89844
2019-10-10 15:00:00,320.1093
2019-10-10 18:00:00,319.7655
2019-10-10 21:00:00,319.5163
2019-10-11 00:00:00,319.42432
2019-10-11 03:00:00,319.38782
2019-10-11 06:00:00,319.43567
2019-10-11 09:00:00,319.5387
2019-10-11 12:00:00,319.71155
2019-10-11 15:00:00,319.85254
2019-10-11 18:00:00,319.57465
2019-10-11 21:00:00,319.2345
2019-10-12 00:00:00,318.50238
2019-10-12 03:00:00,317.97235
2019-10-12 06:00:00,317.2657
2019-10-12 09:00:00,316.39954
2019-10-12 12:00:00,314.52515
2019-10-12 15:00:00,310.86963
2019-10-12 18:00:00,309.15942
2019-10-12 21:00:00,306.82104
2019-10-13 00:00:00,301.73438
2019-10-13 03:00:00,295.7649
2019-10-13 06:00:00,291.27856
2019-10-13 09:00:00,287.8623
2019-10-13 12:00:00,285.87793
2019-10-13 15:00:00,283.79883
2019-10-13 18:00:00,282.87598
2019-10-13 21:00:00,281.29834
2019-10-14 00:00:00,279.9817
2019-10-14 03:00:00,286.45673
2019-10-14 06:00:00,289.38684
2019-10-14 09:00:00,286.7661
2019-10-14 12:00:00,287.9237
2019-10-14 15:00:00,292.83057
2019-10-14 18:00:00,296.93927
2019-10-14 21:00:00,300.12213
2019-10-15 00:00:00,302.00214
2019-10-15 03:00:00,303.39447
2019-10-15 06:00:00,304.53137
2019-10-15 09:00:00,305.4237
2019-10-15 12:00:00,306.23016
2019-10-15 15:00:00,306.7962
2019-10-15 18:00:00,307.4677
2019-10-15 21:00:00,308.16858
2019-10-16 00:00:00,308.74408
2019-10-16 03:00:00,309.22113
2019-10-16 06:00:00,309.48328
2019-10-16 09:00:00,309.167
2019-10-16 12:00:00,308.03442
2019-10-16 15:00:00,306.30945
2019-10-16 18:00:00,304.92822
2019-10-16 21:00:00,303.77368
2019-10-17 00:00:00,302.4209
2019-10-17 03:00:00,301.4309
2019-10-17 06:00:00,301.39197
2019-10-17 09:00:00,302.39197
2019-10-17 12:00:00,304.53992
2019-10-17 15:00:00,306.8014
2019-10-17 18:00:00,308.64185
2019-10-17 21:00:00,310.1974
2019-10-18 00:00:00,311.43994
2019-10-18 03:00:00,313.0951
2019-10-18 06:00:00,314.81104
2019-10-18 09:00:00,315.90802
2019-10-18 12:00:00,316.58148
2019-10-18 15:00:00,317.0758
2019-10-18 18:00:00,317.4925
2019-10-18 21:00:00,317.77032
2019-10-19 00:00:00,317.9206
2019-10-19 03:00:00,317.92987
2019-10-19 06:00:00,317.62512
2019-10-19 09:00:00,316.79187
2019-10-19 12:00:00,313.76343
2019-10-19 15:00:00,305.07104
2019-10-19 18:00:00,309.86975
2019-10-19 21:00:00,309.72095
2019-10-20 00:00:00,309.8933
2019-10-20 03:00:00,312.23523
2019-10-20 06:00:00,312.31543
2019-10-20 09:00:00,311.526
2019-10-20 12:00:00,311.13373
2019-10-20 15:00:00,311.36316
2019-10-20 18:00:00,312.14203
2019-10-20 21:00:00,313.04675
2019-10-21 00:00:00,313.6328
2019-10-21 03:00:00,314.38696
2019-10-21 06:00:00,315.52234
2019-10-21 09:00:00,316.35663
2019-10-21 12:00:00,317.13898
2019-10-21 15:00:00,317.958
2019-10-21 18:00:00,319.28937
2019-10-21 21:00:00,322.0012
2019-10-22 00:00:00,324.1184
2019-10-22 03:00:00,325.25928
2019-10-22 06:00:00,325.48712
2019-10-22 09:00:00,327.52524
2019-10-22 12:00:00,329.3957
2019-10-22 15:00:00,329.2613
2019-10-22 18:00:00,329.5372
2019-10-22 21:00:00,330.4087
2019-10-23 00:00:00,329.63684
2019-10-23 03:00:00,327.12085
2019-10-23 06:00:00,325.5099
2019-10-23 09:00:00,324.38297
2019-10-23 12:00:00,323.45312
2019-10-23 15:00:00,323.05072
2019-10-23 18:00:00,323.64954
2019-10-23 21:00:00,322.41187
2019-10-24 00:00:00,319.7295
2019-10-24 03:00:00,316.7649
2019-10-24 06:00:00,314.0398
2019-10-24 09:00:00,311.39282
2019-10-24 12:00:00,308.75903
2019-10-24 15:00:00,306.99316
2019-10-24 18:00:00,306.28906
2019-10-24 21:00:00,306.40295
2019-10-25 00:00:00,307.10022
2019-10-25 03:00:00,308.8324
2019-10-25 06:00:00,310.2586
2019-10-25 09:00:00,313.04767
2019-10-25 12:00:00,313.99225
2019-10-25 15:00:00,315.23523
2019-10-25 18:00:00,316.62073
2019-10-25 21:00:00,317.17236
2019-10-26 00:00:00,315.90088
2019-10-26 03:00:00,312.57935
2019-10-26 06:00:00,307.77124
2019-10-26 09:00:00,302.2173
2019-10-26 12:00:00,296.28564
2019-10-26 15:00:00,290.09692
2019-10-26 18:00:00,284.21704
2019-10-26 21:00:00,278.2202
2019-10-27 00:00:00,273.7583
2019-10-27 03:00:00,270.65198
2019-10-27 06:00:00,269.0647
2019-10-27 09:00:00,268.75366
2019-10-27 12:00:00,270.53076
2019-10-27 15:00:00,271.94714
2019-10-27 18:00:00,272.6411
2019-10-27 21:00:00,272.5631
2019-10-28 00:00:00,271.891
2019-10-28 03:00:00,270.76685
2019-10-28 06:00:00,269.78906
2019-10-28 09:00:00,268.74292
2019-10-28 12:00:00,268.06372
2019-10-28 15:00:00,267.37756
2019-10-28 18:00:00,266.70386
2019-10-28 21:00:00,266.04028
2019-10-29 00:00:00,265.46216
2019-10-29 03:00:00,264.91516
2019-10-29 06:00:00,264.69556
2019-10-29 09:00:00,264.80518
2019-10-29 12:00:00,265.25928
2019-10-29 15:00:00,265.95325
2019-10-29 18:00:00,266.93896
2019-10-29 21:00:00,267.7212
2019-10-30 00:00:00,268.3994
2019-10-30 03:00:00,269.23657
2019-10-30 06:00:00,270.32153
2019-10-30 09:00:00,271.229
2019-10-30 12:00:00,271.88367
2019-10-30 15:00:00,271.89954
2019-10-30 18:00:00,272.41418
2019-10-30 21:00:00,272.9455
2019-10-31 00:00:00,273.41547
2019-10-31 03:00:00,273.8128
2019-10-31 06:00:00,274.2115
2019-10-31 09:00:00,274.55756
2019-10-31 12:00:00,274.88428
2019-10-31 15:00:00,275.32812
2019-10-31 18:00:00,275.91748
2019-10-31 21:00:00,276.0813
2019-11-01 00:00:00,276.06415
2019-11-01 03:00:00,275.97742
2019-11-01 06:00:00,275.7975
2019-11-01 09:00:00,275.45325
2019-11-01 12:00:00,274.94037
2019-11-01 15:00:00,274.43048
2019-11-01 18:00:00,274.09583
2019-11-01 21:00:00,273.2376
2019-11-02 00:00:00,272.56354
2019-11-02 03:00:00,274.09558
2019-11-02 06:00:00,276.09082
2019-11-02 09:00:00,277.5489
2019-11-02 12:00:00,278.17218
2019-11-02 15:00:00,279.01843
2019-11-02 18:00:00,279.89502
2019-11-02 21:00:00,280.40698
2019-11-03 00:00:00,282.61786
2019-11-03 03:00:00,288.19943
2019-11-03 06:00:00,295.54852
2019-11-03 09:00:00,302.09412
2019-11-03 12:00:00,307.89294
2019-11-03 15:00:00,312.72192
2019-11-03 18:00:00,316.13342
2019-11-03 21:00:00,317.87695
2019-11-04 00:00:00,318.01758
2019-11-04 03:00:00,316.8988
2019-11-04 06:00:00,315.01855
2019-11-04 09:00:00,312.9701
2019-11-04 12:00:00,310.56665
2019-11-04 15:00:00,308.50195
2019-11-04 18:00:00,306.9502
2019-11-04 21:00:00,308.94513
2019-11-05 00:00:00,310.79114
2019-11-05 03:00:00,313.1999
2019-11-05 06:00:00,314.61145
2019-11-05 09:00:00,315.2956
2019-11-05 12:00:00,314.86035
2019-11-05 15:00:00,315.05524
2019-11-05 18:00:00,316.01898
2019-11-05 21:00:00,316.30347
2019-11-06 00:00:00,315.88593
2019-11-06 03:00:00,315.49445
2019-11-06 06:00:00,315.7245
2019-11-06 09:00:00,316.20026
2019-11-06 12:00:00,316.0595
2019-11-06 15:00:00,315.96326
2019-11-06 18:00:00,315.91516
2019-11-06 21:00:00,315.58057
2019-11-07 00:00:00,314.63867
2019-11-07 03:00:00,312.6134
2019-11-07 06:00:00,316.0275
2019-11-07 09:00:00,321.7284
2019-11-07 12:00:00,324.20496
2019-11-07 15:00:00,324.17627
2019-11-07 18:00:00,324.41528
2019-11-07 21:00:00,323.4745
2019-11-08 00:00:00,323.43762
2019-11-08 03:00:00,323.98804
2019-11-08 06:00:00,325.9076
2019-11-08 09:00:00,328.8595
2019-11-08 12:00:00,327.5766
2019-11-08 15:00:00,327.7182
2019-11-08 18:00:00,328.88788
2019-11-08 21:00:00,329.70514
2019-11-09 00:00:00,328.57068
2019-11-09 03:00:00,327.17352
2019-11-09 06:00:00,325.9408
2019-11-09 09:00:00,324.9718
2019-11-09 12:00:00,324.02625
2019-11-09 15:00:00,322.39978
2019-11-09 18:00:00,317.85352
2019-11-09 21:00:00,322.18286
2019-11-10 00:00:00,325.64136
2019-11-10 03:00:00,326.62146
2019-11-10 06:00:00,328.54407
2019-11-10 09:00:00,328.21912
2019-11-10 12:00:00,324.49323
2019-11-10 15:00:00,322.471
2019-11-10 18:00:00,322.0235
2019-11-10 21:00:00,321.33252
2019-11-11 00:00:00,318.88373
2019-11-11 03:00:00,317.7359
2019-11-11 06:00:00,318.02393
2019-11-11 09:00:00,317.67822
2019-11-11 12:00:00,316.28912
2019-11-11 15:00:00,317.09247
2019-11-11 18:00:00,319.7451
2019-11-11 21:00:00,323.67236
2019-11-12 00:00:00,324.471
2019-11-12 03:00:00,326.8329
2019-11-12 06:00:00,328.68683
2019-11-12 09:00:00,329.36078
2019-11-12 12:00:00,326.70435
2019-11-12 15:00:00,324.69373
2019-11-12 18:00:00,323.11853
2019-11-12 21:00:00,322.09033
2019-11-13 00:00:00,320.3971
2019-11-13 03:00:00,318.8692
2019-11-13 06:00:00,317.91565
2019-11-13 09:00:00,317.48145
2019-11-13 12:00:00,317.87958
2019-11-13 15:00:00,317.98615
2019-11-13 18:00:00,318.09125
2019-11-13 21:00:00,318.41736
2019-11-14 00:00:00,318.0298
2019-11-14 03:00:00,317.33014
2019-11-14 06:00:00,314.81
2019-11-14 09:00:00,315.1347
2019-11-14 12:00:00,317.86328
2019-11-14 15:00:00,319.04138
2019-11-14 18:00:00,321.2069
2019-11-14 21:00:00,322.4865
2019-11-15 00:00:00,323.7473
2019-11-15 03:00:00,324.47137
2019-11-15 06:00:00,325.0315
2019-11-15 09:00:00,325.48145
2019-11-15 12:00:00,325.41833
2019-11-15 15:00:00,324.93945
2019-11-15 18:00:00,324.72858
2019-11-15 21:00:00,325.55472
2019-11-16 00:00:00,326.77533
2019-11-16 03:00:00,327.79163
2019-11-16 06:00:00,328.0951
2019-11-16 09:00:00,328.3161
2019-11-16 12:00:00,327.1114
2019-11-16 15:00:00,325.75812
2019-11-16 18:00:00,325.16156
2019-11-16 21:00:00,324.30487
2019-11-17 00:00:00,322.89935
2019-11-17 03:00:00,320.41785
2019-11-17 06:00:00,313.8059
2019-11-17 09:00:00,312.5509
2019-11-17 12:00:00,311.4474
2019-11-17 15:00:00,309.063
2019-11-17 18:00:00,307.16895
2019-11-17 21:00:00,304.9239
2019-11-18 00:00:00,310.1611
2019-11-18 03:00:00,318.3601
2019-11-18 06:00:00,320.83063
2019-11-18 09:00:00,322.65637
2019-11-18 12:00:00,322.04846
2019-11-18 15:00:00,322.28973
2019-11-18 18:00:00,322.95483
2019-11-18 21:00:00,323.52454
2019-11-19 00:00:00,322.0323
2019-11-19 03:00:00,319.9015
2019-11-19 06:00:00,318.27777
2019-11-19 09:00:00,316.93903
2019-11-19 12:00:00,315.51855
2019-11-19 15:00:00,313.61877
2019-11-19 18:00:00,310.688
2019-11-19 21:00:00,307.37695
2019-11-20 00:00:00,303.37183
2019-11-20 03:00:00,301.61145
2019-11-20 06:00:00,303.97705
2019-11-20 09:00:00,306.14868
2019-11-20 12:00:00,307.42975
2019-11-20 15:00:00,307.7154
2019-11-20 18:00:00,307.33377
2019-11-20 21:00:00,307.0848
2019-11-21 00:00:00,306.79407
2019-11-21 03:00:00,306.30142
2019-11-21 06:00:00,306.29846
2019-11-21 09:00:00,306.68896
2019-11-21 12:00:00,307.24567
2019-11-21 15:00:00,307.89197
2019-11-21 18:00:00,308.4801
2019-11-21 21:00:00,308.94775
2019-11-22 00:00:00,309.0091
2019-11-22 03:00:00,306.7423
2019-11-22 06:00:00,299.57983
2019-11-22 09:00:00,284.48047
2019-11-22 12:00:00,277.26868
2019-11-22 15:00:00,284.85724
2019-11-22 18:00:00,289.5503
2019-11-22 21:00:00,293.90784
2019-11-23 00:00:00,299.2143
2019-11-23 03:00:00,303.82825
2019-11-23 06:00:00,307.10596
2019-11-23 09:00:00,307.93835
2019-11-23 12:00:00,307.50012
2019-11-23 15:00:00,306.74365
2019-11-23 18:00:00,306.51636
2019-11-23 21:00:00,306.19763
2019-11-24 00:00:00,305.81775
2019-11-24 03:00:00,305.52893
2019-11-24 06:00:00,305.24622
2019-11-24 09:00:00,304.89233
2019-11-24 12:00:00,304.23865
2019-11-24 15:00:00,303.2815
2019-11-24 18:00:00,300.5647
2019-11-24 21:00:00,294.729
2019-11-25 00:00:00,287.43262
2019-11-25 03:00:00,282.83618
2019-11-25 06:00:00,282.22217
2019-11-25 09:00:00,285.09875
2019-11-25 12:00:00,290.9403
2019-11-25 15:00:00,295.5183
2019-11-25 18:00:00,298.8119
2019-11-25 21:00:00,300.63544
2019-11-26 00:00:00,301.41022
2019-11-26 03:00:00,301.14172
2019-11-26 06:00:00,299.52576
2019-11-26 09:00:00,296.76086
2019-11-26 12:00:00,290.22168
2019-11-26 15:00:00,286.43213
2019-11-26 18:00:00,288.3855
2019-11-26 21:00:00,290.36145
2019-11-27 00:00:00,290.81293
2019-11-27 03:00:00,291.85217
2019-11-27 06:00:00,293.97437
2019-11-27 09:00:00,296.54956
2019-11-27 12:00:00,298.42267
2019-11-27 15:00:00,299.1162
2019-11-27 18:00:00,298.92987
2019-11-27 21:00:00,298.29956
2019-11-28 00:00:00,297.60217
2019-11-28 03:00:00,297.0368
2019-11-28 06:00:00,296.56427
2019-11-28 09:00:00,296.20667
2019-11-28 12:00:00,296.00208
2019-11-28 15:00:00,296.00574
2019-11-28 18:00:00,296.0885
2019-11-28 21:00:00,296.052
2019-11-29 00:00:00,295.93054
2019-11-29 03:00:00,295.93823
2019-11-29 06:00:00,296.28235
2019-11-29 09:00:00,296.89905
2019-11-29 12:00:00,297.4569
2019-11-29 15:00:00,298.28918
2019-11-29 18:00:00,298.98523
2019-11-29 21:00:00,299.57068
2019-11-30 00:00:00,299.95386
2019-11-30 03:00:00,299.99634
2019-11-30 06:00:00,299.59705
2019-11-30 09:00:00,298.54797
2019-11-30 12:00:00,296.8457
2019-11-30 15:00:00,293.39526
2019-11-30 18:00:00,291.6172
2019-11-30 21:00:00,294.07086
2019-12-01 00:00:00,296.7898
2019-12-01 03:00:00,299.636
2019-12-01 06:00:00,301.86926
2019-12-01 09:00:00,304.67273
2019-12-01 12:00:00,308.1416
2019-12-01 15:00:00,311.2586
2019-12-01 18:00:00,315.08728
2019-12-01 21:00:00,319.15692
2019-12-02 00:00:00,320.4301
2019-12-02 03:00:00,322.55725
2019-12-02 06:00:00,327.18414
2019-12-02 09:00:00,331.9793
2019-12-02 12:00:00,336.22717
2019-12-02 15:00:00,339.24298
2019-12-02 18:00:00,342.4854
2019-12-02 21:00:00,343.7764
2019-12-03 00:00:00,342.5847
2019-12-03 03:00:00,342.96497
2019-12-03 06:00:00,343.69055
2019-12-03 09:00:00,343.5797
2019-12-03 12:00:00,336.56268
2019-12-03 15:00:00,328.10583
2019-12-03 18:00:00,323.24512
2019-12-03 21:00:00,319.0017
2019-12-04 00:00:00,309.94653
2019-12-04 03:00:00,303.83765
2019-12-04 06:00:00,301.26074
2019-12-04 09:00:00,296.49878
2019-12-04 12:00:00,293.42383
2019-12-04 15:00:00,291.9497
2019-12-04 18:00:00,291.7879
2019-12-04 21:00:00,295.35504
2019-12-05 00:00:00,302.76575
2019-12-05 03:00:00,311.20746
2019-12-05 06:00:00,314.26746
2019-12-05 09:00:00,317.98557
2019-12-05 12:00:00,318.60812
2019-12-05 15:00:00,318.44595
2019-12-05 18:00:00,319.71155
2019-12-05 21:00:00,321.232
2019-12-06 00:00:00,322.37082
2019-12-06 03:00:00,323.37604
2019-12-06 06:00:00,324.66437
2019-12-06 09:00:00,325.61865
2019-12-06 12:00:00,324.2821
2019-12-06 15:00:00,323.1286
2019-12-06 18:00:00,323.32388
2019-12-06 21:00:00,324.00098
2019-12-07 00:00:00,324.4544
2019-12-07 03:00:00,324.02405
2019-12-07 06:00:00,323.13306
2019-12-07 09:00:00,322.03168
2019-12-07 12:00:00,320.39148
2019-12-07 15:00:00,319.41895
2019-12-07 18:00:00,318.8069
2019-12-07 21:00:00,316.48486
2019-12-08 00:00:00,314.09595
2019-12-08 03:00:00,311.88513
2019-12-08 06:00:00,310.11786
2019-12-08 09:00:00,308.6729
2019-12-08 12:00:00,307.53998
2019-12-08 15:00:00,306.68304
2019-12-08 18:00:00,305.91968
2019-12-08 21:00:00,305.14893
2019-12-09 00:00:00,304.51874
2019-12-09 03:00:00,304.67728
2019-12-09 06:00:00,307.62628
2019-12-09 09:00:00,309.44733
2019-12-09 12:00:00,311.51004
2019-12-09 15:00:00,315.86853
2019-12-09 18:00:00,320.38565
2019-12-09 21:00:00,323.237
2019-12-10 00:00:00,324.30576
2019-12-10 03:00:00,324.2489
2019-12-10 06:00:00,323.4093
2019-12-10 09:00:00,322.21198
2019-12-10 12:00:00,320.89075
2019-12-10 15:00:00,319.6358
2019-12-10 18:00:00,318.4223
2019-12-10 21:00:00,317.61133
2019-12-11 00:00:00,316.60693
2019-12-11 03:00:00,315.7306
2019-12-11 06:00:00,314.47754
2019-12-11 09:00:00,314.08875
2019-12-11 12:00:00,324.3946
2019-12-11 15:00:00,329.21436
2019-12-11 18:00:00,330.30536
2019-12-11 21:00:00,329.65894
2019-12-12 00:00:00,321.5564
2019-12-12 03:00:00,318.96252
2019-12-12 06:00:00,318.62646
2019-12-12 09:00:00,318.23242
2019-12-12 12:00:00,317.9027
2019-12-12 15:00:00,316.99524
2019-12-12 18:00:00,316.11267
2019-12-12 21:00:00,315.98633
2019-12-13 00:00:00,316.15723
2019-12-13 03:00:00,316.51648
2019-12-13 06:00:00,317.2682
2019-12-13 09:00:00,317.67798
2019-12-13 12:00:00,317.7292
2019-12-13 15:00:00,317.47003
2019-12-13 18:00:00,317.04095
2019-12-13 21:00:00,316.5479
2019-12-14 00:00:00,315.96118
2019-12-14 03:00:00,315.21783
2019-12-14 06:00:00,314.45593
2019-12-14 09:00:00,313.75793
2019-12-14 12:00:00,313.22693
2019-12-14 15:00:00,312.90106
2019-12-14 18:00:00,312.75092
2019-12-14 21:00:00,312.63306
2019-12-15 00:00:00,312.4146
2019-12-15 03:00:00,311.93494
2019-12-15 06:00:00,311.255
2019-12-15 09:00:00,310.4237
2019-12-15 12:00:00,309.4646
2019-12-15 15:00:00,308.6372
2019-12-15 18:00:00,308.48535
2019-12-15 21:00:00,307.94556
2019-12-16 00:00:00,306.84747
2019-12-16 03:00:00,307.07666
2019-12-16 06:00:00,306.46255
2019-12-16 09:00:00,302.83453
2019-12-16 12:00:00,302.10498
2019-12-16 15:00:00,302.3526
2019-12-16 18:00:00,302.21655
2019-12-16 21:00:00,302.82092
2019-12-17 00:00:00,305.41623
2019-12-17 03:00:00,308.22772
2019-12-17 06:00:00,309.93024
2019-12-17 09:00:00,308.12695
2019-12-17 12:00:00,305.59528
2019-12-17 15:00:00,304.1599
2019-12-17 18:00:00,303.46228
2019-12-17 21:00:00,303.1858
2019-12-18 00:00:00,302.29773
2019-12-18 03:00:00,299.23096
2019-12-18 06:00:00,293.19556
2019-12-18 09:00:00,286.73657
2019-12-18 12:00:00,279.28613
2019-12-18 15:00:00,270.38403
2019-12-18 18:00:00,260.14105
2019-12-18 21:00:00,256.08145
2019-12-19 00:00:00,248.97699
2019-12-19 03:00:00,253.92383
2019-12-19 06:00:00,257.34583
2019-12-19 09:00:00,265.31567
2019-12-19 12:00:00,265.5404
2019-12-19 15:00:00,258.31464
2019-12-19 18:00:00,254.10522
2019-12-19 21:00:00,254.68025
2019-12-20 00:00:00,258.93115
2019-12-20 03:00:00,263.8578
2019-12-20 06:00:00,267.20905
2019-12-20 09:00:00,269.51758
2019-12-20 12:00:00,270.07422
2019-12-20 15:00:00,270.0066
2019-12-20 18:00:00,271.1178
2019-12-20 21:00:00,271.92975
2019-12-21 00:00:00,272.70203
2019-12-21 03:00:00,272.75098
2019-12-21 06:00:00,273.55908
2019-12-21 09:00:00,273.94165
2019-12-21 12:00:00,274.54138
2019-12-21 15:00:00,276.37683
2019-12-21 18:00:00,280.61212
2019-12-21 21:00:00,285.0318
2019-12-22 00:00:00,291.354
2019-12-22 03:00:00,298.11725
2019-12-22 06:00:00,301.39594
2019-12-22 09:00:00,301.44434
2019-12-22 12:00:00,300.30988
2019-12-22 15:00:00,298.9796
2019-12-22 18:00:00,297.8139
2019-12-22 21:00:00,296.88898
2019-12-23 00:00:00,296.23883
2019-12-23 03:00:00,295.83893
2019-12-23 06:00:00,295.59546
2019-12-23 09:00:00,295.44147
2019-12-23 12:00:00,295.29742
2019-12-23 15:00:00,295.30902
2019-12-23 18:00:00,295.57275
2019-12-23 21:00:00,296.24225
2019-12-24 00:00:00,297.0559
2019-12-24 03:00:00,297.89148
2019-12-24 06:00:00,298.67975
2019-12-24 09:00:00,299.20453
2019-12-24 12:00:00,299.34692
2019-12-24 15:00:00,299.0739
2019-12-24 18:00:00,298.2243
2019-12-24 21:00:00,297.71887
2019-12-25 00:00:00,297.3282
2019-12-25 03:00:00,297.8614
2019-12-25 06:00:00,297.81158
2019-12-25 09:00:00,297.23145
2019-12-25 12:00:00,297.0271
2019-12-25 15:00:00,296.65698
2019-12-25 18:00:00,296.47705
2019-12-25 21:00:00,295.69788
2019-12-26 00:00:00,293.94556
2019-12-26 03:00:00,291.42188
2019-12-26 06:00:00,289.51257
2019-12-26 09:00:00,288.81348
2019-12-26 12:00:00,289.74158
2019-12-26 15:00:00,291.49695
2019-12-26 18:00:00,292.38855
2019-12-26 21:00:00,293.78284
2019-12-27 00:00:00,295.6499
2019-12-27 03:00:00,298.4118
2019-12-27 06:00:00,301.03766
2019-12-27 09:00:00,302.25824
2019-12-27 12:00:00,302.85535
2019-12-27 15:00:00,303.0647
2019-12-27 18:00:00,302.7672
2019-12-27 21:00:00,302.3125
2019-12-28 00:00:00,301.61023
2019-12-28 03:00:00,300.12134
2019-12-28 06:00:00,298.32043
2019-12-28 09:00:00,296.91626
2019-12-28 12:00:00,295.8146
2019-12-28 15:00:00,294.92935
2019-12-28 18:00:00,294.41412
2019-12-28 21:00:00,294.1363
2019-12-29 00:00:00,293.7718
2019-12-29 03:00:00,293.1745
2019-12-29 06:00:00,292.41446
2019-12-29 09:00:00,291.2369
2019-12-29 12:00:00,288.64334
2019-12-29 15:00:00,286.4408
2019-12-29 18:00:00,286.04834
2019-12-29 21:00:00,286.30487
2019-12-30 00:00:00,286.46912
2019-12-30 03:00:00,286.47668
2019-12-30 06:00:00,286.51007
2019-12-30 09:00:00,286.3772
2019-12-30 12:00:00,285.94653
2019-12-30 15:00:00,285.10382
2019-12-30 18:00:00,284.1609
2019-12-30 21:00:00,283.4967
2019-12-31 00:00:00,283.79022
2019-12-31 03:00:00,283.75977
2019-12-31 06:00:00,284.00873
2019-12-31 09:00:00,284.45398
2019-12-31 12:00:00,285.36804
2019-12-31 15:00:00,286.43158
2019-12-31 18:00:00,287.54327
2019-12-31 21:00:00,288.93915
2020-01-01 00:00:00,290.75793
2020-01-01 03:00:00,293.3526
2020-01-01 06:00:00,296.6411
2020-01-01 09:00:00,300.04144
2020-01-01 12:00:00,302.9621
2020-01-01 15:00:00,305.24243
2020-01-01 18:00:00,306.75806
2020-01-01 21:00:00,307.52368
2020-01-02 00:00:00,307.5526
2020-01-02 03:00:00,306.9104
2020-01-02 06:00:00,306.00793
2020-01-02 09:00:00,304.33008
2020-01-02 12:00:00,301.86804
2020-01-02 15:00:00,298.7611
2020-01-02 18:00:00,295.99304
2020-01-02 21:00:00,293.64868
2020-01-03 00:00:00,292.50024
2020-01-03 03:00:00,292.03314
2020-01-03 06:00:00,291.76025
2020-01-03 09:00:00,291.661
2020-01-03 12:00:00,291.95343
2020-01-03 15:00:00,292.7666
2020-01-03 18:00:00,293.99
2020-01-03 21:00:00,295.59406
2020-01-04 00:00:00,296.7279
2020-01-04 03:00:00,298.11908
2020-01-04 06:00:00,300.59912
2020-01-04 09:00:00,304.04858
2020-01-04 12:00:00,306.09485
2020-01-04 15:00:00,308.21283
2020-01-04 18:00:00,311.54114
2020-01-04 21:00:00,315.38318
2020-01-05 00:00:00,318.48938
2020-01-05 03:00:00,320.39886
2020-01-05 06:00:00,321.61444
2020-01-05 09:00:00,322.34988
2020-01-05 12:00:00,323.0636
2020-01-05 15:00:00,323.49524
2020-01-05 18:00:00,323.78363
2020-01-05 21:00:00,324.0011
2020-01-06 00:00:00,324.06372
2020-01-06 03:00:00,324.19116
2020-01-06 06:00:00,324.56274
2020-01-06 09:00:00,324.15735
2020-01-06 12:00:00,323.56982
2020-01-06 15:00:00,323.04224
2020-01-06 18:00:00,327.06262
2020-01-06 21:00:00,330.03223
2020-01-07 00:00:00,326.71313
2020-01-07 03:00:00,323.85657
2020-01-07 06:00:00,325.04834
2020-01-07 09:00:00,319.47803
2020-01-07 12:00:00,314.86792
2020-01-07 15:00:00,310.83752
2020-01-07 18:00:00,314.6881
2020-01-07 21:00:00,314.16858
2020-01-08 00:00:00,309.8933
2020-01-08 03:00:00,308.98718
2020-01-08 06:00:00,307.22852
2020-01-08 09:00:00,308.00806
2020-01-08 12:00:00,306.6515
2020-01-08 15:00:00,305.19232
2020-01-08 18:00:00,306.1563
2020-01-08 21:00:00,306.56104
2020-01-09 00:00:00,305.38995
2020-01-09 03:00:00,303.51245
2020-01-09 06:00:00,302.25293
2020-01-09 09:00:00,301.3744
2020-01-09 12:00:00,301.2757
2020-01-09 15:00:00,301.8529
2020-01-09 18:00:00,303.28198
2020-01-09 21:00:00,305.47086
2020-01-10 00:00:00,309.71368
2020-01-10 03:00:00,311.7072
2020-01-10 06:00:00,315.0053
2020-01-10 09:00:00,318.98346
2020-01-10 12:00:00,320.049
2020-01-10 15:00:00,319.35956
2020-01-10 18:00:00,318.03394
2020-01-10 21:00:00,316.93726
2020-01-11 00:00:00,316.0102
2020-01-11 03:00:00,315.73474
2020-01-11 06:00:00,315.71368
2020-01-11 09:00:00,316.22485
2020-01-11 12:00:00,315.43896
2020-01-11 15:00:00,313.4933
2020-01-11 18:00:00,312.19836
2020-01-11 21:00:00,311.3377
2020-01-12 00:00:00,310.28308
2020-01-12 03:00:00,308.69208
2020-01-12 06:00:00,306.85742
2020-01-12 09:00:00,305.19885
2020-01-12 12:00:00,303.8374
2020-01-12 15:00:00,302.70428
2020-01-12 18:00:00,301.71326
2020-01-12 21:00:00,300.71912
2020-01-13 00:00:00,299.77594
2020-01-13 03:00:00,299.10577
2020-01-13 06:00:00,298.81403
2020-01-13 09:00:00,298.8786
2020-01-13 12:00:00,299.1057
2020-01-13 15:00:00,299.48578
2020-01-13 18:00:00,299.8476
2020-01-13 21:00:00,300.0501
2020-01-14 00:00:00,299.94196
2020-01-14 03:00:00,299.6582
2020-01-14 06:00:00,299.50342
2020-01-14 09:00:00,300.26038
2020-01-14 12:00:00,299.91663
2020-01-14 15:00:00,297.76776
2020-01-14 18:00:00,295.995
2020-01-14 21:00:00,292.00476
2020-01-15 00:00:00,284.2002
2020-01-15 03:00:00,281.4485
2020-01-15 06:00:00,283.12085
2020-01-15 09:00:00,285.50952
2020-01-15 12:00:00,288.2688
2020-01-15 15:00:00,290.0785
2020-01-15 18:00:00,291.54846
2020-01-15 21:00:00,292.3723
2020-01-16 00:00:00,292.75232
2020-01-16 03:00:00,292.29785
2020-01-16 06:00:00,292.1609
2020-01-16 09:00:00,290.26294
2020-01-16 12:00:00,286.1892
2020-01-16 15:00:00,279.57886
2020-01-16 18:00:00,275.81445
2020-01-16 21:00:00,278.1565
2020-01-17 00:00:00,284.43774
2020-01-17 03:00:00,288.13818
2020-01-17 06:00:00,290.5664
2020-01-17 09:00:00,292.57068
2020-01-17 12:00:00,294.2345
2020-01-17 15:00:00,295.57825
2020-01-17 18:00:00,296.6156
2020-01-17 21:00:00,297.31482
2020-01-18 00:00:00,297.50476
2020-01-18 03:00:00,295.61597
2020-01-18 06:00:00,288.10303
2020-01-18 09:00:00,281.4768
2020-01-18 12:00:00,282.8396
2020-01-18 15:00:00,287.34045
2020-01-18 18:00:00,290.82568
2020-01-18 21:00:00,294.4964
2020-01-19 00:00:00,302.5824
2020-01-19 03:00:00,312.57947
2020-01-19 06:00:00,319.02563
2020-01-19 09:00:00,322.0849
2020-01-19 12:00:00,323.51575
2020-01-19 15:00:00,324.56604
2020-01-19 18:00:00,328.67307
2020-01-19 21:00:00,334.95312
2020-01-20 00:00:00,347.93835
2020-01-20 03:00:00,355.36823
2020-01-20 06:00:00,358.79868
2020-01-20 09:00:00,1.0396395
2020-01-20 12:00:00,3.7178793
2020-01-20 15:00:00,3.362937
2020-01-20 18:00:00,2.78166
2020-01-20 21:00:00,0.94474936
2020-01-21 00:00:00,350.3158
2020-01-21 03:00:00,349.91138
2020-01-21 06:00:00,346.1902
2020-01-21 09:00:00,342.12866
2020-01-21 12:00:00,326.83606
2020-01-21 15:00:00,318.72687
2020-01-21 18:00:00,317.41718
2020-01-21 21:00:00,316.74628
2020-01-22 00:00:00,315.5373
2020-01-22 03:00:00,318.17108
2020-01-22 06:00:00,317.23444
2020-01-22 09:00:00,317.5758
2020-01-22 12:00:00,317.82715
2020-01-22 15:00:00,316.94104
2020-01-22 18:00:00,316.5411
2020-01-22 21:00:00,315.82162
2020-01-23 00:00:00,315.35297
2020-01-23 03:00:00,314.97284
2020-01-23 06:00:00,314.951
2020-01-23 09:00:00,314.7912
2020-01-23 12:00:00,313.94598
2020-01-23 15:00:00,310.34497
2020-01-23 18:00:00,308.23514
2020-01-23 21:00:00,307.01733
2020-01-24 00:00:00,304.56348
2020-01-24 03:00:00,300.72095
2020-01-24 06:00:00,297.18604
2020-01-24 09:00:00,293.688
2020-01-24 12:00:00,280.65845
2020-01-24 15:00:00,276.9015
2020-01-24 18:00:00,277.5559
2020-01-24 21:00:00,275.34735
2020-01-25 00:00:00,270.5711
2020-01-25 03:00:00,265.7348
2020-01-25 06:00:00,263.68036
2020-01-25 09:00:00,263.65726
2020-01-25 12:00:00,264.65674
2020-01-25 15:00:00,273.0108
2020-01-25 18:00:00,291.03076
2020-01-25 21:00:00,291.60474
2020-01-26 00:00:00,290.57935
2020-01-26 03:00:00,292.13452
2020-01-26 06:00:00,294.8224
2020-01-26 09:00:00,297.3131
2020-01-26 12:00:00,298.82117
2020-01-26 15:00:00,299.58643
2020-01-26 18:00:00,300.1582
2020-01-26 21:00:00,300.36987
2020-01-27 00:00:00,300.09546
2020-01-27 03:00:00,299.2954
2020-01-27 06:00:00,297.1797
2020-01-27 09:00:00,293.10767
2020-01-27 12:00:00,288.79712
2020-01-27 15:00:00,290.13635
2020-01-27 18:00:00,294.235
2020-01-27 21:00:00,297.68054
2020-01-28 00:00:00,300.09485
2020-01-28 03:00:00,302.76135
2020-01-28 06:00:00,305.3991
2020-01-28 09:00:00,307.5039
2020-01-28 12:00:00,309.25098
2020-01-28 15:00:00,311.28387
2020-01-28 18:00:00,313.36542
2020-01-28 21:00:00,315.02496
2020-01-29 00:00:00,316.28174
2020-01-29 03:00:00,317.31458
2020-01-29 06:00:00,318.22803
2020-01-29 09:00:00,318.9848
2020-01-29 12:00:00,319.36743
2020-01-29 15:00:00,319.307
2020-01-29 18:00:00,318.65778
2020-01-29 21:00:00,317.47772
2020-01-30 00:00:00,315.89636
2020-01-30 03:00:00,314.1582
2020-01-30 06:00:00,312.2915
2020-01-30 09:00:00,310.14856
2020-01-30 12:00:00,307.4702
2020-01-30 15:00:00,304.57837
2020-01-30 18:00:00,302.43848
2020-01-30 21:00:00,300.96387
2020-01-31 00:00:00,299.79028
2020-01-31 03:00:00,298.78455
2020-01-31 06:00:00,297.81335
2020-01-31 09:00:00,296.73706
2020-01-31 12:00:00,294.79956
2020-01-31 15:00:00,292.64233
2020-01-31 18:00:00,291.20337
2020-01-31 21:00:00,290.03345
2020-02-01 00:00:00,287.99268
2020-02-01 03:00:00,285.74463
2020-02-01 06:00:00,284.40637
2020-02-01 09:00:00,284.6527
2020-02-01 12:00:00,286.8308
2020-02-01 15:00:00,289.62152
2020-02-01 18:00:00,292.04706
2020-02-01 21:00:00,293.61194
2020-02-02 00:00:00,294.29706
2020-02-02 03:00:00,294.28943
2020-02-02 06:00:00,293.8864
2020-02-02 09:00:00,293.19598
2020-02-02 12:00:00,292.3449
2020-02-02 15:00:00,291.62054
2020-02-02 18:00:00,291.21362
2020-02-02 21:00:00,291.17474
2020-02-03 00:00:00,291.24744
2020-02-03 03:00:00,291.37262
2020-02-03 06:00:00,291.45154
2020-02-03 09:00:00,291.5315
2020-02-03 12:00:00,291.69427
2020-02-03 15:00:00,291.8745
2020-02-03 18:00:00,291.95526
2020-02-03 21:00:00,291.8203
2020-02-04 00:00:00,291.44678
2020-02-04 03:00:00,290.95734
2020-02-04 06:00:00,290.39124
2020-02-04 09:00:00,290.16547
2020-02-04 12:00:00,289.69885
2020-02-04 15:00:00,289.78284
2020-02-04 18:00:00,290.99146
2020-02-04 21:00:00,291.94592
2020-02-05 00:00:00,292.67236
2020-02-05 03:00:00,293.6894
2020-02-05 06:00:00,295.46204
2020-02-05 09:00:00,297.08783
2020-02-05 12:00:00,298.9961
2020-02-05 15:00:00,300.83606
2020-02-05 18:00:00,302.32758
2020-02-05 21:00:00,301.4005
2020-02-06 00:00:00,300.43762
2020-02-06 03:00:00,301.87524
2020-02-06 06:00:00,303.71143
2020-02-06 09:00:00,295.45422
2020-02-06 12:00:00,270.36865
2020-02-06 15:00:00,282.3457
2020-02-06 18:00:00,290.79517
2020-02-06 21:00:00,293.0315
2020-02-07 00:00:00,292.4784
2020-02-07 03:00:00,290.98767
2020-02-07 06:00:00,289.32068
2020-02-07 09:00:00,287.79712
2020-02-07 12:00:00,286.47754
2020-02-07 15:00:00,285.6253
2020-02-07 18:00:00,284.62976
2020-02-07 21:00:00,283.66296
2020-02-08 00:00:00,282.89478
2020-02-08 03:00:00,282.12738
2020-02-08 06:00:00,281.52496
2020-02-08 09:00:00,281.40057
2020-02-08 12:00:00,282.02917
2020-02-08 15:00:00,284.1929
2020-02-08 18:00:00,288.57275
2020-02-08 21:00:00,294.09744
2020-02-09 00:00:00,296.6858
2020-02-09 03:00:00,297.98572
2020-02-09 06:00:00,298.99377
2020-02-09 09:00:00,299.5503
2020-02-09 12:00:00,300.3349
2020-02-09 15:00:00,301.63922
2020-02-09 18:00:00,303.66956
2020-02-09 21:00:00,305.65497
2020-02-10 00:00:00,306.8557
2020-02-10 03:00:00,307.58807
2020-02-10 06:00:00,308.018
2020-02-10 09:00:00,308.35925
2020-02-10 12:00:00,308.90643
2020-02-10 15:00:00,310.45456
2020-02-10 18:00:00,312.1904
2020-02-10 21:00:00,313.7036
2020-02-11 00:00:00,313.6654
2020-02-11 03:00:00,312.40558
2020-02-11 06:00:00,311.23645
2020-02-11 09:00:00,310.53986
2020-02-11 12:00:00,310.22296
2020-02-11 15:00:00,310.487
2020-02-11 18:00:00,311.2702
2020-02-11 21:00:00,312.22067
2020-02-12 00:00:00,313.23004
2020-02-12 03:00:00,314.09546
2020-02-12 06:00:00,314.68933
2020-02-12 09:00:00,315.0174
2020-02-12 12:00:00,315.1651
2020-02-12 15:00:00,315.23352
2020-02-12 18:00:00,315.21204
2020-02-12 21:00:00,315.1809
2020-02-13 00:00:00,315.188
2020-02-13 03:00:00,315.21204
2020-02-13 06:00:00,315.19818
2020-02-13 09:00:00,315.05646
2020-02-13 12:00:00,314.72565
2020-02-13 15:00:00,314.15735
2020-02-13 18:00:00,313.54797
2020-02-13 21:00:00,313.362
2020-02-14 00:00:00,314.4544
2020-02-14 03:00:00,316.54
2020-02-14 06:00:00,317.92593
2020-02-14 09:00:00,318.1643
2020-02-14 12:00:00,317.54498
2020-02-14 15:00:00,316.53644
2020-02-14 18:00:00,315.67615
2020-02-14 21:00:00,314.67633
2020-02-15 00:00:00,312.84497
2020-02-15 03:00:00,310.45428
2020-02-15 06:00:00,308.40588
2020-02-15 09:00:00,307.08136
2020-02-15 12:00:00,306.14853
2020-02-15 15:00:00,305.306
2020-02-15 18:00:00,304.52798
2020-02-15 21:00:00,303.82263
2020-02-16 00:00:00,303.25018
2020-02-16 03:00:00,302.95276
2020-02-16 06:00:00,303.05347
2020-02-16 09:00:00,303.4796
2020-02-16 12:00:00,303.88342
2020-02-16 15:00:00,303.93115
2020-02-16 18:00:00,303.59454
2020-02-16 21:00:00,303.15118
2020-02-17 00:00:00,302.96045
2020-02-17 03:00:00,303.32947
2020-02-17 06:00:00,304.0963
2020-02-17 09:00:00,304.94073
2020-02-17 12:00:00,305.97748
2020-02-17 15:00:00,307.68347
2020-02-17 18:00:00,309.9702
2020-02-17 21:00:00,312.7797
2020-02-18 00:00:00,314.8925
2020-02-18 03:00:00,316.3019
2020-02-18 06:00:00,317.4419
2020-02-18 09:00:00,318.54218
2020-02-18 12:00:00,318.53217
2020-02-18 15:00:00,318.59125
2020-02-18 18:00:00,320.09637
2020-02-18 21:00:00,321.90836
2020-02-19 00:00:00,321.75934
2020-02-19 03:00:00,321.219
2020-02-19 06:00:00,320.26227
2020-02-19 09:00:00,319.47296
2020-02-19 12:00:00,318.51337
2020-02-19 15:00:00,316.9417
2020-02-19 18:00:00,315.89276
2020-02-19 21:00:00,315.22162
2020-02-20 00:00:00,314.74652
2020-02-20 03:00:00,314.30487
2020-02-20 06:00:00,313.97302
2020-02-20 09:00:00,313.64203
2020-02-20 12:00:00,313.2249
2020-02-20 15:00:00,313.1809
2020-02-20 18:00:00,314.00214
2020-02-20 21:00:00,314.18195
2020-02-21 00:00:00,314.30914
2020-02-21 03:00:00,313.7645
2020-02-21 06:00:00,313.64862
2020-02-21 09:00:00,314.3134
2020-02-21 12:00:00,311.86255
2020-02-21 15:00:00,310.3896
2020-02-21 18:00:00,310.57465
2020-02-21 21:00:00,311.85562
2020-02-22 00:00:00,313.57843
2020-02-22 03:00:00,315.1876
2020-02-22 06:00:00,316.41138
2020-02-22 09:00:00,317.18793
2020-02-22 12:00:00,317.4535
2020-02-22 15:00:00,317.22437
2020-02-22 18:00:00,316.6902
2020-02-22 21:00:00,316.02222
2020-02-23 00:00:00,315.3946
2020-02-23 03:00:00,314.2602
2020-02-23 06:00:00,313.2907
2020-02-23 09:00:00,312.89935
2020-02-23 12:00:00,312.84448
2020-02-23 15:00:00,313.19852
2020-02-23 18:00:00,313.76715
2020-02-23 21:00:00,314.27695
2020-02-24 00:00:00,314.5515
2020-02-24 03:00:00,314.59033
2020-02-24 06:00:00,314.4843
2020-02-24 09:00:00,314.31952
2020-02-24 12:00:00,314.02063
2020-02-24 15:00:00,313.73407
2020-02-24 18:00:00,313.62958
2020-02-24 21:00:00,313.48956
2020-02-25 00:00:00,315.14395
2020-02-25 03:00:00,314.5197
2020-02-25 06:00:00,315.84076
2020-02-25 09:00:00,316.0943
2020-02-25 12:00:00,313.41626
2020-02-25 15:00:00,311.1593
2020-02-25 18:00:00,308.58948
2020-02-25 21:00:00,306.39667
2020-02-26 00:00:00,309.29095
2020-02-26 03:00:00,313.57843
2020-02-26 06:00:00,315.1582
2020-02-26 09:00:00,319.89368
2020-02-26 12:00:00,317.48462
2020-02-26 15:00:00,317.9402
2020-02-26 18:00:00,320.44727
2020-02-26 21:00:00,324.70837
2020-02-27 00:00:00,327.06665
2020-02-27 03:00:00,327.91064
2020-02-27 06:00:00,327.7599
2020-02-27 09:00:00,328.0244
2020-02-27 12:00:00,326.2428
2020-02-27 15:00:00,325.354
2020-02-27 18:00:00,325.27002
2020-02-27 21:00:00,324.55566
2020-02-28 00:00:00,323.52765
2020-02-28 03:00:00,323.25256
2020-02-28 06:00:00,322.49915
2020-02-28 09:00:00,321.88574
2020-02-28 12:00:00,321.26044
2020-02-28 15:00:00,320.38745
2020-02-28 18:00:00,319.62445
2020-02-28 21:00:00,318.53333
2020-02-29 00:00:00,316.25488
2020-02-29 03:00:00,313.3152
2020-02-29 06:00:00,308.2578
2020-02-29 09:00:00,298.917
2020-02-29 12:00:00,286.36438
2020-02-29 15:00:00,290.53015
2020-02-29 18:00:00,296.39215
2020-02-29 21:00:00,299.75995
2020-03-01 00:00:00,301.61853
2020-03-01 03:00:00,302.66602
2020-03-01 06:00:00,303.33936
2020-03-01 09:00:00,304.31592
2020-03-01 12:00:00,306.0935
2020-03-01 15:00:00,307.80518
2020-03-01 18:00:00,309.8872
2020-03-01 21:00:00,310.1892
2020-03-02 00:00:00,307.75293
2020-03-02 03:00:00,303.96313
2020-03-02 06:00:00,304.4646
2020-03-02 09:00:00,308.21143
2020-03-02 12:00:00,310.50818
2020-03-02 15:00:00,311.38293
2020-03-02 18:00:00,311.81458
2020-03-02 21:00:00,311.9298
2020-03-03 00:00:00,311.72998
2020-03-03 03:00:00,311.2516
2020-03-03 06:00:00,310.37634
2020-03-03 09:00:00,309.48193
2020-03-03 12:00:00,308.82434
2020-03-03 15:00:00,308.28406
2020-03-03 18:00:00,308.3756
2020-03-03 21:00:00,308.92395
2020-03-04 00:00:00,309.8573
2020-03-04 03:00:00,311.10254
2020-03-04 06:00:00,312.2719
2020-03-04 09:00:00,313.0511
2020-03-04 12:00:00,313.2973
2020-03-04 15:00:00,313.15112
2020-03-04 18:00:00,312.68042
2020-03-04 21:00:00,312.011
2020-03-05 00:00:00,311.03345
2020-03-05 03:00:00,309.16736
2020-03-05 06:00:00,306.2224
2020-03-05 09:00:00,306.65112
2020-03-05 12:00:00,308.97522
2020-03-05 15:00:00,310.47656
2020-03-05 18:00:00,312.37634
2020-03-05 21:00:00,313.51636
2020-03-06 00:00:00,313.2345
2020-03-06 03:00:00,312.66064
2020-03-06 06:00:00,311.92224
2020-03-06 09:00:00,315.77094
2020-03-06 12:00:00,314.8615
2020-03-06 15:00:00,315.8188
2020-03-06 18:00:00,317.9696
2020-03-06 21:00:00,322.83856
2020-03-07 00:00:00,322.51233
2020-03-07 03:00:00,322.75037
2020-03-07 06:00:00,322.70496
2020-03-07 09:00:00,322.56305
2020-03-07 12:00:00,321.16577
2020-03-07 15:00:00,319.16455
2020-03-07 18:00:00,318.12207
2020-03-07 21:00:00,318.00012
2020-03-08 00:00:00,317.47705
2020-03-08 03:00:00,317.60547
2020-03-08 06:00:00,317.00073
2020-03-08 09:00:00,316.65698
2020-03-08 12:00:00,314.4923
2020-03-08 15:00:00,312.3484
2020-03-08 18:00:00,312.59448
2020-03-08 21:00:00,312.32874
2020-03-09 00:00:00,310.011
2020-03-09 03:00:00,307.42053
2020-03-09 06:00:00,306.58813
2020-03-09 09:00:00,307.6128
2020-03-09 12:00:00,307.1316
2020-03-09 15:00:00,307.62555
2020-03-09 18:00:00,308.6078
2020-03-09 21:00:00,310.0246
2020-03-10 00:00:00,310.79236
2020-03-10 03:00:00,311.0805
2020-03-10 06:00:00,311.34393
2020-03-10 09:00:00,310.58868
2020-03-10 12:00:00,309.7516
2020-03-10 15:00:00,308.8615
2020-03-10 18:00:00,308.9254
2020-03-10 21:00:00,309.2441
2020-03-11 00:00:00,309.8458
2020-03-11 03:00:00,310.16
2020-03-11 06:00:00,309.87067
2020-03-11 09:00:00,308.8482
2020-03-11 12:00:00,307.40228
2020-03-11 15:00:00,306.0263
2020-03-11 18:00:00,304.96106
2020-03-11 21:00:00,304.17297
2020-03-12 00:00:00,303.8709
2020-03-12 03:00:00,303.94574
2020-03-12 06:00:00,304.07056
2020-03-12 09:00:00,304.4787
2020-03-12 12:00:00,305.46915
2020-03-12 15:00:00,306.55658
2020-03-12 18:00:00,308.2979
2020-03-12 21:00:00,312.4782
2020-03-13 00:00:00,315.21466
2020-03-13 03:00:00,316.28925
2020-03-13 06:00:00,317.06512
2020-03-13 09:00:00,316.49304
2020-03-13 12:00:00,315.6095
2020-03-13 15:00:00,316.65854
2020-03-13 18:00:00,318.2512
2020-03-13 21:00:00,319.15698
2020-03-14 00:00:00,320.0634
2020-03-14 03:00:00,320.4064
2020-03-14 06:00:00,319.91428
2020-03-14 09:00:00,319.7356
2020-03-14 12:00:00,319.67444
2020-03-14 15:00:00,319.6173
2020-03-14 18:00:00,319.5863
2020-03-14 21:00:00,319.52698
2020-03-15 00:00:00,319.43884
2020-03-15 03:00:00,319.34418
2020-03-15 06:00:00,319.18066
2020-03-15 09:00:00,319.58383
2020-03-15 12:00:00,320.4159
2020-03-15 15:00:00,321.4734
2020-03-15 18:00:00,324.7843
2020-03-15 21:00:00,329.83655
2020-03-16 00:00:00,332.68054
2020-03-16 03:00:00,329.31482
2020-03-16 06:00:00,327.67798
2020-03-16 09:00:00,328.2849
2020-03-16 12:00:00,325.688
2020-03-16 15:00:00,325.91208
2020-03-16 18:00:00,327.76788
2020-03-16 21:00:00,329.32074
2020-03-17 00:00:00,328.50174
2020-03-17 03:00:00,327.2551
2020-03-17 06:00:00,327.732
2020-03-17 09:00:00,331.14816
2020-03-17 12:00:00,334.28198
2020-03-17 15:00:00,341.5564
2020-03-17 18:00:00,355.85962
2020-03-17 21:00:00,338.6985
2020-03-18 00:00:00,333.40204
2020-03-18 03:00:00,335.5802
2020-03-18 06:00:00,334.74548
2020-03-18 09:00:00,333.16815
2020-03-18 12:00:00,326.7251
2020-03-18 15:00:00,321.0786
2020-03-18 18:00:00,319.78522
2020-03-18 21:00:00,318.61127
2020-03-19 00:00:00,318.17426
2020-03-19 03:00:00,318.83826
2020-03-19 06:00:00,319.60315
2020-03-19 09:00:00,319.95483
2020-03-19 12:00:00,319.83765
2020-03-19 15:00:00,319.69165
2020-03-19 18:00:00,319.72223
2020-03-19 21:00:00,320.29028
2020-03-20 00:00:00,320.19568
2020-03-20 03:00:00,319.98633
2020-03-20 06:00:00,319.86365
2020-03-20 09:00:00,319.5572
2020-03-20 12:00:00,318.8443
2020-03-20 15:00:00,317.883
2020-03-20 18:00:00,316.40527
2020-03-20 21:00:00,315.17633
2020-03-21 00:00:00,314.06354
2020-03-21 03:00:00,312.0398
2020-03-21 06:00:00,308.96228
2020-03-21 09:00:00,306.78375
2020-03-21 12:00:00,304.901
2020-03-21 15:00:00,303.77563
2020-03-21 18:00:00,302.56604
2020-03-21 21:00:00,301.66333
2020-03-22 00:00:00,300.735
2020-03-22 03:00:00,300.68365
2020-03-22 06:00:00,301.58942
2020-03-22 09:00:00,303.28668
2020-03-22 12:00:00,304.3109
2020-03-22 15:00:00,305.23395
2020-03-22 18:00:00,309.2904
2020-03-22 21:00:00,312.2069
2020-03-23 00:00:00,309.00195
2020-03-23 03:00:00,307.26807
2020-03-23 06:00:00,306.96667
2020-03-23 09:00:00,309.20526
2020-03-23 12:00:00,311.64136
2020-03-23 15:00:00,313.2635
2020-03-23 18:00:00,315.66223
2020-03-23 21:00:00,317.6116
2020-03-24 00:00:00,318.94617
2020-03-24 03:00:00,319.8103
2020-03-24 06:00:00,322.5205
2020-03-24 09:00:00,326.0113
2020-03-24 12:00:00,324.2744
2020-03-24 15:00:00,322.55487
2020-03-24 18:00:00,321.47656
2020-03-24 21:00:00,319.3615
2020-03-25 00:00:00,317.6
2020-03-25 03:00:00,316.6259
2020-03-25 06:00:00,315.7007
2020-03-25 09:00:00,314.73724
2020-03-25 12:00:00,313.95312
2020-03-25 15:00:00,313.22208
2020-03-25 18:00:00,312.8474
2020-03-25 21:00:00,313.16132
2020-03-26 00:00:00,313.87057
2020-03-26 03:00:00,314.71155
2020-03-26 06:00:00,315.34668
2020-03-26 09:00:00,315.1296
2020-03-26 12:00:00,314.27887
2020-03-26 15:00:00,313.95343
2020-03-26 18:00:00,314.05615
2020-03-26 21:00:00,314.42273
2020-03-27 00:00:00,314.73187
2020-03-27 03:00:00,314.83188
2020-03-27 06:00:00,315.92764
2020-03-27 09:00:00,316.93335
2020-03-27 12:00:00,317.1887
2020-03-27 15:00:00,317.55573
2020-03-27 18:00:00,318.2563
2020-03-27 21:00:00,318.72498
2020-03-28 00:00:00,319.3401
2020-03-28 03:00:00,319.29456
2020-03-28 06:00:00,318.9878
2020-03-28 09:00:00,318.94073
2020-03-28 12:00:00,318.76636
2020-03-28 15:00:00,318.15985
2020-03-28 18:00:00,317.42566
2020-03-28 21:00:00,316.17328
2020-03-29 00:00:00,314.45837
2020-03-29 03:00:00,312.73303
2020-03-29 06:00:00,310.98602
2020-03-29 09:00:00,309.28564
2020-03-29 12:00:00,307.35297
2020-03-29 15:00:00,305.80682
2020-03-29 18:00:00,304.6817
2020-03-29 21:00:00,303.8022
2020-03-30 00:00:00,302.9889
2020-03-30 03:00:00,301.87805
2020-03-30 06:00:00,300.43933
2020-03-30 09:00:00,298.45068
2020-03-30 12:00:00,295.52368
2020-03-30 15:00:00,285.39258
2020-03-30 18:00:00,265.25378
2020-03-30 21:00:00,275.16553
2020-03-31 00:00:00,282.7815
2020-03-31 03:00:00,287.03528
2020-03-31 06:00:00,291.6516
2020-03-31 09:00:00,299.0249
2020-03-31 12:00:00,305.96912
2020-03-31 15:00:00,304.84534
2020-03-31 18:00:00,302.354
2020-03-31 21:00:00,299.84888
2020-04-01 00:00:00,296.7268
2020-04-01 03:00:00,290.86914
2020-04-01 06:00:00,287.69873
2020-04-01 09:00:00,282.9214
2020-04-01 12:00:00,267.4944
2020-04-01 15:00:00,265.31006
2020-04-01 18:00:00,271.2755
2020-04-01 21:00:00,277.11182
2020-04-02 00:00:00,281.98633
2020-04-02 03:00:00,288.45447
2020-04-02 06:00:00,304.4159
2020-04-02 09:00:00,315.40173
2020-04-02 12:00:00,314.51282
2020-04-02 15:00:00,314.66455
2020-04-02 18:00:00,315.33777
2020-04-02 21:00:00,316.0558
2020-04-03 00:00:00,316.82306
2020-04-03 03:00:00,317.75122
2020-04-03 06:00:00,318.60938
2020-04-03 09:00:00,318.9093
2020-04-03 12:00:00,318.02795
2020-04-03 15:00:00,315.68604
2020-04-03 18:00:00,312.93115
2020-04-03 21:00:00,311.28027
2020-04-04 00:00:00,311.75122
2020-04-04 03:00:00,309.60474
2020-04-04 06:00:00,172.20622
2020-04-04 09:00:00,145.66414
2020-04-04 12:00:00,152.17482
2020-04-04 15:00:00,170.39383
2020-04-04 18:00:00,213.76578
2020-04-04 21:00:00,239.84227
2020-04-05 00:00:00,234.02136
2020-04-05 03:00:00,223.14256
2020-04-05 06:00:00,225.58081
2020-04-05 09:00:00,228.98863
2020-04-05 12:00:00,229.67343
2020-04-05 15:00:00,237.9385
2020-04-05 18:00:00,249.37106
2020-04-05 21:00:00,255.75003
2020-04-06 00:00:00,259.3203
2020-04-06 03:00:00,261.62555
2020-04-06 06:00:00,263.21222
2020-04-06 09:00:00,264.26025
2020-04-06 12:00:00,263.93555
2020-04-06 15:00:00,264.99304
2020-04-06 18:00:00,268.98596
2020-04-06 21:00:00,275.4552
2020-04-07 00:00:00,281.4275
2020-04-07 03:00:00,286.8402
2020-04-07 06:00:00,291.1819
2020-04-07 09:00:00,294.37598
2020-04-07 12:00:00,296.89905
2020-04-07 15:00:00,298.958
2020-04-07 18:00:00,300.73462
2020-04-07 21:00:00,302.24243
2020-04-08 00:00:00,303.41296
2020-04-08 03:00:00,304.55115
2020-04-08 06:00:00,305.4309
2020-04-08 09:00:00,306.16797
2020-04-08 12:00:00,306.92212
2020-04-08 15:00:00,307.33032
2020-04-08 18:00:00,307.70532
2020-04-08 21:00:00,307.9701
2020-04-09 00:00:00,307.70337
2020-04-09 03:00:00,306.58997
2020-04-09 06:00:00,304.55713
2020-04-09 09:00:00,301.72778
2020-04-09 12:00:00,298.75
2020-04-09 15:00:00,294.73315
2020-04-09 18:00:00,292.30786
2020-04-09 21:00:00,291.18286
2020-04-10 00:00:00,289.93958
2020-04-10 03:00:00,288.7124
2020-04-10 06:00:00,287.72852
2020-04-10 09:00:00,287.07825
2020-04-10 12:00:00,286.90942
2020-04-10 15:00:00,286.99377
2020-04-10 18:00:00,287.3307
2020-04-10 21:00:00,288.71484
2020-04-11 00:00:00,289.71497
2020-04-11 03:00:00,290.16516
2020-04-11 06:00:00,294.61047
2020-04-11 09:00:00,298.0475
2020-04-11 12:00:00,294.53613
2020-04-11 15:00:00,296.10168
2020-04-11 18:00:00,302.85962
2020-04-11 21:00:00,306.135
2020-04-12 00:00:00,306.12573
2020-04-12 03:00:00,307.9226
2020-04-12 06:00:00,313.1953
2020-04-12 09:00:00,311.17078
2020-04-12 12:00:00,308.51562
2020-04-12 15:00:00,309.18707
2020-04-12 18:00:00,311.88318
2020-04-12 21:00:00,316.35947
2020-04-13 00:00:00,318.83105
2020-04-13 03:00:00,317.15112
2020-04-13 06:00:00,314.86987
2020-04-13 09:00:00,312.89014
2020-04-13 12:00:00,311.5667
2020-04-13 15:00:00,312.04352
2020-04-13 18:00:00,312.57202
2020-04-13 21:00:00,312.82062
2020-04-14 00:00:00,313.8615
2020-04-14 03:00:00,315.6075
2020-04-14 06:00:00,317.003
2020-04-14 09:00:00,317.64075
2020-04-14 12:00:00,317.65875
2020-04-14 15:00:00,308.22675
2020-04-14 18:00:00,282.67395
2020-04-14 21:00:00,278.5913
2020-04-15 00:00:00,275.71875
2020-04-15 03:00:00,257.23157
2020-04-15 06:00:00,227.37708
2020-04-15 09:00:00,235.86151
2020-04-15 12:00:00,242.6135
2020-04-15 15:00:00,245.02547
2020-04-15 18:00:00,247.38332
2020-04-15 21:00:00,249.85582
2020-04-16 00:00:00,243.62189
2020-04-16 03:00:00,233.26074
2020-04-16 06:00:00,231.75821
2020-04-16 09:00:00,235.50996
2020-04-16 12:00:00,244.2735
2020-04-16 15:00:00,248.38222
2020-04-16 18:00:00,254.73682
2020-04-16 21:00:00,261.07086
2020-04-17 00:00:00,263.14893
2020-04-17 03:00:00,265.31567
2020-04-17 06:00:00,269.0244
2020-04-17 09:00:00,271.98035
2020-04-17 12:00:00,274.0315
2020-04-17 15:00:00,275.4386
2020-04-17 18:00:00,276.41736
2020-04-17 21:00:00,277.07068
2020-04-18 00:00:00,277.422
2020-04-18 03:00:00,277.54016
2020-04-18 06:00:00,277.68628
2020-04-18 09:00:00,278.2256
2020-04-18 12:00:00,278.3755
2020-04-18 15:00:00,280.0642
2020-04-18 18:00:00,282.50024
2020-04-18 21:00:00,289.83252
2020-04-19 00:00:00,294.55542
2020-04-19 03:00:00,301.91907
2020-04-19 06:00:00,302.97705
2020-04-19 09:00:00,302.85986
2020-04-19 12:00:00,303.1654
2020-04-19 15:00:00,303.90137
2020-04-19 18:00:00,305.93042
2020-04-19 21:00:00,305.8285
2020-04-20 00:00:00,303.36987
2020-04-20 03:00:00,298.4723
2020-04-20 06:00:00,295.53784
2020-04-20 09:00:00,285.68835
2020-04-20 12:00:00,260.97174
2020-04-20 15:00:00,270.2127
2020-04-20 18:00:00,271.2716
2020-04-20 21:00:00,275.8982
2020-04-21 00:00:00,278.79675
2020-04-21 03:00:00,279.81622
2020-04-21 06:00:00,286.9796
2020-04-21 09:00:00,291.54358
2020-04-21 12:00:00,292.77087
2020-04-21 15:00:00,294.1187
2020-04-21 18:00:00,295.83044
2020-04-21 21:00:00,297.6587
2020-04-22 00:00:00,300.04114
2020-04-22 03:00:00,301.48572
2020-04-22 06:00:00,302.97662
2020-04-22 09:00:00,304.42487
2020-04-22 12:00:00,304.813
2020-04-22 15:00:00,306.70905
2020-04-22 18:00:00,309.66528
2020-04-22 21:00:00,312.96185
2020-04-23 00:00:00,312.2296
2020-04-23 03:00:00,309.16516
2020-04-23 06:00:00,307.00488
2020-04-23 09:00:00,304.8152
2020-04-23 12:00:00,303.07874
2020-04-23 15:00:00,301.62524
2020-04-23 18:00:00,301.32446
2020-04-23 21:00:00,300.6753
2020-04-24 00:00:00,300.09662
2020-04-24 03:00:00,299.77014
2020-04-24 06:00:00,300.05804
2020-04-24 09:00:00,300.83798
2020-04-24 12:00:00,301.40308
2020-04-24 15:00:00,301.87732
2020-04-24 18:00:00,303.3907
2020-04-24 21:00:00,307.04163
2020-04-25 00:00:00,308.5473
2020-04-25 03:00:00,309.016
2020-04-25 06:00:00,309.17322
2020-04-25 09:00:00,308.7434
2020-04-25 12:00:00,304.7572
2020-04-25 15:00:00,301.8985
2020-04-25 18:00:00,300.82965
2020-04-25 21:00:00,300.2917
2020-04-26 00:00:00,299.8083
2020-04-26 03:00:00,298.63434
2020-04-26 06:00:00,297.82135
2020-04-26 09:00:00,297.32068
2020-04-26 12:00:00,297.0899
2020-04-26 15:00:00,297.06488
2020-04-26 18:00:00,297.3051
2020-04-26 21:00:00,297.71875
2020-04-27 00:00:00,298.1872
2020-04-27 03:00:00,298.6399
2020-04-27 06:00:00,298.72723
2020-04-27 09:00:00,298.2328
2020-04-27 12:00:00,297.48642
2020-04-27 15:00:00,296.8678
2020-04-27 18:00:00,297.1019
2020-04-27 21:00:00,298.07874
2020-04-28 00:00:00,298.88348
2020-04-28 03:00:00,299.46118
2020-04-28 06:00:00,299.9406
2020-04-28 09:00:00,300.23615
2020-04-28 12:00:00,300.1808
2020-04-28 15:00:00,300.0655
2020-04-28 18:00:00,300.54175
2020-04-28 21:00:00,300.6861
2020-04-29 00:00:00,300.16565
2020-04-29 03:00:00,299.26868
2020-04-29 06:00:00,297.01587
2020-04-29 09:00:00,293.21948
2020-04-29 12:00:00,286.3623
2020-04-29 15:00:00,284.4386
2020-04-29 18:00:00,286.78357
2020-04-29 21:00:00,285.70197
2020-04-30 00:00:00,281.34033
2020-04-30 03:00:00,288.94403
2020-04-30 06:00:00,294.90704
2020-04-30 09:00:00,299.84088
2020-04-30 12:00:00,303.49323
2020-04-30 15:00:00,305.86078
2020-04-30 18:00:00,307.61133
2020-04-30 21:00:00,309.37823
2020-05-01 00:00:00,310.8637
2020-05-01 03:00:00,311.6955
2020-05-01 06:00:00,311.87518
2020-05-01 09:00:00,311.5246
2020-05-01 12:00:00,310.80505
2020-05-01 15:00:00,309.93542
2020-05-01 18:00:00,308.95416
2020-05-01 21:00:00,307.8841
2020-05-02 00:00:00,306.8073
2020-05-02 03:00:00,305.7141
2020-05-02 06:00:00,304.787
2020-05-02 09:00:00,303.78394
2020-05-02 12:00:00,302.51685
2020-05-02 15:00:00,301.16895
2020-05-02 18:00:00,300.14185
2020-05-02 21:00:00,299.96106
2020-05-03 00:00:00,298.70276
2020-05-03 03:00:00,296.04785
2020-05-03 06:00:00,292.9486
2020-05-03 09:00:00,289.62805
2020-05-03 12:00:00,285.9259
2020-05-03 15:00:00,279.46356
2020-05-03 18:00:00,273.06403
2020-05-03 21:00:00,273.51917
2020-05-04 00:00:00,275.03186
2020-05-04 03:00:00,274.633
2020-05-04 06:00:00,272.8888
2020-05-04 09:00:00,266.64282
2020-05-04 12:00:00,260.7677
2020-05-04 15:00:00,260.02393
2020-05-04 18:00:00,261.76294
2020-05-04 21:00:00,263.4713
2020-05-05 00:00:00,264.21216
2020-05-05 03:00:00,264.07007
2020-05-05 06:00:00,263.41516
2020-05-05 09:00:00,262.67004
2020-05-05 12:00:00,262.06665
2020-05-05 15:00:00,262.0089
2020-05-05 18:00:00,262.91418
2020-05-05 21:00:00,264.11963
2020-05-06 00:00:00,265.25085
2020-05-06 03:00:00,266.32184
2020-05-06 06:00:00,267.32965
2020-05-06 09:00:00,268.06323
2020-05-06 12:00:00,269.14246
2020-05-06 15:00:00,273.53027
2020-05-06 18:00:00,281.80737
2020-05-06 21:00:00,290.80322
2020-05-07 00:00:00,294.61853
2020-05-07 03:00:00,298.36157
2020-05-07 06:00:00,306.99573
2020-05-07 09:00:00,305.4995
2020-05-07 12:00:00,301.04785
2020-05-07 15:00:00,299.95044
2020-05-07 18:00:00,302.61774
2020-05-07 21:00:00,303.20068
2020-05-08 00:00:00,300.44043
2020-05-08 03:00:00,300.1742
2020-05-08 06:00:00,300.00427
2020-05-08 09:00:00,299.02393
2020-05-08 12:00:00,297.29773
2020-05-08 15:00:00,296.16162
2020-05-08 18:00:00,295.55603
2020-05-08 21:00:00,294.27405
2020-05-09 00:00:00,292.46924
2020-05-09 03:00:00,289.3883
2020-05-09 06:00:00,283.354
2020-05-09 09:00:00,263.48956
2020-05-09 12:00:00,258.38544
2020-05-09 15:00:00,269.93237
2020-05-09 18:00:00,273.95642
2020-05-09 21:00:00,275.79565
2020-05-10 00:00:00,274.72327
2020-05-10 03:00:00,274.06
2020-05-10 06:00:00,279.56262
2020-05-10 09:00:00,282.39606
2020-05-10 12:00:00,283.1999
2020-05-10 15:00:00,282.73273
2020-05-10 18:00:00,282.70752
2020-05-10 21:00:00,282.0475
2020-05-11 00:00:00,267.51416
2020-05-11 03:00:00,268.40112
2020-05-11 06:00:00,269.61072
2020-05-11 09:00:00,273.7666
2020-05-11 12:00:00,276.6996
2020-05-11 15:00:00,279.11682
2020-05-11 18:00:00,281.08643
2020-05-11 21:00:00,282.3346
2020-05-12 00:00:00,283.06482
2020-05-12 03:00:00,283.50195
2020-05-12 06:00:00,283.8058
2020-05-12 09:00:00,284.05267
2020-05-12 12:00:00,284.3451
2020-05-12 15:00:00,284.69397
2020-05-12 18:00:00,285.67365
2020-05-12 21:00:00,286.25037
2020-05-13 00:00:00,285.79626
2020-05-13 03:00:00,283.93127
2020-05-13 06:00:00,282.51025
2020-05-13 09:00:00,280.3181
2020-05-13 12:00:00,281.06323
2020-05-13 15:00:00,277.6217
2020-05-13 18:00:00,274.79797
2020-05-13 21:00:00,270.12552
2020-05-14 00:00:00,270.29385
2020-05-14 03:00:00,270.71838
2020-05-14 06:00:00,271.24237
2020-05-14 09:00:00,272.3014
2020-05-14 12:00:00,273.41565
2020-05-14 15:00:00,274.3777
2020-05-14 18:00:00,275.71967
2020-05-14 21:00:00,277.14743
2020-05-15 00:00:00,278.17975
2020-05-15 03:00:00,279.80832
2020-05-15 06:00:00,282.75842
2020-05-15 09:00:00,289.70502
2020-05-15 12:00:00,293.6059
2020-05-15 15:00:00,297.87
2020-05-15 18:00:00,305.02536
2020-05-15 21:00:00,312.62518
2020-05-16 00:00:00,312.63538
2020-05-16 03:00:00,312.4154
2020-05-16 06:00:00,312.7622
2020-05-16 09:00:00,313.92322
2020-05-16 12:00:00,315.16144
2020-05-16 15:00:00,316.15796
2020-05-16 18:00:00,316.65808
2020-05-16 21:00:00,316.79205
2020-05-17 00:00:00,316.10272
2020-05-17 03:00:00,314.87634
2020-05-17 06:00:00,313.48425
2020-05-17 09:00:00,312.05737
2020-05-17 12:00:00,311.18115
2020-05-17 15:00:00,311.62616
2020-05-17 18:00:00,315.02704
2020-05-17 21:00:00,320.30002
2020-05-18 00:00:00,320.12842
2020-05-18 03:00:00,318.74255
2020-05-18 06:00:00,317.31592
2020-05-18 09:00:00,314.927
2020-05-18 12:00:00,312.3678
2020-05-18 15:00:00,312.5005
2020-05-18 18:00:00,316.4712
2020-05-18 21:00:00,319.63702
2020-05-19 00:00:00,320.39963
2020-05-19 03:00:00,317.07013
2020-05-19 06:00:00,316.74353
2020-05-19 09:00:00,315.17517
2020-05-19 12:00:00,311.57983
2020-05-19 15:00:00,311.3728
2020-05-19 18:00:00,312.65417
2020-05-19 21:00:00,313.45328
2020-05-20 00:00:00,313.85413
2020-05-20 03:00:00,316.1183
2020-05-20 06:00:00,314.2256
2020-05-20 09:00:00,310.82153
2020-05-20 12:00:00,309.73547
2020-05-20 15:00:00,310.11865
2020-05-20 18:00:00,314.67853
2020-05-20 21:00:00,314.28723
2020-05-21 00:00:00,312.58997
2020-05-21 03:00:00,309.56982
2020-05-21 06:00:00,308.66138
2020-05-21 09:00:00,307.84485
2020-05-21 12:00:00,304.92627
2020-05-21 15:00:00,305.60205
2020-05-21 18:00:00,308.8011
2020-05-21 21:00:00,311.9889
2020-05-22 00:00:00,311.28278
2020-05-22 03:00:00,316.23132
2020-05-22 06:00:00,326.08813
2020-05-22 09:00:00,327.18823
2020-05-22 12:00:00,319.7246
2020-05-22 15:00:00,316.0708
2020-05-22 18:00:00,314.5796
2020-05-22 21:00:00,317.8219
2020-05-23 00:00:00,318.4038
2020-05-23 03:00:00,315.04114
2020-05-23 06:00:00,314.33057
2020-05-23 09:00:00,313.56348
2020-05-23 12:00:00,313.30847
2020-05-23 15:00:00,314.83337
2020-05-23 18:00:00,318.62488
2020-05-23 21:00:00,322.3695
2020-05-24 00:00:00,321.35754
2020-05-24 03:00:00,321.28925
2020-05-24 06:00:00,322.3368
2020-05-24 09:00:00,320.47577
2020-05-24 12:00:00,319.0313
2020-05-24 15:00:00,319.04602
2020-05-24 18:00:00,319.22443
2020-05-24 21:00:00,319.73093
2020-05-25 00:00:00,320.2846
2020-05-25 03:00:00,319.93176
2020-05-25 06:00:00,319.6255
2020-05-25 09:00:00,319.03375
2020-05-25 12:00:00,318.3393
2020-05-25 15:00:00,317.97302
2020-05-25 18:00:00,319.03357
2020-05-25 21:00:00,319.79013
2020-05-26 00:00:00,319.34314
2020-05-26 03:00:00,318.24573
2020-05-26 06:00:00,317.50812
2020-05-26 09:00:00,317.1031
2020-05-26 12:00:00,316.93262
2020-05-26 15:00:00,316.2375
2020-05-26 18:00:00,315.00592
2020-05-26 21:00:00,313.47485
2020-05-27 00:00:00,311.90216
2020-05-27 03:00:00,310.48834
2020-05-27 06:00:00,309.4397
2020-05-27 09:00:00,308.6718
2020-05-27 12:00:00,308.12537
2020-05-27 15:00:00,307.64417
2020-05-27 18:00:00,307.26804
2020-05-27 21:00:00,307.3811
2020-05-28 00:00:00,307.60468
2020-05-28 03:00:00,307.59308
2020-05-28 06:00:00,307.4499
2020-05-28 09:00:00,307.30493
2020-05-28 12:00:00,307.12708
2020-05-28 15:00:00,306.51697
2020-05-28 18:00:00,306.67035
2020-05-28 21:00:00,307.41064
2020-05-29 00:00:00,308.40356
2020-05-29 03:00:00,309.15643
2020-05-29 06:00:00,309.65857
2020-05-29 09:00:00,309.7207
2020-05-29 12:00:00,308.80072
2020-05-29 15:00:00,308.21472
2020-05-29 18:00:00,309.54993
2020-05-29 21:00:00,311.0725
2020-05-30 00:00:00,313.32904
2020-05-30 03:00:00,315.72632
2020-05-30 06:00:00,317.42798
2020-05-30 09:00:00,318.13428
2020-05-30 12:00:00,317.674
2020-05-30 15:00:00,316.9618
2020-05-30 18:00:00,317.18127
2020-05-30 21:00:00,317.737
2020-05-31 00:00:00,317.2884
2020-05-31 03:00:00,316.43518
2020-05-31 06:00:00,315.39807
2020-05-31 09:00:00,314.32202
2020-05-31 12:00:00,313.2591
2020-05-31 15:00:00,312.35297
2020-05-31 18:00:00,311.2732
2020-05-31 21:00:00,310.64514
2020-06-01 00:00:00,310.19788
2020-06-01 03:00:00,309.8485
2020-06-01 06:00:00,309.34253
2020-06-01 09:00:00,308.88696
2020-06-01 12:00:00,308.5423
2020-06-01 15:00:00,308.2279
2020-06-01 18:00:00,308.3377
2020-06-01 21:00:00,308.49377
2020-06-02 00:00:00,308.77686
2020-06-02 03:00:00,308.8872
2020-06-02 06:00:00,309.0337
2020-06-02 09:00:00,308.40643
2020-06-02 12:00:00,307.26752
2020-06-02 15:00:00,305.97766
2020-06-02 18:00:00,304.6256
2020-06-02 21:00:00,301.57312
2020-06-03 00:00:00,296.5359
2020-06-03 03:00:00,290.26624
2020-06-03 06:00:00,284.49268
2020-06-03 09:00:00,279.6289
2020-06-03 12:00:00,273.2605
2020-06-03 15:00:00,266.92334
2020-06-03 18:00:00,264.57007
2020-06-03 21:00:00,263.96436
2020-06-04 00:00:00,262.11902
2020-06-04 03:00:00,259.33633
2020-06-04 06:00:00,255.57031
2020-06-04 09:00:00,252.1567
2020-06-04 12:00:00,249.91844
2020-06-04 15:00:00,248.73453
2020-06-04 18:00:00,253.26578
2020-06-04 21:00:00,270.12305
2020-06-05 00:00:00,297.41663
2020-06-05 03:00:00,299.2904
2020-06-05 06:00:00,297.13452
2020-06-05 09:00:00,295.8252
2020-06-05 12:00:00,291.71155
2020-06-05 15:00:00,292.2025
2020-06-05 18:00:00,295.21948
2020-06-05 21:00:00,300.68884
2020-06-06 00:00:00,309.13464
2020-06-06 03:00:00,315.5254
2020-06-06 06:00:00,316.30493
2020-06-06 09:00:00,316.95874
2020-06-06 12:00:00,312.6089
2020-06-06 15:00:00,313.94678
2020-06-06 18:00:00,325.3059
2020-06-06 21:00:00,330.69678
2020-06-07 00:00:00,331.13306
2020-06-07 03:00:00,330.9768
2020-06-07 06:00:00,329.48108
2020-06-07 09:00:00,327.50378
2020-06-07 12:00:00,324.79688
2020-06-07 15:00:00,320.10632
2020-06-07 18:00:00,323.03503
2020-06-07 21:00:00,331.80145
2020-06-08 00:00:00,334.60297
2020-06-08 03:00:00,334.2071
2020-06-08 06:00:00,333.09454
2020-06-08 09:00:00,333.4024
2020-06-08 12:00:00,330.69348
2020-06-08 15:00:00,329.92206
2020-06-08 18:00:00,329.61743
2020-06-08 21:00:00,331.28925
2020-06-09 00:00:00,333.99292
2020-06-09 03:00:00,333.2661
2020-06-09 06:00:00,332.79303
2020-06-09 09:00:00,332.02155
2020-06-09 12:00:00,329.64856
2020-06-09 15:00:00,328.82556
2020-06-09 18:00:00,329.68268
2020-06-09 21:00:00,330.85144
2020-06-10 00:00:00,332.59924
2020-06-10 03:00:00,333.75745
2020-06-10 06:00:00,332.7981
2020-06-10 09:00:00,330.31433
2020-06-10 12:00:00,326.04578
2020-06-10 15:00:00,322.39526
2020-06-10 18:00:00,323.55872
2020-06-10 21:00:00,328.01605
2020-06-11 00:00:00,329.4452
2020-06-11 03:00:00,330.04773
2020-06-11 06:00:00,327.67236
2020-06-11 09:00:00,323.49316
2020-06-11 12:00:00,312.70337
2020-06-11 15:00:00,301.94006
2020-06-11 18:00:00,301.78217
2020-06-11 21:00:00,306.04736
2020-06-12 00:00:00,311.12204
2020-06-12 03:00:00,314.0459
2020-06-12 06:00:00,317.628
2020-06-12 09:00:00,320.55646
2020-06-12 12:00:00,322.35718
2020-06-12 15:00:00,323.45697
2020-06-12 18:00:00,324.5874
2020-06-12 21:00:00,326.1767
2020-06-13 00:00:00,327.14642
2020-06-13 03:00:00,327.46295
2020-06-13 06:00:00,327.42188
2020-06-13 09:00:00,327.1266
2020-06-13 12:00:00,326.4579
2020-06-13 15:00:00,325.4568
2020-06-13 18:00:00,324.48596
2020-06-13 21:00:00,323.53162
2020-06-14 00:00:00,322.49854
2020-06-14 03:00:00,321.30054
2020-06-14 06:00:00,320.2423
2020-06-14 09:00:00,319.4143
2020-06-14 12:00:00,317.7174
2020-06-14 15:00:00,315.8225
2020-06-14 18:00:00,315.47168
2020-06-14 21:00:00,315.85583
2020-06-15 00:00:00,315.451
2020-06-15 03:00:00,314.73694
2020-06-15 06:00:00,314.2049
2020-06-15 09:00:00,313.76868
2020-06-15 12:00:00,313.299
2020-06-15 15:00:00,312.722
2020-06-15 18:00:00,312.49994
2020-06-15 21:00:00,313.47943
2020-06-16 00:00:00,314.35004
2020-06-16 03:00:00,314.3872
2020-06-16 06:00:00,313.75995
2020-06-16 09:00:00,311.9226
2020-06-16 12:00:00,308.2433
2020-06-16 15:00:00,305.7256
2020-06-16 18:00:00,305.57507
2020-06-16 21:00:00,307.78882
2020-06-17 00:00:00,308.7981
2020-06-17 03:00:00,308.26392
2020-06-17 06:00:00,307.44348
2020-06-17 09:00:00,305.45557
2020-06-17 12:00:00,303.0918
2020-06-17 15:00:00,303.14136
2020-06-17 18:00:00,307.104
2020-06-17 21:00:00,313.61047
2020-06-18 00:00:00,322.04626
2020-06-18 03:00:00,329.58142
2020-06-18 06:00:00,334.49915
2020-06-18 09:00:00,334.9707
2020-06-18 12:00:00,329.45618
2020-06-18 15:00:00,325.48865
2020-06-18 18:00:00,326.33624
2020-06-18 21:00:00,329.48755
2020-06-19 00:00:00,331.76038
2020-06-19 03:00:00,332.23608
2020-06-19 06:00:00,331.25867
2020-06-19 09:00:00,329.93896
2020-06-19 12:00:00,327.21594
2020-06-19 15:00:00,325.82898
2020-06-19 18:00:00,326.79053
2020-06-19 21:00:00,329.86865
2020-06-20 00:00:00,333.39398
2020-06-20 03:00:00,334.8302
2020-06-20 06:00:00,335.63403
2020-06-20 09:00:00,336.4314
2020-06-20 12:00:00,332.35706
2020-06-20 15:00:00,328.56763
2020-06-20 18:00:00,330.36548
2020-06-20 21:00:00,333.7046
2020-06-21 00:00:00,335.97412
2020-06-21 03:00:00,338.02612
2020-06-21 06:00:00,338.52197
2020-06-21 09:00:00,338.33496
2020-06-21 12:00:00,331.83813
2020-06-21 15:00:00,325.9928
2020-06-21 18:00:00,324.19885
2020-06-21 21:00:00,324.4508
2020-06-22 00:00:00,323.91998
2020-06-22 03:00:00,321.49896
2020-06-22 06:00:00,318.71967
2020-06-22 09:00:00,316.94598
2020-06-22 12:00:00,315.71112
2020-06-22 15:00:00,314.87817
2020-06-22 18:00:00,314.6881
2020-06-22 21:00:00,314.93164
2020-06-23 00:00:00,314.75043
2020-06-23 03:00:00,314.14258
2020-06-23 06:00:00,313.76385
2020-06-23 09:00:00,313.5086
2020-06-23 12:00:00,314.20422
2020-06-23 15:00:00,314.71558
2020-06-23 18:00:00,315.58453
2020-06-23 21:00:00,316.37738
2020-06-24 00:00:00,316.717
2020-06-24 03:00:00,319.20795
2020-06-24 06:00:00,320.5629
2020-06-24 09:00:00,320.35236
2020-06-24 12:00:00,319.1142
2020-06-24 15:00:00,320.39685
2020-06-24 18:00:00,319.85565
2020-06-24 21:00:00,320.6892
2020-06-25 00:00:00,320.80273
2020-06-25 03:00:00,321.1834
2020-06-25 06:00:00,322.02936
2020-06-25 09:00:00,322.37573
2020-06-25 12:00:00,320.15955
2020-06-25 15:00:00,318.33215
2020-06-25 18:00:00,317.71887
2020-06-25 21:00:00,319.09674
2020-06-26 00:00:00,319.78424
2020-06-26 03:00:00,318.03455
2020-06-26 06:00:00,316.214
2020-06-26 09:00:00,314.7962
2020-06-26 12:00:00,314.59717
2020-06-26 15:00:00,314.188
2020-06-26 18:00:00,313.47412
2020-06-26 21:00:00,313.2119
2020-06-27 00:00:00,312.32483
2020-06-27 03:00:00,310.62158
2020-06-27 06:00:00,309.40613
2020-06-27 09:00:00,308.2627
2020-06-27 12:00:00,307.78687
2020-06-27 15:00:00,308.1084
2020-06-27 18:00:00,309.29675
2020-06-27 21:00:00,314.10608
2020-06-28 00:00:00,318.6942
2020-06-28 03:00:00,320.26343
2020-06-28 06:00:00,319.7583
2020-06-28 09:00:00,319.7256
2020-06-28 12:00:00,319.4088
2020-06-28 15:00:00,319.628
2020-06-28 18:00:00,322.21222
2020-06-28 21:00:00,326.87152
2020-06-29 00:00:00,329.36176
2020-06-29 03:00:00,329.7401
2020-06-29 06:00:00,329.80713
2020-06-29 09:00:00,328.86017
2020-06-29 12:00:00,325.857
2020-06-29 15:00:00,324.39136
2020-06-29 18:00:00,325.0094
2020-06-29 21:00:00,325.3137
2020-06-30 00:00:00,324.7513
2020-06-30 03:00:00,324.71915
2020-06-30 06:00:00,324.37006
2020-06-30 09:00:00,324.27228
2020-06-30 12:00:00,324.2928
2020-06-30 15:00:00,325.5174
2020-06-30 18:00:00,326.82483
2020-06-30 21:00:00,328.8778
2020-07-01 00:00:00,331.0097
2020-07-01 03:00:00,332.52637
2020-07-01 06:00:00,332.35254
2020-07-01 09:00:00,332.90088
2020-07-01 12:00:00,331.12
2020-07-01 15:00:00,328.2578
2020-07-01 18:00:00,327.64282
2020-07-01 21:00:00,328.82593
2020-07-02 00:00:00,330.66528
2020-07-02 03:00:00,330.94812
2020-07-02 06:00:00,328.93445
2020-07-02 09:00:00,326.47827
2020-07-02 12:00:00,323.7516
2020-07-02 15:00:00,323.83685
2020-07-02 18:00:00,326.5984
2020-07-02 21:00:00,329.536
2020-07-03 00:00:00,330.96674
2020-07-03 03:00:00,333.04095
2020-07-03 06:00:00,333.51685
2020-07-03 09:00:00,332.06274
2020-07-03 12:00:00,328.2744
2020-07-03 15:00:00,327.68103
2020-07-03 18:00:00,328.25122
2020-07-03 21:00:00,329.90164
2020-07-04 00:00:00,329.6964
2020-07-04 03:00:00,329.82803
2020-07-04 06:00:00,329.7893
2020-07-04 09:00:00,328.44577
2020-07-04 12:00:00,326.99805
2020-07-04 15:00:00,326.02628
2020-07-04 18:00:00,326.90897
2020-07-04 21:00:00,329.1067
2020-07-05 00:00:00,329.58777
2020-07-05 03:00:00,327.8425
2020-07-05 06:00:00,326.02075
2020-07-05 09:00:00,324.1073
2020-07-05 12:00:00,322.60913
2020-07-05 15:00:00,321.6338
2020-07-05 18:00:00,321.47876
2020-07-05 21:00:00,321.65814
2020-07-06 00:00:00,321.6411
2020-07-06 03:00:00,321.4392
2020-07-06 06:00:00,321.0865
2020-07-06 09:00:00,320.66083
2020-07-06 12:00:00,320.49463
2020-07-06 15:00:00,320.6302
2020-07-06 18:00:00,320.95886
2020-07-06 21:00:00,320.97455
2020-07-07 00:00:00,320.6505
2020-07-07 03:00:00,320.54828
2020-07-07 06:00:00,320.51996
2020-07-07 09:00:00,320.7032
2020-07-07 12:00:00,320.963
2020-07-07 15:00:00,321.13727
2020-07-07 18:00:00,320.9867
2020-07-07 21:00:00,320.82434
2020-07-08 00:00:00,321.03552
2020-07-08 03:00:00,320.98816
2020-07-08 06:00:00,319.41016
2020-07-08 09:00:00,317.13477
2020-07-08 12:00:00,314.7577
2020-07-08 15:00:00,312.90698
2020-07-08 18:00:00,312.1919
2020-07-08 21:00:00,312.55542
2020-07-09 00:00:00,314.6516
2020-07-09 03:00:00,316.46887
2020-07-09 06:00:00,317.50897
2020-07-09 09:00:00,318.4618
2020-07-09 12:00:00,319.37592
2020-07-09 15:00:00,320.03967
2020-07-09 18:00:00,322.7483
2020-07-09 21:00:00,324.12064
2020-07-10 00:00:00,325.05725
2020-07-10 03:00:00,325.96417
2020-07-10 06:00:00,326.377
2020-07-10 09:00:00,326.12708
2020-07-10 12:00:00,325.65454
2020-07-10 15:00:00,325.35504
2020-07-10 18:00:00,325.67834
2020-07-10 21:00:00,326.81653
2020-07-11 00:00:00,326.27454
2020-07-11 03:00:00,325.03278
2020-07-11 06:00:00,324.1541
2020-07-11 09:00:00,323.62592
2020-07-11 12:00:00,323.75104
2020-07-11 15:00:00,324.15698
2020-07-11 18:00:00,324.726
2020-07-11 21:00:00,325.05957
2020-07-12 00:00:00,324.94714
2020-07-12 03:00:00,324.40942
2020-07-12 06:00:00,323.74426
2020-07-12 09:00:00,322.95593
2020-07-12 12:00:00,322.0714
2020-07-12 15:00:00,321.0343
2020-07-12 18:00:00,320.38855
2020-07-12 21:00:00,320.0017
2020-07-13 00:00:00,320.3507
2020-07-13 03:00:00,319.2069
2020-07-13 06:00:00,317.85608
2020-07-13 09:00:00,316.5575
2020-07-13 12:00:00,315.77356
2020-07-13 15:00:00,315.51257
2020-07-13 18:00:00,318.41452
2020-07-13 21:00:00,323.40652
2020-07-14 00:00:00,324.61774
2020-07-14 03:00:00,325.1589
2020-07-14 06:00:00,326.87274
2020-07-14 09:00:00,328.14923
2020-07-14 12:00:00,328.60162
2020-07-14 15:00:00,329.439
2020-07-14 18:00:00,331.36816
2020-07-14 21:00:00,332.58893
2020-07-15 00:00:00,332.5237
2020-07-15 03:00:00,330.24408
2020-07-15 06:00:00,328.1942
2020-07-15 09:00:00,327.36768
2020-07-15 12:00:00,327.31818
2020-07-15 15:00:00,327.69092
2020-07-15 18:00:00,328.30798
2020-07-15 21:00:00,329.12445
2020-07-16 00:00:00,329.7556
2020-07-16 03:00:00,330.46692
2020-07-16 06:00:00,331.30334
2020-07-16 09:00:00,332.1762
2020-07-16 12:00:00,333.08862
2020-07-16 15:00:00,333.7635
2020-07-16 18:00:00,334.08826
2020-07-16 21:00:00,334.401
2020-07-17 00:00:00,334.48547
2020-07-17 03:00:00,334.50146
2020-07-17 06:00:00,334.60425
2020-07-17 09:00:00,334.70496
2020-07-17 12:00:00,334.00543
2020-07-17 15:00:00,333.16467
2020-07-17 18:00:00,333.5907
2020-07-17 21:00:00,334.19177
2020-07-18 00:00:00,334.22278
2020-07-18 03:00:00,333.37964
2020-07-18 06:00:00,332.13
2020-07-18 09:00:00,330.5907
2020-07-18 12:00:00,327.82263
2020-07-18 15:00:00,323.28442
2020-07-18 18:00:00,321.51782
2020-07-18 21:00:00,319.67224
2020-07-19 00:00:00,318.52112
2020-07-19 03:00:00,318.22412
2020-07-19 06:00:00,318.14783
2020-07-19 09:00:00,317.71472
2020-07-19 12:00:00,318.6908
2020-07-19 15:00:00,318.68933
2020-07-19 18:00:00,321.9922
2020-07-19 21:00:00,325.77686
2020-07-20 00:00:00,328.0603
2020-07-20 03:00:00,330.1057
2020-07-20 06:00:00,329.5166
2020-07-20 09:00:00,331.32715
2020-07-20 12:00:00,331.85992
2020-07-20 15:00:00,332.48044
2020-07-20 18:00:00,331.16852
2020-07-20 21:00:00,330.39142
2020-07-21 00:00:00,332.27448
2020-07-21 03:00:00,333.78232
2020-07-21 06:00:00,332.0178
2020-07-21 09:00:00,331.21942
2020-07-21 12:00:00,329.9005
2020-07-21 15:00:00,328.6181
2020-07-21 18:00:00,327.47467
2020-07-21 21:00:00,326.87048
2020-07-22 00:00:00,326.20325
2020-07-22 03:00:00,325.69507
2020-07-22 06:00:00,325.39197
2020-07-22 09:00:00,325.36157
2020-07-22 12:00:00,325.25153
2020-07-22 15:00:00,324.3778
2020-07-22 18:00:00,324.14868
2020-07-22 21:00:00,324.79895
2020-07-23 00:00:00,325.3911
2020-07-23 03:00:00,324.71155
2020-07-23 06:00:00,324.68274
2020-07-23 09:00:00,324.35327
2020-07-23 12:00:00,322.2141
2020-07-23 15:00:00,320.07874
2020-07-23 18:00:00,320.77502
2020-07-23 21:00:00,324.0345
2020-07-24 00:00:00,326.25998
2020-07-24 03:00:00,330.2958
2020-07-24 06:00:00,333.15674
2020-07-24 09:00:00,333.86023
2020-07-24 12:00:00,330.09503
2020-07-24 15:00:00,329.13348
2020-07-24 18:00:00,330.59442
2020-07-24 21:00:00,332.9654
2020-07-25 00:00:00,334.3396
2020-07-25 03:00:00,334.55066
2020-07-25 06:00:00,333.41614
2020-07-25 09:00:00,332.6494
2020-07-25 12:00:00,330.6875
2020-07-25 15:00:00,330.50433
2020-07-25 18:00:00,331.639
2020-07-25 21:00:00,334.59473
2020-07-26 00:00:00,337.21274
2020-07-26 03:00:00,337.94324
2020-07-26 06:00:00,338.21094
2020-07-26 09:00:00,336.19653
2020-07-26 12:00:00,332.17242
2020-07-26 15:00:00,329.3814
2020-07-26 18:00:00,327.9192
2020-07-26 21:00:00,328.36005
2020-07-27 00:00:00,326.89215
2020-07-27 03:00:00,327.17978
2020-07-27 06:00:00,325.74457
2020-07-27 09:00:00,324.24542
2020-07-27 12:00:00,324.30292
2020-07-27 15:00:00,323.43384
2020-07-27 18:00:00,326.00238
2020-07-27 21:00:00,328.52563
2020-07-28 00:00:00,328.5326
2020-07-28 03:00:00,329.54333
2020-07-28 06:00:00,329.15063
2020-07-28 09:00:00,328.21387
2020-07-28 12:00:00,322.44763
2020-07-28 15:00:00,319.24854
2020-07-28 18:00:00,320.5268
2020-07-28 21:00:00,321.62097
2020-07-29 00:00:00,320.76147
2020-07-29 03:00:00,321.18896
2020-07-29 06:00:00,321.2085
2020-07-29 09:00:00,320.51196
2020-07-29 12:00:00,320.13403
2020-07-29 15:00:00,320.62415
2020-07-29 18:00:00,321.03442
2020-07-29 21:00:00,321.82513
2020-07-30 00:00:00,322.6734
2020-07-30 03:00:00,323.362
2020-07-30 06:00:00,323.9171
2020-07-30 09:00:00,324.34186
2020-07-30 12:00:00,324.16913
2020-07-30 15:00:00,323.15057
2020-07-30 18:00:00,322.30933
2020-07-30 21:00:00,321.7212
2020-07-31 00:00:00,320.79065
2020-07-31 03:00:00,318.71167
2020-07-31 06:00:00,316.66016
2020-07-31 09:00:00,315.67322
2020-07-31 12:00:00,314.6339
2020-07-31 15:00:00,313.65332
2020-07-31 18:00:00,314.69537
2020-07-31 21:00:00,316.99722
2020-08-01 00:00:00,315.94904
2020-08-01 03:00:00,315.32922
2020-08-01 06:00:00,315.06775
2020-08-01 09:00:00,314.39905
2020-08-01 12:00:00,314.97925
2020-08-01 15:00:00,315.18738
2020-08-01 18:00:00,317.08612
2020-08-01 21:00:00,320.39093
2020-08-02 00:00:00,321.49585
2020-08-02 03:00:00,322.1338
2020-08-02 06:00:00,325.63293
2020-08-02 09:00:00,325.36456
2020-08-02 12:00:00,321.52533
2020-08-02 15:00:00,321.3394
2020-08-02 18:00:00,323.2188
2020-08-02 21:00:00,326.98218
2020-08-03 00:00:00,327.07416
2020-08-03 03:00:00,329.43475
2020-08-03 06:00:00,331.16565
2020-08-03 09:00:00,330.74713
2020-08-03 12:00:00,329.05603
2020-08-03 15:00:00,327.7848
2020-08-03 18:00:00,329.43213
2020-08-03 21:00:00,330.51953
2020-08-04 00:00:00,329.6095
2020-08-04 03:00:00,329.81714
2020-08-04 06:00:00,329.61108
2020-08-04 09:00:00,327.50842
2020-08-04 12:00:00,325.43518
2020-08-04 15:00:00,324.78217
2020-08-04 18:00:00,325.66278
2020-08-04 21:00:00,327.15247
2020-08-05 00:00:00,327.0837
2020-08-05 03:00:00,326.9702
2020-08-05 06:00:00,326.90063
2020-08-05 09:00:00,326.88043
2020-08-05 12:00:00,326.80713
2020-08-05 15:00:00,325.97693
2020-08-05 18:00:00,325.58606
2020-08-05 21:00:00,325.6505
2020-08-06 00:00:00,325.43262
2020-08-06 03:00:00,324.71423
2020-08-06 06:00:00,323.39197
2020-08-06 09:00:00,321.24695
2020-08-06 12:00:00,318.81763
2020-08-06 15:00:00,316.34583
2020-08-06 18:00:00,314.86383
2020-08-06 21:00:00,314.6588
2020-08-07 00:00:00,313.15576
2020-08-07 03:00:00,312.20496
2020-08-07 06:00:00,311.38232
2020-08-07 09:00:00,310.62708
2020-08-07 12:00:00,309.77698
2020-08-07 15:00:00,309.30255
2020-08-07 18:00:00,310.38583
2020-08-07 21:00:00,312.19815
2020-08-08 00:00:00,312.87512
2020-08-08 03:00:00,313.92926
2020-08-08 06:00:00,312.3219
2020-08-08 09:00:00,310.79846
2020-08-08 12:00:00,310.3197
2020-08-08 15:00:00,311.0199
2020-08-08 18:00:00,315.48584
2020-08-08 21:00:00,319.81464
2020-08-09 00:00:00,318.5407
2020-08-09 03:00:00,320.0728
2020-08-09 06:00:00,323.73132
2020-08-09 09:00:00,323.2821
2020-08-09 12:00:00,321.13867
2020-08-09 15:00:00,320.2124
2020-08-09 18:00:00,321.34827
2020-08-09 21:00:00,324.4532
2020-08-10 00:00:00,326.25464
2020-08-10 03:00:00,326.9779
2020-08-10 06:00:00,323.5559
2020-08-10 09:00:00,321.51416
2020-08-10 12:00:00,321.41956
2020-08-10 15:00:00,319.2107
2020-08-10 18:00:00,318.33606
2020-08-10 21:00:00,319.23273
2020-08-11 00:00:00,319.16174
2020-08-11 03:00:00,318.9496
2020-08-11 06:00:00,318.6643
2020-08-11 09:00:00,317.4829
2020-08-11 12:00:00,316.10162
2020-08-11 15:00:00,315.97852
2020-08-11 18:00:00,316.42365
2020-08-11 21:00:00,319.5677
2020-08-12 00:00:00,319.0598
2020-08-12 03:00:00,317.83972
2020-08-12 06:00:00,317.07605
2020-08-12 09:00:00,316.6803
2020-08-12 12:00:00,316.43005
2020-08-12 15:00:00,315.93103
2020-08-12 18:00:00,315.9547
2020-08-12 21:00:00,317.5561
2020-08-13 00:00:00,319.30603
2020-08-13 03:00:00,320.98776
2020-08-13 06:00:00,323.51773
2020-08-13 09:00:00,325.15607
2020-08-13 12:00:00,325.32147
2020-08-13 15:00:00,326.922
2020-08-13 18:00:00,328.266
2020-08-13 21:00:00,331.69873
2020-08-14 00:00:00,332.62683
2020-08-14 03:00:00,331.1565
2020-08-14 06:00:00,329.1947
2020-08-14 09:00:00,330.20557
2020-08-14 12:00:00,323.06616
2020-08-14 15:00:00,317.74915
2020-08-14 18:00:00,317.23022
2020-08-14 21:00:00,319.25806
2020-08-15 00:00:00,319.4475
2020-08-15 03:00:00,318.51013
2020-08-15 06:00:00,317.18164
2020-08-15 09:00:00,315.68945
2020-08-15 12:00:00,314.84534
2020-08-15 15:00:00,313.90955
2020-08-15 18:00:00,313.70508
2020-08-15 21:00:00,315.14575
2020-08-16 00:00:00,315.79443
2020-08-16 03:00:00,315.31152
2020-08-16 06:00:00,314.78784
2020-08-16 09:00:00,314.23547
2020-08-16 12:00:00,313.68042
2020-08-16 15:00:00,312.40674
2020-08-16 18:00:00,311.4137
2020-08-16 21:00:00,311.22266
2020-08-17 00:00:00,310.83643
2020-08-17 03:00:00,309.93457
2020-08-17 06:00:00,308.73743
2020-08-17 09:00:00,307.54138
2020-08-17 12:00:00,306.432
2020-08-17 15:00:00,305.0044
2020-08-17 18:00:00,304.31677
2020-08-17 21:00:00,303.96924
2020-08-18 00:00:00,303.17627
2020-08-18 03:00:00,302.16882
2020-08-18 06:00:00,301.14392
2020-08-18 09:00:00,300.31152
2020-08-18 12:00:00,299.80542
2020-08-18 15:00:00,300.09204
2020-08-18 18:00:00,299.09497
2020-08-18 21:00:00,298.53735
2020-08-19 00:00:00,296.73633
2020-08-19 03:00:00,294.99316
2020-08-19 06:00:00,294.0597
2020-08-19 09:00:00,293.52582
2020-08-19 12:00:00,292.81604
2020-08-19 15:00:00,291.81885
2020-08-19 18:00:00,290.68103
2020-08-19 21:00:00,289.3921
2020-08-20 00:00:00,288.06628
2020-08-20 03:00:00,286.81946
2020-08-20 06:00:00,285.92725
2020-08-20 09:00:00,285.22803
2020-08-20 12:00:00,284.28748
2020-08-20 15:00:00,283.50256
2020-08-20 18:00:00,284.16516
2020-08-20 21:00:00,286.84705
2020-08-21 00:00:00,291.489
2020-08-21 03:00:00,296.50763
2020-08-21 06:00:00,300.35437
2020-08-21 09:00:00,302.92303
2020-08-21 12:00:00,304.4035
2020-08-21 15:00:00,305.3329
2020-08-21 18:00:00,306.62384
2020-08-21 21:00:00,307.9712
2020-08-22 00:00:00,308.47668
2020-08-22 03:00:00,308.82825
2020-08-22 06:00:00,309.45398
2020-08-22 09:00:00,310.07977
2020-08-22 12:00:00,310.4394
2020-08-22 15:00:00,312.74475
2020-08-22 18:00:00,315.69714
2020-08-22 21:00:00,319.71957
2020-08-23 00:00:00,323.128
2020-08-23 03:00:00,324.9483
2020-08-23 06:00:00,326.1408
2020-08-23 09:00:00,326.9922
2020-08-23 12:00:00,325.84668
2020-08-23 15:00:00,325.00208
2020-08-23 18:00:00,325.7354
2020-08-23 21:00:00,327.4583
2020-08-24 00:00:00,326.45032
2020-08-24 03:00:00,324.25317
2020-08-24 06:00:00,321.40344
2020-08-24 09:00:00,318.58252
2020-08-24 12:00:00,316.4845
2020-08-24 15:00:00,315.0182
2020-08-24 18:00:00,315.1812
2020-08-24 21:00:00,316.15097
2020-08-25 00:00:00,317.21405
2020-08-25 03:00:00,318.0877
2020-08-25 06:00:00,318.5448
2020-08-25 09:00:00,319.15002
2020-08-25 12:00:00,319.3191
2020-08-25 15:00:00,319.8932
2020-08-25 18:00:00,322.47742
2020-08-25 21:00:00,327.33685
2020-08-26 00:00:00,327.74457
2020-08-26 03:00:00,327.08997
2020-08-26 06:00:00,323.26587
2020-08-26 09:00:00,320.15015
2020-08-26 12:00:00,316.43152
2020-08-26 15:00:00,317.1377
2020-08-26 18:00:00,317.60132
2020-08-26 21:00:00,318.49426
2020-08-27 00:00:00,317.9322
2020-08-27 03:00:00,317.93774
2020-08-27 06:00:00,319.11743
2020-08-27 09:00:00,321.42786
2020-08-27 12:00:00,320.44788
2020-08-27 15:00:00,320.2484
2020-08-27 18:00:00,323.4923
2020-08-27 21:00:00,325.9319
2020-08-28 00:00:00,326.2119
2020-08-28 03:00:00,325.70422
2020-08-28 06:00:00,323.34436
2020-08-28 09:00:00,321.917
2020-08-28 12:00:00,317.6046
2020-08-28 15:00:00,320.50537
2020-08-28 18:00:00,324.68542
2020-08-28 21:00:00,329.4522
2020-08-29 00:00:00,331.89038
2020-08-29 03:00:00,333.59412
2020-08-29 06:00:00,334.4978
2020-08-29 09:00:00,333.82996
2020-08-29 12:00:00,331.32953
2020-08-29 15:00:00,329.19867
2020-08-29 18:00:00,331.45563
2020-08-29 21:00:00,335.1035
2020-08-30 00:00:00,334.80118
2020-08-30 03:00:00,334.5726
2020-08-30 06:00:00,334.1687
2020-08-30 09:00:00,335.19064
2020-08-30 12:00:00,333.72266
2020-08-30 15:00:00,332.3454
2020-08-30 18:00:00,333.11212
2020-08-30 21:00:00,335.4716
2020-08-31 00:00:00,336.2065
2020-08-31 03:00:00,335.7942
2020-08-31 06:00:00,334.67728
2020-08-31 09:00:00,333.68005
2020-08-31 12:00:00,332.61945
2020-08-31 15:00:00,330.8053
2020-08-31 18:00:00,330.55933
2020-08-31 21:00:00,331.5957
2020-09-01 00:00:00,331.44055
2020-09-01 03:00:00,330.36145
2020-09-01 06:00:00,328.39465
2020-09-01 09:00:00,328.2846
2020-09-01 12:00:00,327.56873
2020-09-01 15:00:00,326.5006
2020-09-01 18:00:00,328.46436
2020-09-01 21:00:00,332.69806
2020-09-02 00:00:00,332.86804
2020-09-02 03:00:00,330.16907
2020-09-02 06:00:00,326.01318
2020-09-02 09:00:00,321.6494
2020-09-02 12:00:00,319.47015
2020-09-02 15:00:00,318.7442
2020-09-02 18:00:00,318.77362
2020-09-02 21:00:00,318.94598
2020-09-03 00:00:00,318.91705
2020-09-03 03:00:00,318.56256
2020-09-03 06:00:00,317.94836
2020-09-03 09:00:00,317.25183
2020-09-03 12:00:00,316.6433
2020-09-03 15:00:00,315.84387
2020-09-03 18:00:00,315.2234
2020-09-03 21:00:00,314.7008
2020-09-04 00:00:00,314.24805
2020-09-04 03:00:00,313.69543
2020-09-04 06:00:00,313.14893
2020-09-04 09:00:00,312.54297
2020-09-04 12:00:00,312.3944
2020-09-04 15:00:00,311.69086
2020-09-04 18:00:00,312.06064
2020-09-04 21:00:00,314.1533
2020-09-05 00:00:00,315.4375
2020-09-05 03:00:00,315.2448
2020-09-05 06:00:00,314.9431
2020-09-05 09:00:00,314.75085
2020-09-05 12:00:00,314.83978
2020-09-05 15:00:00,315.29187
2020-09-05 18:00:00,316.8183
2020-09-05 21:00:00,318.68134
2020-09-06 00:00:00,320.75232
2020-09-06 03:00:00,322.66602
2020-09-06 06:00:00,324.3159
2020-09-06 09:00:00,325.75473
2020-09-06 12:00:00,327.13553
2020-09-06 15:00:00,328.35196
2020-09-06 18:00:00,329.43848
2020-09-06 21:00:00,330.41333
2020-09-07 00:00:00,330.9828
2020-09-07 03:00:00,331.40344
2020-09-07 06:00:00,331.79767
2020-09-07 09:00:00,332.26733
2020-09-07 12:00:00,332.79114
2020-09-07 15:00:00,332.8709
2020-09-07 18:00:00,332.53424
2020-09-07 21:00:00,332.43018
2020-09-08 00:00:00,332.42297
2020-09-08 03:00:00,332.34485
2020-09-08 06:00:00,332.18097
2020-09-08 09:00:00,331.8473
2020-09-08 12:00:00,331.48535
2020-09-08 15:00:00,330.50916
2020-09-08 18:00:00,330.22693
2020-09-08 21:00:00,330.33728
2020-09-09 00:00:00,330.31287
2020-09-09 03:00:00,329.97266
2020-09-09 06:00:00,328.68042
2020-09-09 09:00:00,327.19946
2020-09-09 12:00:00,325.70947
2020-09-09 15:00:00,322.2351
2020-09-09 18:00:00,320.6211
2020-09-09 21:00:00,318.85522
2020-09-10 00:00:00,317.31226
2020-09-10 03:00:00,315.7434
2020-09-10 06:00:00,314.43787
2020-09-10 09:00:00,314.052
2020-09-10 12:00:00,312.66638
2020-09-10 15:00:00,312.66577
2020-09-10 18:00:00,312.93567
2020-09-10 21:00:00,313.1997
2020-09-11 00:00:00,314.5287
2020-09-11 03:00:00,315.34424
2020-09-11 06:00:00,317.0174
2020-09-11 09:00:00,318.9964
2020-09-11 12:00:00,320.96716
2020-09-11 15:00:00,321.23737
2020-09-11 18:00:00,322.73462
2020-09-11 21:00:00,323.69794
2020-09-12 00:00:00,324.50623
2020-09-12 03:00:00,324.61932
2020-09-12 06:00:00,324.58746
2020-09-12 09:00:00,324.4737
2020-09-12 12:00:00,324.39233
2020-09-12 15:00:00,323.89423
2020-09-12 18:00:00,324.11902
2020-09-12 21:00:00,324.63385
2020-09-13 00:00:00,325.64825
2020-09-13 03:00:00,326.91223
2020-09-13 06:00:00,327.86078
2020-09-13 09:00:00,327.6018
2020-09-13 12:00:00,326.00635
2020-09-13 15:00:00,326.16736
2020-09-13 18:00:00,326.01752
2020-09-13 21:00:00,325.96844
2020-09-14 00:00:00,325.8598
2020-09-14 03:00:00,325.62067
2020-09-14 06:00:00,325.29395
2020-09-14 09:00:00,324.846
2020-09-14 12:00:00,324.0147
2020-09-14 15:00:00,322.42218
2020-09-14 18:00:00,320.6449
2020-09-14 21:00:00,317.90833
2020-09-15 00:00:00,314.40137
2020-09-15 03:00:00,311.00122
2020-09-15 06:00:00,308.25073
2020-09-15 09:00:00,306.21582
2020-09-15 12:00:00,304.64673
2020-09-15 15:00:00,302.66956
2020-09-15 18:00:00,301.6349
2020-09-15 21:00:00,300.51086
2020-09-16 00:00:00,299.08105
2020-09-16 03:00:00,297.52637
2020-09-16 06:00:00,296.89404
2020-09-16 09:00:00,297.70557
2020-09-16 12:00:00,299.6986
2020-09-16 15:00:00,301.5161
2020-09-16 18:00:00,303.2173
2020-09-16 21:00:00,304.12555
2020-09-17 00:00:00,304.10712
2020-09-17 03:00:00,303.33136
2020-09-17 06:00:00,301.01282
2020-09-17 09:00:00,298.3656
2020-09-17 12:00:00,297.00598
2020-09-17 15:00:00,295.24744
2020-09-17 18:00:00,290.99622
2020-09-17 21:00:00,284.6494
2020-09-18 00:00:00,271.6189
2020-09-18 03:00:00,249.14087
2020-09-18 06:00:00,226.82074
2020-09-18 09:00:00,225.41457
2020-09-18 12:00:00,232.37729
2020-09-18 15:00:00,242.27635
2020-09-18 18:00:00,248.96753
2020-09-18 21:00:00,254.18155
2020-09-19 00:00:00,260.31183
2020-09-19 03:00:00,267.83868
2020-09-19 06:00:00,275.35327
2020-09-19 09:00:00,281.5857
2020-09-19 12:00:00,286.1106
2020-09-19 15:00:00,288.9737
2020-09-19 18:00:00,291.02277
2020-09-19 21:00:00,292.50842
2020-09-20 00:00:00,293.64642
2020-09-20 03:00:00,294.71155
2020-09-20 06:00:00,295.58734
2020-09-20 09:00:00,296.22302
2020-09-20 12:00:00,296.65216
2020-09-20 15:00:00,297.0075
2020-09-20 18:00:00,297.30334
2020-09-20 21:00:00,297.65826
2020-09-21 00:00:00,297.9923
2020-09-21 03:00:00,298.63562
2020-09-21 06:00:00,298.9032
2020-09-21 09:00:00,299.18347
2020-09-21 12:00:00,299.7196
2020-09-21 15:00:00,301.13208
2020-09-21 18:00:00,302.88306
2020-09-21 21:00:00,304.47736
2020-09-22 00:00:00,305.76685
2020-09-22 03:00:00,306.6999
2020-09-22 06:00:00,307.62347
2020-09-22 09:00:00,308.16547
2020-09-22 12:00:00,308.36243
2020-09-22 15:00:00,307.56055
2020-09-22 18:00:00,304.938
2020-09-22 21:00:00,303.01654
2020-09-23 00:00:00,301.56787
2020-09-23 03:00:00,299.6892
2020-09-23 06:00:00,297.91943
2020-09-23 09:00:00,294.9818
2020-09-23 12:00:00,292.4005
2020-09-23 15:00:00,291.5647
2020-09-23 18:00:00,290.50574
2020-09-23 21:00:00,289.23682
2020-09-24 00:00:00,287.71985
2020-09-24 03:00:00,286.09644
2020-09-24 06:00:00,284.79065
2020-09-24 09:00:00,283.9375
2020-09-24 12:00:00,284.09583
2020-09-24 15:00:00,285.58215
2020-09-24 18:00:00,291.4154
2020-09-24 21:00:00,302.6956
2020-09-25 00:00:00,318.96082
2020-09-25 03:00:00,327.25024
2020-09-25 06:00:00,327.88367
2020-09-25 09:00:00,330.11047
2020-09-25 12:00:00,329.88922
2020-09-25 15:00:00,329.70026
2020-09-25 18:00:00,329.1516
2020-09-25 21:00:00,332.06653
2020-09-26 00:00:00,334.7978
2020-09-26 03:00:00,335.17566
2020-09-26 06:00:00,334.80658
2020-09-26 09:00:00,335.1098
2020-09-26 12:00:00,334.12714
2020-09-26 15:00:00,332.7633
2020-09-26 18:00:00,331.84308
2020-09-26 21:00:00,334.39862
2020-09-27 00:00:00,333.60632
2020-09-27 03:00:00,333.1499
2020-09-27 06:00:00,331.3297
2020-09-27 09:00:00,329.97644
2020-09-27 12:00:00,327.36316
2020-09-27 15:00:00,326.27234
2020-09-27 18:00:00,326.67322
2020-09-27 21:00:00,327.93
2020-09-28 00:00:00,327.4021
2020-09-28 03:00:00,326.58728
2020-09-28 06:00:00,325.1725
2020-09-28 09:00:00,324.0047
2020-09-28 12:00:00,322.18073
2020-09-28 15:00:00,321.46948
2020-09-28 18:00:00,321.61957
2020-09-28 21:00:00,321.7893
2020-09-29 00:00:00,320.84937
2020-09-29 03:00:00,320.31348
2020-09-29 06:00:00,320.61188
2020-09-29 09:00:00,320.84723
2020-09-29 12:00:00,320.20575
2020-09-29 15:00:00,319.50854
2020-09-29 18:00:00,319.47186
2020-09-29 21:00:00,321.1099
2020-09-30 00:00:00,321.51282
2020-09-30 03:00:00,320.91565
2020-09-30 06:00:00,322.01077
2020-09-30 09:00:00,322.7307
2020-09-30 12:00:00,320.94275
2020-09-30 15:00:00,320.83667
2020-09-30 18:00:00,321.5025
2020-09-30 21:00:00,324.67212
2020-10-01 00:00:00,324.1576
2020-10-01 03:00:00,322.19714
2020-10-01 06:00:00,318.23828
2020-10-01 09:00:00,315.24536
2020-10-01 12:00:00,313.8955
2020-10-01 15:00:00,313.53912
2020-10-01 18:00:00,313.38342
2020-10-01 21:00:00,313.68042
2020-10-02 00:00:00,312.31482
2020-10-02 03:00:00,309.1516
2020-10-02 06:00:00,304.1482
2020-10-02 09:00:00,303.69702
2020-10-02 12:00:00,308.4306
2020-10-02 15:00:00,314.54736
2020-10-02 18:00:00,318.9057
2020-10-02 21:00:00,321.20428
2020-10-03 00:00:00,321.3817
2020-10-03 03:00:00,321.95648
2020-10-03 06:00:00,323.07043
2020-10-03 09:00:00,323.8499
2020-10-03 12:00:00,324.14862
2020-10-03 15:00:00,324.1103
2020-10-03 18:00:00,323.96234
2020-10-03 21:00:00,323.69904
2020-10-04 00:00:00,323.22766
2020-10-04 03:00:00,322.6277
2020-10-04 06:00:00,321.92444
2020-10-04 09:00:00,320.81274
2020-10-04 12:00:00,320.25958
2020-10-04 15:00:00,322.17657
2020-10-04 18:00:00,323.91492
2020-10-04 21:00:00,327.17114
2020-10-05 00:00:00,325.8556
2020-10-05 03:00:00,325.07758
2020-10-05 06:00:00,325.90277
2020-10-05 09:00:00,326.72278
2020-10-05 12:00:00,327.11005
2020-10-05 15:00:00,327.28455
2020-10-05 18:00:00,327.34387
2020-10-05 21:00:00,327.25232
2020-10-06 00:00:00,326.99927
2020-10-06 03:00:00,326.55664
2020-10-06 06:00:00,326.28925
2020-10-06 09:00:00,326.69543
2020-10-06 12:00:00,326.31256
2020-10-06 15:00:00,325.1886
2020-10-06 18:00:00,326.1574
2020-10-06 21:00:00,328.0523
2020-10-07 00:00:00,327.28094
2020-10-07 03:00:00,328.46527
2020-10-07 06:00:00,329.59583
2020-10-07 09:00:00,329.36884
2020-10-07 12:00:00,327.6817
2020-10-07 15:00:00,326.4828
2020-10-07 18:00:00,325.91553
2020-10-07 21:00:00,326.25662
2020-10-08 00:00:00,326.0624
2020-10-08 03:00:00,325.49872
2020-10-08 06:00:00,325.11017
2020-10-08 09:00:00,324.36407
2020-10-08 12:00:00,323.588
2020-10-08 15:00:00,322.91907
2020-10-08 18:00:00,322.3365
2020-10-08 21:00:00,321.92685
2020-10-09 00:00:00,321.8169
2020-10-09 03:00:00,321.96112
2020-10-09 06:00:00,323.258
2020-10-09 09:00:00,322.86765
2020-10-09 12:00:00,321.96265
2020-10-09 15:00:00,321.89026
2020-10-09 18:00:00,322.06512
2020-10-09 21:00:00,323.59393
2020-10-10 00:00:00,325.7901
2020-10-10 03:00:00,324.85962
2020-10-10 06:00:00,325.8805
2020-10-10 09:00:00,325.79034
2020-10-10 12:00:00,323.83014
2020-10-10 15:00:00,322.91052
2020-10-10 18:00:00,323.84195
2020-10-10 21:00:00,326.7685
2020-10-11 00:00:00,328.0756
2020-10-11 03:00:00,328.75226
2020-10-11 06:00:00,329.74118
2020-10-11 09:00:00,331.51102
2020-10-11 12:00:00,332.50928
2020-10-11 15:00:00,333.36224
2020-10-11 18:00:00,333.94995
2020-10-11 21:00:00,336.38135
2020-10-12 00:00:00,337.77252
2020-10-12 03:00:00,338.36636
2020-10-12 06:00:00,338.56165
2020-10-12 09:00:00,338.41895
2020-10-12 12:00:00,338.24316
2020-10-12 15:00:00,338.30536
2020-10-12 18:00:00,338.6808
2020-10-12 21:00:00,338.8847
2020-10-13 00:00:00,338.41534
2020-10-13 03:00:00,335.58157
2020-10-13 06:00:00,331.39767
2020-10-13 09:00:00,328.71375
2020-10-13 12:00:00,325.31433
2020-10-13 15:00:00,323.04688
2020-10-13 18:00:00,324.57892
2020-10-13 21:00:00,329.92273
2020-10-14 00:00:00,329.88
2020-10-14 03:00:00,331.69568
2020-10-14 06:00:00,331.4162
2020-10-14 09:00:00,331.36194
2020-10-14 12:00:00,327.22766
2020-10-14 15:00:00,323.76672
2020-10-14 18:00:00,325.38605
2020-10-14 21:00:00,329.29926
2020-10-15 00:00:00,329.6963
2020-10-15 03:00:00,331.2826
2020-10-15 06:00:00,331.9328
2020-10-15 09:00:00,331.22308
2020-10-15 12:00:00,328.4334
2020-10-15 15:00:00,326.7165
2020-10-15 18:00:00,327.3145
2020-10-15 21:00:00,332.47815
2020-10-16 00:00:00,333.34137
2020-10-16 03:00:00,332.76556
2020-10-16 06:00:00,331.52545
2020-10-16 09:00:00,330.68573
2020-10-16 12:00:00,329.03442
2020-10-16 15:00:00,327.61975
2020-10-16 18:00:00,326.46008
2020-10-16 21:00:00,326.66907
2020-10-17 00:00:00,325.70068
2020-10-17 03:00:00,323.69873
2020-10-17 06:00:00,321.495
2020-10-17 09:00:00,319.422
2020-10-17 12:00:00,317.51917
2020-10-17 15:00:00,315.01892
2020-10-17 18:00:00,313.09448
2020-10-17 21:00:00,311.77637
2020-10-18 00:00:00,310.9088
2020-10-18 03:00:00,310.7981
2020-10-18 06:00:00,310.63477
2020-10-18 09:00:00,310.7954
2020-10-18 12:00:00,310.64124
2020-10-18 15:00:00,309.68896
2020-10-18 18:00:00,307.49475
2020-10-18 21:00:00,304.89075
2020-10-19 00:00:00,298.78052
2020-10-19 03:00:00,290.37085
2020-10-19 06:00:00,263.8037
2020-10-19 09:00:00,216.70334
2020-10-19 12:00:00,216.72171
2020-10-19 15:00:00,222.30174
2020-10-19 18:00:00,219.64629
2020-10-19 21:00:00,220.71252
2020-10-20 00:00:00,231.00044
2020-10-20 03:00:00,235.09995
2020-10-20 06:00:00,236.18173
2020-10-20 09:00:00,234.28075
2020-10-20 12:00:00,215.90985
2020-10-20 15:00:00,222.44257
2020-10-20 18:00:00,226.9224
2020-10-20 21:00:00,224.61342
2020-10-21 00:00:00,226.36143
2020-10-21 03:00:00,228.98871
2020-10-21 06:00:00,232.42369
2020-10-21 09:00:00,236.8472
2020-10-21 12:00:00,242.21841
2020-10-21 15:00:00,249.80316
2020-10-21 18:00:00,260.52014
2020-10-21 21:00:00,273.7694
2020-10-22 00:00:00,287.6427
2020-10-22 03:00:00,299.55212
2020-10-22 06:00:00,308.07568
2020-10-22 09:00:00,313.40796
2020-10-22 12:00:00,316.5739
2020-10-22 15:00:00,318.26367
2020-10-22 18:00:00,319.0924
2020-10-22 21:00:00,319.4806
2020-10-23 00:00:00,319.46094
2020-10-23 03:00:00,319.18054
2020-10-23 06:00:00,318.8772
2020-10-23 09:00:00,318.44507
2020-10-23 12:00:00,317.81592
2020-10-23 15:00:00,317.12683
2020-10-23 18:00:00,316.50586
2020-10-23 21:00:00,315.87085
2020-10-24 00:00:00,315.29712
2020-10-24 03:00:00,314.69824
2020-10-24 06:00:00,313.9696
2020-10-24 09:00:00,313.51257
2020-10-24 12:00:00,313.9525
2020-10-24 15:00:00,315.54492
2020-10-24 18:00:00,317.02844
2020-10-24 21:00:00,316.7456
2020-10-25 00:00:00,311.8545
2020-10-25 03:00:00,305.53564
2020-10-25 06:00:00,303.3081
2020-10-25 09:00:00,303.63074
2020-10-25 12:00:00,303.0569
2020-10-25 15:00:00,301.04187
2020-10-25 18:00:00,304.14374
2020-10-25 21:00:00,307.15802
2020-10-26 00:00:00,309.68225
2020-10-26 03:00:00,312.211
2020-10-26 06:00:00,314.27362
2020-10-26 09:00:00,315.0489
2020-10-26 12:00:00,315.14282
2020-10-26 15:00:00,315.2874
2020-10-26 18:00:00,315.42297
2020-10-26 21:00:00,315.55823
2020-10-27 00:00:00,315.73822
2020-10-27 03:00:00,316.0025
2020-10-27 06:00:00,316.36603
2020-10-27 09:00:00,316.78558
2020-10-27 12:00:00,317.13318
2020-10-27 15:00:00,317.35504
2020-10-27 18:00:00,317.36603
2020-10-27 21:00:00,316.75195
2020-10-28 00:00:00,315.0995
2020-10-28 03:00:00,312.52856
2020-10-28 06:00:00,309.8651
2020-10-28 09:00:00,307.9239
2020-10-28 12:00:00,307.27435
2020-10-28 15:00:00,308.22015
2020-10-28 18:00:00,310.23218
2020-10-28 21:00:00,312.19034
2020-10-29 00:00:00,313.40793
2020-10-29 03:00:00,314.01282
2020-10-29 06:00:00,314.29413
2020-10-29 09:00:00,314.4193
2020-10-29 12:00:00,314.50476
2020-10-29 15:00:00,314.77356
2020-10-29 18:00:00,315.1104
2020-10-29 21:00:00,315.09283
2020-10-30 00:00:00,315.00934
2020-10-30 03:00:00,314.7674
2020-10-30 06:00:00,314.53235
2020-10-30 09:00:00,314.15686
2020-10-30 12:00:00,313.53943
2020-10-30 15:00:00,312.78748
2020-10-30 18:00:00,311.89532
2020-10-30 21:00:00,310.8672
2020-10-31 00:00:00,309.6848
2020-10-31 03:00:00,308.4225
2020-10-31 06:00:00,307.3133
2020-10-31 09:00:00,306.32312
2020-10-31 12:00:00,304.92407
2020-10-31 15:00:00,303.659
2020-10-31 18:00:00,302.77625
2020-10-31 21:00:00,302.8501
2020-11-01 00:00:00,303.65198
2020-11-01 03:00:00,305.15686
2020-11-01 06:00:00,306.60822
2020-11-01 09:00:00,307.64185
2020-11-01 12:00:00,308.3108
2020-11-01 15:00:00,308.55658
2020-11-01 18:00:00,308.5835
2020-11-01 21:00:00,308.08875
2020-11-02 00:00:00,307.23376
2020-11-02 03:00:00,306.44348
2020-11-02 06:00:00,305.47534
2020-11-02 09:00:00,304.54895
2020-11-02 12:00:00,303.37378
2020-11-02 15:00:00,303.30103
2020-11-02 18:00:00,304.4057
2020-11-02 21:00:00,306.0586
2020-11-03 00:00:00,309.19354
2020-11-03 03:00:00,314.60986
2020-11-03 06:00:00,317.97482
2020-11-03 09:00:00,320.62628
2020-11-03 12:00:00,318.66406
2020-11-03 15:00:00,318.4649
2020-11-03 18:00:00,318.00058
2020-11-03 21:00:00,319.534
2020-11-04 00:00:00,320.72162
2020-11-04 03:00:00,322.62488
2020-11-04 06:00:00,323.77533
2020-11-04 09:00:00,324.85278
2020-11-04 12:00:00,324.93127
2020-11-04 15:00:00,324.14178
2020-11-04 18:00:00,324.46344
2020-11-04 21:00:00,323.04053
2020-11-05 00:00:00,321.2378
2020-11-05 03:00:00,320.08752
2020-11-05 06:00:00,319.59784
2020-11-05 09:00:00,319.5056
2020-11-05 12:00:00,319.98538
2020-11-05 15:00:00,320.82135
2020-11-05 18:00:00,318.31006
2020-11-05 21:00:00,308.4702
2020-11-06 00:00:00,307.61768
2020-11-06 03:00:00,286.88107
2020-11-06 06:00:00,255.08807
2020-11-06 09:00:00,234.46907
2020-11-06 12:00:00,225.90009
2020-11-06 15:00:00,216.66956
2020-11-06 18:00:00,211.99646
2020-11-06 21:00:00,213.04851
2020-11-07 00:00:00,219.46115
2020-11-07 03:00:00,224.15176
2020-11-07 06:00:00,223.74261
2020-11-07 09:00:00,225.52519
2020-11-07 12:00:00,229.47176
2020-11-07 15:00:00,233.21965
2020-11-07 18:00:00,238.11658
2020-11-07 21:00:00,242.8369
2020-11-08 00:00:00,244.93031
2020-11-08 03:00:00,244.63264
2020-11-08 06:00:00,245.81297
2020-11-08 09:00:00,253.29759
2020-11-08 12:00:00,263.1167
2020-11-08 15:00:00,271.30774
2020-11-08 18:00:00,278.6032
2020-11-08 21:00:00,283.589
2020-11-09 00:00:00,286.9851
2020-11-09 03:00:00,289.5327
2020-11-09 06:00:00,291.62683
2020-11-09 09:00:00,293.537
2020-11-09 12:00:00,295.39276
2020-11-09 15:00:00,297.25812
2020-11-09 18:00:00,299.09515
2020-11-09 21:00:00,300.7351
2020-11-10 00:00:00,302.20264
2020-11-10 03:00:00,303.65753
2020-11-10 06:00:00,304.95703
2020-11-10 09:00:00,306.08765
2020-11-10 12:00:00,307.0418
2020-11-10 15:00:00,308.22284
2020-11-10 18:00:00,310.77478
2020-11-10 21:00:00,311.4702
2020-11-11 00:00:00,311.41772
2020-11-11 03:00:00,311.34845
2020-11-11 06:00:00,311.36218
2020-11-11 09:00:00,311.39362
2020-11-11 12:00:00,311.2588
2020-11-11 15:00:00,311.19092
2020-11-11 18:00:00,311.3017
2020-11-11 21:00:00,311.62988
2020-11-12 00:00:00,311.84302
2020-11-12 03:00:00,312.03925
2020-11-12 06:00:00,312.1292
2020-11-12 09:00:00,312.03406
2020-11-12 12:00:00,311.86005
2020-11-12 15:00:00,311.35394
2020-11-12 18:00:00,310.78345
2020-11-12 21:00:00,310.23438
2020-11-13 00:00:00,309.88135
2020-11-13 03:00:00,309.3673
2020-11-13 06:00:00,308.7041
2020-11-13 09:00:00,307.79724
2020-11-13 12:00:00,306.68042
2020-11-13 15:00:00,305.5962
2020-11-13 18:00:00,305.4654
2020-11-13 21:00:00,306.8095
2020-11-14 00:00:00,308.3377
2020-11-14 03:00:00,308.82257
2020-11-14 06:00:00,309.39606
2020-11-14 09:00:00,309.2188
2020-11-14 12:00:00,308.48627
2020-11-14 15:00:00,307.45935
2020-11-14 18:00:00,306.1548
2020-11-14 21:00:00,304.40295
2020-11-15 00:00:00,300.8495
2020-11-15 03:00:00,294.9889
2020-11-15 06:00:00,292.17688
2020-11-15 09:00:00,290.29956
2020-11-15 12:00:00,289.66907
2020-11-15 15:00:00,289.7036
2020-11-15 18:00:00,290.33667
2020-11-15 21:00:00,291.2926
2020-11-16 00:00:00,292.84583
2020-11-16 03:00:00,295.91907
2020-11-16 06:00:00,301.33582
2020-11-16 09:00:00,307.0628
2020-11-16 12:00:00,311.1173
2020-11-16 15:00:00,313.20386
2020-11-16 18:00:00,313.9449
2020-11-16 21:00:00,313.99408
2020-11-17 00:00:00,313.69025
2020-11-17 03:00:00,313.24286
2020-11-17 06:00:00,312.8011
2020-11-17 09:00:00,312.38586
2020-11-17 12:00:00,310.6759
2020-11-17 15:00:00,308.40125
2020-11-17 18:00:00,307.0349
2020-11-17 21:00:00,306.27002
2020-11-18 00:00:00,304.95483
2020-11-18 03:00:00,302.7942
2020-11-18 06:00:00,300.08936
2020-11-18 09:00:00,297.44043
2020-11-18 12:00:00,296.38647
2020-11-18 15:00:00,295.91467
2020-11-18 18:00:00,295.64868
2020-11-18 21:00:00,295.25696
2020-11-19 00:00:00,294.8379
2020-11-19 03:00:00,294.63818
2020-11-19 06:00:00,294.14203
2020-11-19 09:00:00,294.36816
2020-11-19 12:00:00,295.04114
2020-11-19 15:00:00,296.34393
2020-11-19 18:00:00,298.35254
2020-11-19 21:00:00,302.6293
2020-11-20 00:00:00,308.4974
2020-11-20 03:00:00,312.39917
2020-11-20 06:00:00,316.33316
2020-11-20 09:00:00,319.93893
2020-11-20 12:00:00,322.7992
2020-11-20 15:00:00,324.99362
2020-11-20 18:00:00,326.88315
2020-11-20 21:00:00,328.74933
2020-11-21 00:00:00,330.05383
2020-11-21 03:00:00,330.01807
2020-11-21 06:00:00,328.99515
2020-11-21 09:00:00,326.5495
2020-11-21 12:00:00,322.8369
2020-11-21 15:00:00,318.42395
2020-11-21 18:00:00,314.25293
2020-11-21 21:00:00,310.96887
2020-11-22 00:00:00,308.5553
2020-11-22 03:00:00,306.26697
2020-11-22 06:00:00,306.10376
2020-11-22 09:00:00,308.07996
2020-11-22 12:00:00,306.12085
2020-11-22 15:00:00,302.1803
2020-11-22 18:00:00,300.6878
2020-11-22 21:00:00,301.2597
2020-11-23 00:00:00,302.72754
2020-11-23 03:00:00,303.6758
2020-11-23 06:00:00,304.42725
2020-11-23 09:00:00,305.2279
2020-11-23 12:00:00,306.1338
2020-11-23 15:00:00,307.17322
2020-11-23 18:00:00,308.396
2020-11-23 21:00:00,309.61377
2020-11-24 00:00:00,310.54724
2020-11-24 03:00:00,311.32452
2020-11-24 06:00:00,311.77258
2020-11-24 09:00:00,311.92786
2020-11-24 12:00:00,311.88678
2020-11-24 15:00:00,311.26965
2020-11-24 18:00:00,310.06433
2020-11-24 21:00:00,306.1494
2020-11-25 00:00:00,286.28198
2020-11-25 03:00:00,283.51807
2020-11-25 06:00:00,282.30945
2020-11-25 09:00:00,290.5658
2020-11-25 12:00:00,299.7796
2020-11-25 15:00:00,301.1091
2020-11-25 18:00:00,300.104
2020-11-25 21:00:00,300.67987
2020-11-26 00:00:00,302.92603
2020-11-26 03:00:00,304.63654
2020-11-26 06:00:00,305.35413
2020-11-26 09:00:00,306.86102
2020-11-26 12:00:00,308.80505
2020-11-26 15:00:00,309.60873
2020-11-26 18:00:00,309.94446
2020-11-26 21:00:00,310.61755
2020-11-27 00:00:00,310.66492
2020-11-27 03:00:00,311.6209
2020-11-27 06:00:00,312.58844
2020-11-27 09:00:00,314.02405
2020-11-27 12:00:00,314.08618
2020-11-27 15:00:00,314.8152
2020-11-27 18:00:00,317.00827
2020-11-27 21:00:00,320.92102
2020-11-28 00:00:00,322.3443
2020-11-28 03:00:00,320.7627
2020-11-28 06:00:00,319.29883
2020-11-28 09:00:00,314.22083
2020-11-28 12:00:00,299.26294
2020-11-28 15:00:00,288.15808
2020-11-28 18:00:00,294.84338
2020-11-28 21:00:00,297.46375
2020-11-29 00:00:00,297.22888
2020-11-29 03:00:00,296.78906
2020-11-29 06:00:00,298.23047
2020-11-29 09:00:00,299.49512
2020-11-29 12:00:00,300.01
2020-11-29 15:00:00,300.62134
2020-11-29 18:00:00,303.35205
2020-11-29 21:00:00,304.53925
2020-11-30 00:00:00,305.03662
2020-11-30 03:00:00,305.51056
2020-11-30 06:00:00,305.6538
2020-11-30 09:00:00,303.439
2020-11-30 12:00:00,291.54193
2020-11-30 15:00:00,283.12195
2020-11-30 18:00:00,257.4967
2020-11-30 21:00:00,250.60193
2020-12-01 00:00:00,241.8135
2020-12-01 03:00:00,234.41591
2020-12-01 06:00:00,231.42244
2020-12-01 09:00:00,229.48676
2020-12-01 12:00:00,231.46396
2020-12-01 15:00:00,233.25551
2020-12-01 18:00:00,234.87357
2020-12-01 21:00:00,236.23807
2020-12-02 00:00:00,237.63287
2020-12-02 03:00:00,239.39854
2020-12-02 06:00:00,241.91666
2020-12-02 09:00:00,246.11476
2020-12-02 12:00:00,251.20535
2020-12-02 15:00:00,259.41577
2020-12-02 18:00:00,271.35962
2020-12-02 21:00:00,285.61743
2020-12-03 00:00:00,298.11185
2020-12-03 03:00:00,306.8208
2020-12-03 06:00:00,311.95422
2020-12-03 09:00:00,315.4225
2020-12-03 12:00:00,316.61133
2020-12-03 15:00:00,318.13306
2020-12-03 18:00:00,321.73438
2020-12-03 21:00:00,323.2522
2020-12-04 00:00:00,319.53577
2020-12-04 03:00:00,314.40308
2020-12-04 06:00:00,313.2564
2020-12-04 09:00:00,316.89856
2020-12-04 12:00:00,317.99835
2020-12-04 15:00:00,319.9348
2020-12-04 18:00:00,320.3692
2020-12-04 21:00:00,319.24548
2020-12-05 00:00:00,319.76105
2020-12-05 03:00:00,319.8294
2020-12-05 06:00:00,320.55084
2020-12-05 09:00:00,321.40222
2020-12-05 12:00:00,322.37982
2020-12-05 15:00:00,323.21857
2020-12-05 18:00:00,324.68
2020-12-05 21:00:00,326.65784
2020-12-06 00:00:00,327.60284
2020-12-06 03:00:00,328.19586
2020-12-06 06:00:00,328.34467
2020-12-06 09:00:00,328.60492
2020-12-06 12:00:00,328.2787
2020-12-06 15:00:00,327.82092
2020-12-06 18:00:00,326.79993
2020-12-06 21:00:00,325.24353
2020-12-07 00:00:00,322.65955
2020-12-07 03:00:00,318.87866
2020-12-07 06:00:00,314.58606
2020-12-07 09:00:00,314.60425
2020-12-07 12:00:00,314.51245
2020-12-07 15:00:00,314.2976
2020-12-07 18:00:00,314.15186
2020-12-07 21:00:00,313.18066
2020-12-08 00:00:00,312.51648
2020-12-08 03:00:00,311.53918
2020-12-08 06:00:00,313.86096
2020-12-08 09:00:00,317.73956
2020-12-08 12:00:00,321.5193
2020-12-08 15:00:00,323.87793
2020-12-08 18:00:00,325.16187
2020-12-08 21:00:00,325.542
2020-12-09 00:00:00,325.3064
2020-12-09 03:00:00,323.79736
2020-12-09 06:00:00,322.51917
2020-12-09 09:00:00,320.83704
2020-12-09 12:00:00,317.6504
2020-12-09 15:00:00,315.04736
2020-12-09 18:00:00,315.45947
2020-12-09 21:00:00,315.19727
2020-12-10 00:00:00,313.05933
2020-12-10 03:00:00,307.21655
2020-12-10 06:00:00,299.0879
2020-12-10 09:00:00,298.60437
2020-12-10 12:00:00,301.86145
2020-12-10 15:00:00,298.26807
2020-12-10 18:00:00,298.0033
2020-12-10 21:00:00,298.79688
2020-12-11 00:00:00,298.79712
2020-12-11 03:00:00,298.396
2020-12-11 06:00:00,299.0415
2020-12-11 09:00:00,299.19116
2020-12-11 12:00:00,298.943
2020-12-11 15:00:00,299.42224
2020-12-11 18:00:00,300.59167
2020-12-11 21:00:00,301.93872
2020-12-12 00:00:00,303.4698
2020-12-12 03:00:00,305.01752
2020-12-12 06:00:00,306.7588
2020-12-12 09:00:00,308.07996
2020-12-12 12:00:00,308.7356
2020-12-12 15:00:00,308.85352
2020-12-12 18:00:00,308.55695
2020-12-12 21:00:00,308.0053
2020-12-13 00:00:00,307.37537
2020-12-13 03:00:00,306.74414
2020-12-13 06:00:00,306.20593
2020-12-13 09:00:00,305.81305
2020-12-13 12:00:00,305.4959
2020-12-13 15:00:00,305.38312
2020-12-13 18:00:00,305.3772
2020-12-13 21:00:00,305.06934
2020-12-14 00:00:00,303.97736
2020-12-14 03:00:00,302.13513
2020-12-14 06:00:00,300.0537
2020-12-14 09:00:00,299.08624
2020-12-14 12:00:00,299.03693
2020-12-14 15:00:00,298.59033
2020-12-14 18:00:00,297.32635
2020-12-14 21:00:00,296.9621
2020-12-15 00:00:00,296.26984
2020-12-15 03:00:00,295.7094
2020-12-15 06:00:00,295.70734
2020-12-15 09:00:00,295.8305
2020-12-15 12:00:00,295.9101
2020-12-15 15:00:00,295.76538
2020-12-15 18:00:00,294.63892
2020-12-15 21:00:00,292.38013
2020-12-16 00:00:00,286.37598
2020-12-16 03:00:00,276.6582
2020-12-16 06:00:00,271.05933
2020-12-16 09:00:00,276.09747
2020-12-16 12:00:00,284.7522
2020-12-16 15:00:00,290.09216
2020-12-16 18:00:00,296.80182
2020-12-16 21:00:00,305.96472
2020-12-17 00:00:00,308.8966
2020-12-17 03:00:00,308.2975
2020-12-17 06:00:00,306.64307
2020-12-17 09:00:00,305.40808
2020-12-17 12:00:00,304.7743
2020-12-17 15:00:00,304.75623
2020-12-17 18:00:00,304.82788
2020-12-17 21:00:00,304.38696
2020-12-18 00:00:00,303.70715
2020-12-18 03:00:00,303.0133
2020-12-18 06:00:00,302.27234
2020-12-18 09:00:00,301.4005
2020-12-18 12:00:00,300.3285
2020-12-18 15:00:00,299.38892
2020-12-18 18:00:00,298.26477
2020-12-18 21:00:00,297.09155
2020-12-19 00:00:00,296.3966
2020-12-19 03:00:00,294.84436
2020-12-19 06:00:00,295.48242
2020-12-19 09:00:00,295.89316
2020-12-19 12:00:00,298.18964
2020-12-19 15:00:00,299.9008
2020-12-19 18:00:00,301.41357
2020-12-19 21:00:00,302.07715
2020-12-20 00:00:00,301.8152
2020-12-20 03:00:00,301.65686
2020-12-20 06:00:00,301.518
2020-12-20 09:00:00,301.37756
2020-12-20 12:00:00,301.29266
2020-12-20 15:00:00,301.2992
2020-12-20 18:00:00,301.4267
2020-12-20 21:00:00,301.61267
2020-12-21 00:00:00,301.80353
2020-12-21 03:00:00,302.01825
2020-12-21 06:00:00,302.26776
2020-12-21 09:00:00,302.6988
2020-12-21 12:00:00,303.32892
2020-12-21 15:00:00,303.85297
2020-12-21 18:00:00,304.29877
2020-12-21 21:00:00,304.7124
2020-12-22 00:00:00,304.93286
2020-12-22 03:00:00,304.77417
2020-12-22 06:00:00,304.2751
2020-12-22 09:00:00,303.24072
2020-12-22 12:00:00,301.5962
2020-12-22 15:00:00,299.3474
2020-12-22 18:00:00,296.98523
2020-12-22 21:00:00,294.9375
2020-12-23 00:00:00,293.26202
2020-12-23 03:00:00,292.04413
2020-12-23 06:00:00,291.3567
2020-12-23 09:00:00,291.21893
2020-12-23 12:00:00,291.86755
2020-12-23 15:00:00,293.42346
2020-12-23 18:00:00,295.7121
2020-12-23 21:00:00,298.39072
2020-12-24 00:00:00,301.3467
2020-12-24 03:00:00,306.73587
2020-12-24 06:00:00,313.01654
2020-12-24 09:00:00,318.79892
2020-12-24 12:00:00,322.4103
2020-12-24 15:00:00,324.49408
2020-12-24 18:00:00,327.59378
2020-12-24 21:00:00,330.128
2020-12-25 00:00:00,331.17853
2020-12-25 03:00:00,332.68936
2020-12-25 06:00:00,334.52148
2020-12-25 09:00:00,334.48444
2020-12-25 12:00:00,336.5708
2020-12-25 15:00:00,336.04712
2020-12-25 18:00:00,336.7356
2020-12-25 21:00:00,352.38507
2020-12-26 00:00:00,11.809759
2020-12-26 03:00:00,20.983383
2020-12-26 06:00:00,27.66101
2020-12-26 09:00:00,31.242477
2020-12-26 12:00:00,27.736069
2020-12-26 15:00:00,12.167347
2020-12-26 18:00:00,0.7062353
2020-12-26 21:00:00,356.2979
2020-12-27 00:00:00,345.62103
2020-12-27 03:00:00,335.3269
2020-12-27 06:00:00,326.5161
2020-12-27 09:00:00,321.77466
2020-12-27 12:00:00,319.5421
2020-12-27 15:00:00,318.64148
2020-12-27 18:00:00,317.32306
2020-12-27 21:00:00,316.04016
2020-12-28 00:00:00,312.07153
2020-12-28 03:00:00,311.31433
2020-12-28 06:00:00,313.60437
2020-12-28 09:00:00,319.96896
2020-12-28 12:00:00,325.0954
2020-12-28 15:00:00,326.7959
2020-12-28 18:00:00,327.5174
2020-12-28 21:00:00,327.8531
2020-12-29 00:00:00,327.97803
2020-12-29 03:00:00,327.75842
2020-12-29 06:00:00,327.2896
2020-12-29 09:00:00,327.00153
2020-12-29 12:00:00,327.0656
2020-12-29 15:00:00,327.4309
2020-12-29 18:00:00,328.00818
2020-12-29 21:00:00,328.9383
2020-12-30 00:00:00,329.45953
2020-12-30 03:00:00,329.59216
2020-12-30 06:00:00,329.95844
2020-12-30 09:00:00,330.5244
2020-12-30 12:00:00,330.91846
2020-12-30 15:00:00,331.37585
2020-12-30 18:00:00,331.95374
2020-12-30 21:00:00,332.80133
2020-12-31 00:00:00,332.88226
2020-12-31 03:00:00,332.5255
2020-12-31 06:00:00,331.99274
2020-12-31 09:00:00,330.95325
2020-12-31 12:00:00,328.22266
2020-12-31 15:00:00,322.69092
2020-12-31 18:00:00,318.73315
2020-12-31 21:00:00,318.54492
